"Access the Ice Mountain western scramble ~|shortcut|~","Agility","","","","","ManualTask"
"Participate in ~|Underwater Agility and Thieving|~ for Agility xp","Agility","","","","","ManualTask"
"Participate in ~|Trouble Brewing|~ for Agility xp","Agility","","","","","ManualTask"
"Access the Nemus Retreat wall climb ~|shortcut|~","Agility","","","","","ManualTask"
"Access the cave to the Stalker Den ~|shortcut|~","Agility","","","","","ManualTask"
"Access the Chasm of Fire gap ~|shortcut|~","Agility","","","","","ManualTask"
"Access the Chasm of Fire chain ~|shortcut|~","Agility","","","","","ManualTask"
"Access the Ralos' Rise rock climb ~|shortcut|~","Agility","","","","","ManualTask"
"Access the Aldarin rock climb ~|shortcut|~","Agility","","","","","ManualTask"
"Access the Tlati Rainforest rock climb ~|shortcut|~","Agility","","","","","ManualTask"
"Access The Darkfrost rock climb ~|shortcut|~","Agility","","","","","ManualTask"
"Access The Proudspire lower rock climb ~|shortcut|~","Agility","","","","","ManualTask"
"Access The Proudspire upper rock climb ~|shortcut|~","Agility","","","","","ManualTask"
"Access the Nemus Retreat rock climb ~|shortcut|~","Agility","","","","","ManualTask"
"Operate the pedals at the ~|Blast Furnace|~","Agility","","","","","ManualTask"
"Climb the ~|winch|~ at the digsite","Agility","","","","","ManualTask"
"Access the climbing boots rocks ~|shortcut|~","Agility","","","","","ManualTask"
"Access the Shaman Caves crevice ~|shortcut|~","Agility","","","","","ManualTask"
"Access the Waterbirth Island rocks ~|shortcut|~","Agility","","","","","ManualTask"
"Access the Crandor rocks ~|shortcut|~","Agility","","","","","ManualTask"
"Access the Asgarnian Ice Dungeon tunnel ~|shortcut|~","Agility","","","","","ManualTask"
"Access the Waterbirth Island Dungeon crevice ~|shortcut|~","Agility","","","","","ManualTask"
"Access the Shilo Village rocks ~|shortcut|~","Agility","","","","","ManualTask"
"Access the Wilderness Slayer Cave crevice ~|shortcut|~","Agility","","","","","ManualTask"
"Access the Wilderness Chaos Temple stepping stone ~|shortcut|~","Agility","","","","","ManualTask"
"Access the Stalker Den stepping stone ~|shortcut|~","Agility","","","","","ManualTask"
"Access the Nemus Retreat stepping stone ~|shortcut|~","Agility","","","","","ManualTask"
"Access the Tonali Cavern stepping stone ~|shortcut|~","Agility","","","","","ManualTask"
"Access the Nemus Retreat tunnel ~|shortcut|~","Agility","","","","","ManualTask"
"Access the Barrows dry stone wall ~|shortcut|~","Agility","","","","","ManualTask"
"Access the Pollnivneach stepping stone ~|shortcut|~","Agility","","","","","ManualTask"
"Access the Taverley tree patch climbing rocks ~|shortcut|~","Agility","","","","","ManualTask"
"Access the Lumbridge Swamp Caves stepping stones ~|shortcut|~","Agility","","","","","ManualTask"
"Access the (mith grapple) Karamja volcano ~|shortcut|~","Agility","","","","","ManualTask"
"Access the (mith grapple) escape from the Water Obelisk Island ~|shortcut|~","Agility","","","","","ManualTask"
"Access the (mith grapple) over the River Lum to Al Kharid ~|shortcut|~","Agility","","","","","ManualTask"
"Access the (mith grapple) scale Catherby cliffside ~|shortcut|~","Agility","","","","","ManualTask"
"Access the jump down from Falador Wall ~|shortcut|~","Agility","","","","","ManualTask"
"Access the (mith grapple) scale Falador Wall ~|shortcut|~","Agility","","","","","ManualTask"
"Access the (mith grapple) scale Yanille wall ~|shortcut|~","Agility","","","","","ManualTask"
"Access the (mith grapple) scale the Observatory cliff ~|shortcut|~","Agility","","","","","ManualTask"
"Access the Al Kharid Palace southern window ~|shortcut|~","Agility","","","","","ManualTask"
"Access the Al Kharid mining pit cliffside scramble ~|shortcut|~","Agility","","","","","ManualTask"
"Access the Arandar advanced cliffside scramble ~|shortcut|~","Agility","","","","","ManualTask"
"Access the Arandar easy cliffside scramble ~|shortcut|~","Agility","","","","","ManualTask"
"Access the Arandar medium cliffside scramble ~|shortcut|~","Agility","","","","","ManualTask"
"Access the Arceuus essence mine boulder leap ~|shortcut|~","Agility","","","","","ManualTask"
"Access the Arceuus essence mine eastern scramble ~|shortcut|~","Agility","","","","","ManualTask"
"Access the Arceuus essence mine northern scramble ~|shortcut|~","Agility","","","","","ManualTask"
"Access the Arceuus essence mine western descent ~|shortcut|~","Agility","","","","","ManualTask"
"Access the Ardougne log balance ~|shortcut|~","Agility","","","","","ManualTask"
"Access the Tlati Rainforest log balance ~|shortcut|~","Agility","","","","","ManualTask"
"Access the Auburn Valley log balance ~|shortcut|~","Agility","","","","","ManualTask"
"Access the Tonali Cavern log balance ~|shortcut|~","Agility","","","","","ManualTask"
"Access the Asgarnian Ice Dungeon frozen throne tunnel ~|shortcut|~","Agility","","","","","ManualTask"
"Access the Asgarnian Ice Dungeon wyvern-tunnel ~|shortcut|~","Agility","","","","","ManualTask"
"Access the Brimhaven Dungeon eastern stepping stones ~|shortcut|~","Agility","","","","","ManualTask"
"Access the Brimhaven Dungeon vine to baby green dragons ~|shortcut|~","Agility","","","","","ManualTask"
"Access the Brimhaven Dungeon pipe to moss giants ~|shortcut|~","Agility","","","","","ManualTask"
"Access the Cairn Isle rock slide climb ~|shortcut|~","Agility","","","","","ManualTask"
"Access the Aldarin house window ~|shortcut|~","Agility","","","","","ManualTask"
"Access the Coal Trucks log balance ~|shortcut|~","Agility","","","","","ManualTask"
"Access the Corsair Cove Dungeon ~|shortcut|~","Agility","","","","","ManualTask"
"Access the Corsair Cove ~|shortcut|~","Agility","","","","","ManualTask"
"Access the Mountain Camp boulder ~|shortcut|~","Agility","","","","","ManualTask"
"Access the Cosmic Temple medium narrow walkway ~|shortcut|~","Agility","","","","","ManualTask"
"Access the Cosmic altar advanced narrow walkway ~|shortcut|~","Agility","","","","","ManualTask"
"Access the Darkmeyer north-eastern wall ~|shortcut|~","Agility","","","","","ManualTask"
"Access the Deep Wilderness Dungeon narrow ~|shortcut|~","Agility","","","","","ManualTask"
"Access the Draynor Manor stones to Champions' Guild ~|shortcut|~","Agility","","","","","ManualTask"
"Access the Draynor narrow tunnel ~|shortcut|~","Agility","","","","","ManualTask"
"Access the Dwarven Mine narrow crevice ~|shortcut|~","Agility","","","","","ManualTask"
"Access the Burg de Rot fence ~|shortcut|~","Agility","","","","","ManualTask"
"Access the Eagles' Peak Agility ~|shortcut|~","Agility","","","","","ManualTask"
"Access the Falador tunnel ~|shortcut|~","Agility","","","","","ManualTask"
"Access the Falador wall ~|shortcut|~","Agility","","","","","ManualTask"
"Access the Forthos Dungeon jump ~|shortcut|~","Agility","","","","","ManualTask"
"Access the Fossil Island hardwood ~|shortcut|~","Agility","","","","","ManualTask"
"Access the Fremennik Slayer Dungeon chasm jump ~|shortcut|~","Agility","","","","","ManualTask"
"Access the Fremennik Slayer Dungeon narrow crevice ~|shortcut|~","Agility","","","","","ManualTask"
"Access the Gnome Stronghold ~|shortcut|~","Agility","","","","","ManualTask"
"Access the Grand Exchange Agility ~|shortcut|~","Agility","","","","","ManualTask"
"Access the Heroes' Guild tunnel ~|shortcut|~","Agility","","","","","ManualTask"
"Access the Iorwerth Dungeon northern ~|shortcut|~","Agility","","","","","ManualTask"
"Access the Iorwerth Dungeon southern ~|shortcut|~","Agility","","","","","ManualTask"
"Access the Kalphite Lair wall ~|shortcut|~","Agility","","","","","ManualTask"
"Access the Karuulm Slayer Dungeon ~|shortcut|~","Agility","","","","","ManualTask"
"Access the Kharazi Jungle vine climb ~|shortcut|~","Agility","","","","","ManualTask"
"Access the Kourend lake isle jump ~|shortcut|~","Agility","","","","","ManualTask"
"Access the Kourend river jump ~|shortcut|~","Agility","","","","","ManualTask"
"Access the Lava Dragon Isle jump ~|shortcut|~","Agility","","","","","ManualTask"
"Access the Lava Maze northern jump ~|shortcut|~","Agility","","","","","ManualTask"
"Access the Lighthouse basalt rocks ~|shortcut|~","Agility","","","","","ManualTask"
"Access the Lumbridge Swamp to Kharidian Desert ~|shortcut|~","Agility","","","","","ManualTask"
"Access the Meiyerditch Laboratory tunnels ~|shortcut|~","Agility","","","","","ManualTask"
"Access the Meiyerditch Laboratories advanced ~|shortcut|~","Agility","","","","","ManualTask"
"Access the Motherlode Mine eastern wall ~|shortcut|~","Agility","","","","","ManualTask"
"Access the Motherlode Mine southern wall ~|shortcut|~","Agility","","","","","ManualTask"
"Access the Nature Spirit swampy bridge ~|shortcut|~","Agility","","","","","ManualTask"
"Access the Port Phasmatys Ectopool ~|shortcut|~","Agility","","","","","ManualTask"
"Access the Rellekka east fence ~|shortcut|~","Agility","","","","","ManualTask"
"Access the Revenant Caves jump (easy) ~|shortcut|~","Agility","","","","","ManualTask"
"Access the Revenant Caves jump (hard) ~|shortcut|~","Agility","","","","","ManualTask"
"Access the Revenant Caves jump (medium) ~|shortcut|~","Agility","","","","","ManualTask"
"Access the ~|Rogues' Den|~ minigame","Agility","","","","","ManualTask"
"Access the Shilo Village stepping stones over the river ~|shortcut|~","Agility","","","","","ManualTask"
"Access the stepping stones ~|shortcut|~ east of Shilo Village","Agility","","","","","ManualTask"
"Access the Slayer Tower advanced spiked chain climb ~|shortcut|~","Agility","","","","","ManualTask"
"Access the Slayer Tower medium spiked chain climb ~|shortcut|~","Agility","","","","","ManualTask"
"Access the Stronghold Slayer Cave narrow tunnel ~|shortcut|~","Agility","","","","","ManualTask"
"Access the Taverley Dungeon lesser demon fence ~|shortcut|~","Agility","","","","","ManualTask"
"Access the Taverley Dungeon pipe squeeze to Blue dragon lair ~|shortcut|~","Agility","","","","","ManualTask"
"Access the Taverley Dungeon spiked blades jump ~|shortcut|~","Agility","","","","","ManualTask"
"Access the Temple on the Salve to Morytania ~|shortcut|~","Agility","","","","","ManualTask"
"Access the west Tirannwn log balance ~|shortcut|~","Agility","","","","","ManualTask"
"Access the east Tirannwn log balance ~|shortcut|~","Agility","","","","","ManualTask"
"Access the Troll Stronghold wall-climb ~|shortcut|~","Agility","","","","","ManualTask"
"Access the Trollheim Wilderness Route ~|shortcut|~","Agility","","","","","ManualTask"
"Access the Trollheim advanced scramble ~|shortcut|~","Agility","","","","","ManualTask"
"Access the Trollheim easy cliffside scramble ~|shortcut|~","Agility","","","","","ManualTask"
"Access the Trollheim hard cliffside scramble ~|shortcut|~","Agility","","","","","ManualTask"
"Access the Trollheim medium cliffside scramble ~|shortcut|~","Agility","","","","","ManualTask"
"Access the Upper Mount Karuulm cliffside climb ~|shortcut|~","Agility","","","","","ManualTask"
"Access the stepping stones in the Necropolis ~|shortcut|~","Agility","","","","","ManualTask"
"Access the Rellekka Hunter area rocky handholds ~|shortcut|~","Agility","","","","","ManualTask"
"Access the Varrock Palace Garden trellis ~|shortcut|~","Agility","","","","","ManualTask"
"Access the Varrock south fence jump ~|shortcut|~","Agility","","","","","ManualTask"
"Access the Viyeldi caves ~|shortcut|~","Agility","","","","","ManualTask"
"Access the Watchtower trellis ~|shortcut|~","Agility","","","","","ManualTask"
"Access the Wilderness from God Wars Dungeon area climb ~|shortcut|~","Agility","","","","","ManualTask"
"Access the Yanille Agility Dungeon balance ledge ~|shortcut|~","Agility","","","","","ManualTask"
"Access the Yanille Agility Dungeon's rubble climb ~|shortcut|~","Agility","","","","","ManualTask"
"Access the Yanille Agility ~|shortcut|~","Agility","","","","","ManualTask"
"Access the Yanille climbing rocks ~|shortcut|~","Agility","","","","","ManualTask"
"Access the advanced pipe contortion in Brimhaven Dungeon ~|shortcut|~","Agility","","","","","ManualTask"
"Access the beginner stepping stones in Brimhaven Dungeon ~|shortcut|~","Agility","","","","","ManualTask"
"Access the broken Lighthouse bridge ~|shortcut|~","Agility","","","","","ManualTask"
"Access the contortion in Yanille Agility Dungeon small room ~|shortcut|~","Agility","","","","","ManualTask"
"Access the eastern Gu'Tanoth ~|shortcut|~","Agility","","","","","ManualTask"
"Access the estuary crossing on Mos Le'Harmless ~|shortcut|~","Agility","","","","","ManualTask"
"Access the fifth floor of the ~|Hallowed Sepulchre|~","Agility","","","","","ManualTask"
"Access the first floor of the ~|Hallowed Sepulchre|~","Agility","","","","","ManualTask"
"Access the fourth floor of the ~|Hallowed Sepulchre|~","Agility","","","","","ManualTask"
"Access the high-level obstacles at the ~|Brimhaven Agility Arena|~","Agility","","","","","ManualTask"
"Access the island crossing near Zul-Andra ~|shortcut|~","Agility","","","","","ManualTask"
"Access the log balance to Fremennik Province ~|shortcut|~","Agility","","","","","ManualTask"
"Access the low-level obstacles at the ~|Brimhaven Agility Arena|~","Agility","","","","","ManualTask"
"Access the lower Mount Karuulm cliffside climb ~|shortcut|~","Agility","","","","","ManualTask"
"Access the medium-level obstacles at the ~|Brimhaven Agility Arena|~","Agility","","","","","ManualTask"
"Access the monkey bars under Edgeville ~|shortcut|~","Agility","","","","","ManualTask"
"Access the monkey bars under Yanille ~|shortcut|~","Agility","","","","","ManualTask"
"Access the reverse advanced pipe contortion in Brimhaven Dungeon ~|shortcut|~","Agility","","","","","ManualTask"
"Access the reverse red dragon log balance in Brimhaven Dungeon ~|shortcut|~","Agility","","","","","ManualTask"
"Access the reverse beginner stepping stones in Brimhaven Dungeon ~|shortcut|~","Agility","","","","","ManualTask"
"Access the reverse Brimhaven Dungeon pipe to moss giants ~|shortcut|~","Agility","","","","","ManualTask"
"Access the north-west corner of the Catacombs of Kourend ~|shortcut|~","Agility","","","","","ManualTask"
"Access the pillars in the Wintertodt's Prison ~|shortcut|~","Agility","","","","","ManualTask"
"Access the pillar jump in Tonali Cavern ~|shortcut|~","Agility","","","","","ManualTask"
"Access the pipe from Edgeville Dungeon to Varrock Sewers ~|shortcut|~","Agility","","","","","ManualTask"
"Access the red dragon log balance in Brimhaven Dungeon ~|shortcut|~","Agility","","","","","ManualTask"
"Access the rock climb in the Temple of the Eye ~|shortcut|~","Agility","","","","","ManualTask"
"Access the rocks in the Corsair Cove Resource Area ~|shortcut|~","Agility","","","","","ManualTask"
"Access the rope descent to ~|Saradomin's Encampment|~","Agility","","","","","ManualTask"
"Access the rope swing to Moss Giant Island ~|shortcut|~","Agility","","","","","ManualTask"
"Access the rope to the Fossil Island Volcano ~|shortcut|~","Agility","","","","","ManualTask"
"Access the scale Goblin Village wall ~|shortcut|~","Agility","","","","","ManualTask"
"Access the second floor of the ~|Hallowed Sepulchre|~","Agility","","","","","ManualTask"
"Access the squeeze through to God Wars Dungeon surface access ~|shortcut|~","Agility","","","","","ManualTask"
"Access the squeeze through to Wilderness God Wars Dungeon ~|shortcut|~","Agility","","","","","ManualTask"
"Access the stepping stone by Miscellania docks ~|shortcut|~","Agility","","","","","ManualTask"
"Access the stepping stone into Morytania west of the Nature Grotto ~|shortcut|~","Agility","","","","","ManualTask"
"Access the third floor of the ~|Hallowed Sepulchre|~","Agility","","","","","ManualTask"
"Access the ~|Agility Pyramid Course|~","Agility","","","","","ManualTask"
"Access the ~|Al Kharid Rooftop Course|~","Agility","","","","","ManualTask"
"Access the ~|Ape Atoll Agility Course|~","Agility","","","","","ManualTask"
"Access the ~|Ardougne Rooftop Course|~","Agility","","","","","ManualTask"
"Access the ~|Barbarian Outpost Agility Course|~","Agility","","","","","ManualTask"
"Access the ~|Canafis Rooftop Course|~","Agility","","","","","ManualTask"
"Access the ~|Dorgesh-Kaan Agility Course|~","Agility","","","","","ManualTask"
"Access the ~|Dorgesh-Kaan Agility Course|~ (grapple route)","Agility","","","","","ManualTask"
"Access the ~|Draynor Village Rooftop Course|~","Agility","","","","","ManualTask"
"Access the ~|Falador Rooftop Course|~","Agility","","","","","ManualTask"
"Access the ~|Gnome Stronghold Agility Course|~","Agility","","","","","ManualTask"
"Access the ~|Penguin Agility Course|~","Agility","","","","","ManualTask"
"Access the ~|Pollnivneach Rooftop Course|~","Agility","","","","","ManualTask"
"Access the ~|Rellekka Rooftop Course|~","Agility","","","","","ManualTask"
"Access the ~|Seers' Village Rooftop Course|~","Agility","","","","","ManualTask"
"Access the ~|Colossal Wyrm Basic Course|~","Agility","","","","","ManualTask"
"Access the ~|Colossal Wyrm Advanced Course|~","Agility","","","","","ManualTask"
"Access the ~|Shayzien Basic Course|~","Agility","","","","","ManualTask"
"Access the ~|Shayzien Advanced Course|~","Agility","","","","","ManualTask"
"Access the ~|Varrock Rooftop Course|~","Agility","","","","","ManualTask"
"Access the ~|Werewolf Agility Course|~","Agility","","","","","ManualTask"
"Access the ~|Wilderness Agility Course|~","Agility","","","","","ManualTask"
"Run the ~|Wilderness Agility Course|~ with the agility dispenser","Agility","","","","","ManualTask"
"Trade in a ~|wilderness agility ticket|~ for xp","Agility","","","","","ManualTask"
"Buy the ~|Agility cape|~","Agility","","","","","ManualTask"
"Climb over the ~|tree stump (Mac)|~","Agility","","","","","ManualTask"
"Catch a ~|leaping salmon|~","Agility","","","","","ManualTask"
"Catch a ~|leaping sturgeon|~","Agility","","","","","ManualTask"
"Catch a ~|leaping trout|~","Agility","","","","","ManualTask"
"Play ~|Gnome Ball|~","Agility","","","","","ManualTask"
"Play ~|Werewolf Skullball|~","Agility","","","","","ManualTask"
"Wear ~|crystal armour|~","Agility","","","","","ManualTask"
"Wield a ~|bow of faerdhinen|~","Agility","","","","","ManualTask"
"Wield a ~|crystal bow|~","Agility","","","","","ManualTask"
"Wield a ~|crystal halberd|~","Agility","","","","","ManualTask"
"Wield a ~|crystal shield|~","Agility","","","","","ManualTask"
"Catch a ~|toy mouse|~","Agility","","","","","ManualTask"
"Buy the ~|Attack cape|~","Attack","","","","","ManualTask"
"Complete ~|Keldagrim tasks|~ for Attack xp","Attack","","","","","ManualTask"
"Wear ~|Void Knight equipment|~","Attack","","","","","ManualTask"
"Wield a ~|noxious halberd|~","Attack","","","","","ManualTask"
"Wield the ~|purging staff|~","Attack","","","","","ManualTask"
"Wield a ~|blue moon spear|~","Attack","","","","","ManualTask"
"Wield ~|dual macuahuitl|~","Attack","","","","","ManualTask"
"Wield an ~|eclipse atlatl|~","Attack","","","","","ManualTask"
"Wield ~|sulphur blades|~","Attack","","","","","ManualTask"
"Wield ~|glacial temotli|~","Attack","","","","","ManualTask"
"Wield ~|earthbound tecpatl|~","Attack","","","","","ManualTask"
"Wield a ~|zombie axe|~","Attack","","","","","ManualTask"
"Wield a ~|soulreaper axe|~","Attack","","","","","ManualTask"
"Wield an ~|ancient sceptre|~","Attack","","","","","ManualTask"
"Wield an ~|ancient sceptre|~ with a quartz upgrade","Attack","","","","","ManualTask"
"Wield a ~|vesta's spear (bh)|~","Attack","","","","","ManualTask"
"Wield a ~|vesta's longsword (bh)|~","Attack","","","","","ManualTask"
"Wield a ~|zuriel's staff (bh)|~","Attack","","","","","ManualTask"
"Wield a pair of ~|ferocious gloves|~","Attack","","","","","ManualTask"
"Wield a ~|Bryophyta's staff|~","Attack","","","","","ManualTask"
"Wield a ~|bone mace|~","Attack","","","","","ManualTask"
"Wield a ~|Dharok's greataxe|~","Attack","","","","","ManualTask"
"Wield a ~|Dinh's bulwark|~","Attack","","","","","ManualTask"
"Wield a ~|Fremennik blade|~","Attack","","","","","ManualTask"
"Wield a ~|Gadderhammer|~","Attack","","","","","ManualTask"
"Wield a ~|Ghrazi rapier|~","Attack","","","","","ManualTask"
"Wield a ~|rapier|~","Attack","","","","","ManualTask"
"Wield a ~|Guthan's warspear|~","Attack","","","","","ManualTask"
"Wield a ~|Mjolnir|~","Attack","","","","","ManualTask"
"Wield a ~|Sarachnis cudgel|~","Attack","","","","","ManualTask"
"Wield a ~|Saradomin sword|~","Attack","","","","","ManualTask"
"Wield a ~|Saradomin's blessed sword|~","Attack","","","","","ManualTask"
"Wield a ~|scythe of vitur|~","Attack","","","","","ManualTask"
"Wield a ~|Verac's flail|~","Attack","","","","","ManualTask"
"Wield a ~|Zamorakian spear|~","Attack","","","","","ManualTask"
"Wield a ~|barrelchest anchor|~","Attack","","","","","ManualTask"
"Wield a ~|barronite mace|~","Attack","","","","","ManualTask"
"Wield a ~|battlestaff|~ variation","Attack","","","","","ManualTask"
"Wield a ~|black defender|~","Attack","","","","","ManualTask"
"Wield a ~|black halberd|~","Attack","","","","","ManualTask"
"Wield a ~|black salamander|~","Attack","","","","","ManualTask"
"Wield a ~|tecu salamander|~","Attack","","","","","ManualTask"
"Wield a ~|black weapon|~","Attack","","","","","ManualTask"
"Wield a ~|blade of saeldor|~","Attack","","","","","ManualTask"
"Wield a ~|blurite sword|~","Attack","","","","","ManualTask"
"Wield a ~|bone weapon|~","Attack","","","","","ManualTask"
"Wield a ~|brine sabre|~","Attack","","","","","ManualTask"
"Wield a ~|bronze defender|~","Attack","","","","","ManualTask"
"Wield a ~|bronze halberd|~","Attack","","","","","ManualTask"
"Wield a ~|bronze weapon|~","Attack","","","","","ManualTask"
"Wield a ~|dark dagger|~","Attack","","","","","ManualTask"
"Wield a ~|decorative sword (gold)|~","Attack","","","","","ManualTask"
"Wield a ~|decorative sword (red)|~","Attack","","","","","ManualTask"
"Wield a ~|decorative sword (white)|~","Attack","","","","","ManualTask"
"Wield a ~|dragon halberd|~","Attack","","","","","ManualTask"
"Wield a ~|dragon hunter lance|~","Attack","","","","","ManualTask"
"Wield a ~|dragon weapon|~","Attack","","","","","ManualTask"
"Wield ~|burning claws|~","Attack","","","","","ManualTask"
"Wield ~|Emberlight|~","Attack","","","","","ManualTask"
"Wield a ~|granite weapon|~","Attack","","","","","ManualTask"
"Wield a ~|hill giant club|~","Attack","","","","","ManualTask"
"Wield a ~|keris partisan|~","Attack","","","","","ManualTask"
"Wield a ~|keris partisan of breaching|~","Attack","","","","","ManualTask"
"Wield a ~|keris partisan of corruption|~","Attack","","","","","ManualTask"
"Wield a ~|keris partisan of the sun|~","Attack","","","","","ManualTask"
"Wield a ~|keris partisan of amascut|~","Attack","","","","","ManualTask"
"Wield an ~|osmumten's fang|~","Attack","","","","","ManualTask"
"Wield a ~|colossal blade|~","Attack","","","","","ManualTask"
"Wield a ~|leaf-bladed battleaxe|~","Attack","","","","","ManualTask"
"Wield a ~|leaf-bladed spear|~","Attack","","","","","ManualTask"
"Wield a ~|leaf-bladed sword|~","Attack","","","","","ManualTask"
"Wield a ~|mithril defender|~","Attack","","","","","ManualTask"
"Wield a ~|mithril halberd|~","Attack","","","","","ManualTask"
"Wield a ~|mithril weapon|~","Attack","","","","","ManualTask"
"Wield a ~|mystic staff|~ variation","Attack","","","","","ManualTask"
"Wield a ~|pharaoh's sceptre|~","Attack","","","","","ManualTask"
"Wield a ~|red salamander|~","Attack","","","","","ManualTask"
"Wield a ~|rune defender|~","Attack","","","","","ManualTask"
"Wield a ~|rune halberd|~","Attack","","","","","ManualTask"
"Wield a ~|rune weapon|~","Attack","","","","","ManualTask"
"Wield a ~|shadow sword|~","Attack","","","","","ManualTask"
"Wield a ~|staff of the dead|~","Attack","","","","","ManualTask"
"Wield a ~|steel defender|~","Attack","","","","","ManualTask"
"Wield a ~|steel halberd|~","Attack","","","","","ManualTask"
"Wield a ~|steel weapon|~","Attack","","","","","ManualTask"
"Wield a ~|swamp lizard|~","Attack","","","","","ManualTask"
"Wield a ~|toktz-mej-tal|~","Attack","","","","","ManualTask"
"Wield a ~|toktz-xil-ak|~","Attack","","","","","ManualTask"
"Wield a ~|toktz-xil-ek|~","Attack","","","","","ManualTask"
"Wield a ~|tzhaar-ket-em|~","Attack","","","","","ManualTask"
"Wield a ~|vesta's blighted longsword|~","Attack","","","","","ManualTask"
"Wield a ~|voidwaker|~","Attack","","","","","ManualTask"
"Wield a ~|viggora's chainmace|~","Attack","","","","","ManualTask"
"Wield an ~|ursine chainmace|~","Attack","","","","","ManualTask"
"Wield a ~|white halberd|~","Attack","","","","","ManualTask"
"Wield a ~|white weapon|~","Attack","","","","","ManualTask"
"Wield an ~|Avernic defender|~","Attack","","","","","ManualTask"
"Wield an ~|Iban's staff|~","Attack","","","","","ManualTask"
"Wield an ~|Inquisitor's mace|~","Attack","","","","","ManualTask"
"Wield an ~|Ivandis flail|~","Attack","","","","","ManualTask"
"Wield an ~|abyssal bludgeon|~","Attack","","","","","ManualTask"
"Wield an ~|abyssal dagger|~","Attack","","","","","ManualTask"
"Wield an ~|abyssal tentacle|~","Attack","","","","","ManualTask"
"Wield an ~|abyssal whip|~","Attack","","","","","ManualTask"
"Wield an ~|adamant defender|~","Attack","","","","","ManualTask"
"Wield an ~|adamant halberd|~","Attack","","","","","ManualTask"
"Wield an ~|adamant weapon|~","Attack","","","","","ManualTask"
"Wield an ~|Ahrim's staff|~","Attack","","","","","ManualTask"
"Wield an ~|ancient mace|~","Attack","","","","","ManualTask"
"Wield an ~|ancient staff|~","Attack","","","","","ManualTask"
"Wield an ~|elder maul|~","Attack","","","","","ManualTask"
"Wield an ~|iron defender|~","Attack","","","","","ManualTask"
"Wield an ~|iron halberd|~","Attack","","","","","ManualTask"
"Wield an ~|iron weapon|~","Attack","","","","","ManualTask"
"Wield an ~|orange salamander|~","Attack","","","","","ManualTask"
"Wield any ~|godsword|~","Attack","","","","","ManualTask"
"Wield ~|Darklight|~","Attack","","","","","ManualTask"
"Wield ~|Silverlight|~","Attack","","","","","ManualTask"
"Wield ~|Torag's hammers|~","Attack","","","","","ManualTask"
"Wield ~|arclight|~","Attack","","","","","ManualTask"
"Wield ~|excalibur|~","Attack","","","","","ManualTask"
"Wield ~|keris|~","Attack","","","","","ManualTask"
"Wield ~|wolfbane|~","Attack","","","","","ManualTask"
"Access the novice lander for ~|Pest Control|~","Combat","","","","","ManualTask"
"Access the intermediate lander for ~|Pest Control|~","Combat","","","","","ManualTask"
"Access the veteran lander for ~|Pest Control|~","Combat","","","","","ManualTask"
"Receive a Slayer assignment from ~|Chaeldar|~ in Zanaris","Combat","","","","","ManualTask"
"Receive a Slayer assignment from ~|Duradel|~ in Shilo Village","Combat","","","","","ManualTask"
"Receive a Slayer assignment from ~|Konar quo Maten|~ in Mount Karuulm","Combat","","","","","ManualTask"
"Receive a Slayer assignment from ~|Krystilia|~ in Edgeville","Combat","","","","","ManualTask"
"Receive a Slayer assignment from ~|Mazchna|~ in Canifis","Combat","","","","","ManualTask"
"Receive a Slayer assignment from ~|Nieve|~ in Tree Gnome Stronghold","Combat","","","","","ManualTask"
"Receive a Slayer assignment from ~|Spria|~ in Draynor Village","Combat","","","","","ManualTask"
"Receive a Slayer assignment from ~|Turael|~ in Burthorpe","Combat","","","","","ManualTask"
"Receive a Slayer assignment from ~|Vannaka|~ in Edgeville Dungeon","Combat","","","","","ManualTask"
"Build a beginner ~|STASH|~ unit","Construction","","","","","ManualTask"
"Build a hard ~|STASH|~ unit","Construction","","","","","ManualTask"
"Build a master ~|STASH|~ unit","Construction","","","","","ManualTask"
"Build a medium ~|STASH|~ unit","Construction","","","","","ManualTask"
"Repair a crane at ~|Port Piscarilius|~","Construction","","","","","ManualTask"
"Build the ~|potter's wheel|~ on the Isle of Souls","Construction","","","","","ManualTask"
"Build the ~|spinning wheel|~ on the Isle of Souls","Construction","","","","","ManualTask"
"Build the ~|bank chest|~ on Fossil Island","Construction","","","","","ManualTask"
"Build the ~|cleaning bench|~ on Fossil Island","Construction","","","","","ManualTask"
"Build the ~|well|~ on Fossil Island","Construction","","","","","ManualTask"
"Build the ~|cooking pot|~ on Fossil Island","Construction","","","","","ManualTask"
"Build the ~|spinning wheel|~ on Fossil Island","Construction","","","","","ManualTask"
"Build the ~|loom|~ on Fossil Island","Construction","","","","","ManualTask"
"Build a ~|4-poster|~","Construction","","","","","ManualTask"
"Build a ~|Fire of Dehumidification|~","Construction","","","","","ManualTask"
"Build a ~|Fire of Eternal Light|~","Construction","","","","","ManualTask"
"Build a ~|Fire of Nourishment|~","Construction","","","","","ManualTask"
"Build a ~|Fire of Unseasonal Warmth|~","Construction","","","","","ManualTask"
"Build a ~|parlour|~","Construction","","","","","ManualTask"
"Build a ~|garden|~","Construction","","","","","ManualTask"
"Build a ~|kitchen|~","Construction","","","","","ManualTask"
"Build a ~|dining room|~","Construction","","","","","ManualTask"
"Build a ~|workshop|~","Construction","","","","","ManualTask"
"Build a ~|bedroom|~","Construction","","","","","ManualTask"
"Build a ~|hall (skill trophies)|~","Construction","","","","","ManualTask"
"Build a ~|league hall|~","Construction","","","","","ManualTask"
"Build a ~|games room|~","Construction","","","","","ManualTask"
"Build a ~|combat room|~","Construction","","","","","ManualTask"
"Build a ~|hall (quest trophies)|~","Construction","","","","","ManualTask"
"Build a ~|menagerie|~","Construction","","","","","ManualTask"
"Build a ~|study|~","Construction","","","","","ManualTask"
"Build a ~|costume room|~","Construction","","","","","ManualTask"
"Build a ~|chapel|~","Construction","","","","","ManualTask"
"Build a ~|portal chamber|~","Construction","","","","","ManualTask"
"Build a ~|formal garden|~","Construction","","","","","ManualTask"
"Build a ~|throne room|~","Construction","","","","","ManualTask"
"Build a ~|superior garden|~","Construction","","","","","ManualTask"
"Build a ~|oubliette|~","Construction","","","","","ManualTask"
"Build a ~|dungeon (Construction)|~","Construction","","","","","ManualTask"
"Build a ~|portal nexus|~","Construction","","","","","ManualTask"
"Build a ~|treasure room|~","Construction","","","","","ManualTask"
"Build a ~|achievement gallery|~","Construction","","","","","ManualTask"
"Build a ~|Giant dwarf (portrait)|~","Construction","","","","","ManualTask"
"Build a ~|Guthix icon|~","Construction","","","","","ManualTask"
"Build an ~|oak mounted fish display|~","Construction","","","","","ManualTask"
"Build a ~|teak mounted fish display|~","Construction","","","","","ManualTask"
"Build a ~|mahogany mounted fish display|~","Construction","","","","","ManualTask"
"Build a ~|teak mounted head display|~","Construction","","","","","ManualTask"
"Build a ~|mahogany mounted head display|~","Construction","","","","","ManualTask"
"Build a ~|gilded mounted head display|~","Construction","","","","","ManualTask"
"Build a ~|Kalphite Queen head (mounted)|~","Construction","","","","","ManualTask"
"Build a ~|Karamja (painting)|~","Construction","","","","","ManualTask"
"Build a ~|Kbd head (mounted)|~","Construction","","","","","ManualTask"
"Build a ~|King arthur (portrait)|~","Construction","","","","","ManualTask"
"Build a ~|League accomplishments scroll|~","Construction","","","","","ManualTask"
"Build a ~|Lumbridge (painting)|~","Construction","","","","","ManualTask"
"Build a ~|Morytania (painting)|~","Construction","","","","","ManualTask"
"Build a ~|Rocnar|~","Construction","","","","","ManualTask"
"Build a ~|Saradomin icon|~","Construction","","","","","ManualTask"
"Build a ~|The desert (painting)|~","Construction","","","","","ManualTask"
"Build a ~|Vorkath's head (mounted)|~","Construction","","","","","ManualTask"
"Build a ~|Zamorak icon|~","Construction","","","","","ManualTask"
"Build a ~|baby red dragon (POH)|~","Construction","","","","","ManualTask"
"Build a ~|balance beam|~","Construction","","","","","ManualTask"
"Build a ~|banner easel|~","Construction","","","","","ManualTask"
"Build a ~|banner stand|~","Construction","","","","","ManualTask"
"Build a ~|basic jewellery box|~","Construction","","","","","ManualTask"
"Build a ~|basilisk head (mounted)|~","Construction","","","","","ManualTask"
"Build a ~|beer barrel|~","Construction","","","","","ManualTask"
"Build a ~|bell-pull|~","Construction","","","","","ManualTask"
"Build a ~|bells|~","Construction","","","","","ManualTask"
"Build a ~|bench with lathe|~","Construction","","","","","ManualTask"
"Build a ~|bench with vice|~","Construction","","","","","ManualTask"
"Build a ~|bluebells|~","Construction","","","","","ManualTask"
"Build a ~|bone cage|~","Construction","","","","","ManualTask"
"Build a ~|boss lair display|~","Construction","","","","","ManualTask"
"Build a ~|boundary stones|~","Construction","","","","","ManualTask"
"Build a ~|boxing ring|~","Construction","","","","","ManualTask"
"Build a ~|brown rug|~","Construction","","","","","ManualTask"
"Build a ~|bush|~","Construction","","","","","ManualTask"
"Build a ~|candles (Construction)|~","Construction","","","","","ManualTask"
"Build a ~|cape hanger|~","Construction","","","","","ManualTask"
"Build a ~|cape of legends (mounted)|~","Construction","","","","","ManualTask"
"Build a ~|carved oak bench|~","Construction","","","","","ManualTask"
"Build a ~|carved oak magic wardrobe|~","Construction","","","","","ManualTask"
"Build a ~|carved oak table|~","Construction","","","","","ManualTask"
"Build a ~|carved teak bench|~","Construction","","","","","ManualTask"
"Build a ~|carved teak magic wardrobe|~","Construction","","","","","ManualTask"
"Build a ~|carved teak table|~","Construction","","","","","ManualTask"
"Build a ~|cat basket|~","Construction","","","","","ManualTask"
"Build a ~|cat blanket|~","Construction","","","","","ManualTask"
"Build a ~|celestial globe|~","Construction","","","","","ManualTask"
"Build a ~|chef's delight (barrel)|~","Construction","","","","","ManualTask"
"Build a ~|cider barrel|~","Construction","","","","","ManualTask"
"Build a ~|clay attack stone|~","Construction","","","","","ManualTask"
"Build a ~|clay fireplace|~","Construction","","","","","ManualTask"
"Build a ~|cloth altar|~","Construction","","","","","ManualTask"
"Build a ~|cockatrice head (mounted)|~","Construction","","","","","ManualTask"
"Build a ~|combat dummy|~","Construction","","","","","ManualTask"
"Build a ~|combat ring|~","Construction","","","","","ManualTask"
"Build a ~|consecrated house|~","Construction","","","","","ManualTask"
"Build a ~|crafting table 4|~","Construction","","","","","ManualTask"
"Build a ~|crafting table 1|~","Construction","","","","","ManualTask"
"Build a ~|crafting table 2|~","Construction","","","","","ManualTask"
"Build a ~|crafting table 3|~","Construction","","","","","ManualTask"
"Build a ~|crawling hand (mounted)|~","Construction","","","","","ManualTask"
"Build a ~|crude wooden chair|~","Construction","","","","","ManualTask"
"Build a ~|crystal ball|~","Construction","","","","","ManualTask"
"Build a ~|crystal of power|~","Construction","","","","","ManualTask"
"Build a ~|crystal throne|~","Construction","","","","","ManualTask"
"Build a ~|crystalline portal nexus|~","Construction","","","","","ManualTask"
"Build a ~|curtains|~","Construction","","","","","ManualTask"
"Build a ~|cushioned basket|~","Construction","","","","","ManualTask"
"Build a ~|cw armour 1|~","Construction","","","","","ManualTask"
"Build a ~|cw armour 2|~","Construction","","","","","ManualTask"
"Build a ~|cw armour 3|~","Construction","","","","","ManualTask"
"Build a ~|daffodils|~","Construction","","","","","ManualTask"
"Build a ~|dagannoth (Construction)|~","Construction","","","","","ManualTask"
"Build a ~|dark altar (Construction)|~","Construction","","","","","ManualTask"
"Build a ~|darklight (mounted)|~","Construction","","","","","ManualTask"
"Build a ~|dartboard|~","Construction","","","","","ManualTask"
"Build a ~|decorative blood|~","Construction","","","","","ManualTask"
"Build a ~|decorative pipe|~","Construction","","","","","ManualTask"
"Build a ~|decorative rock|~","Construction","","","","","ManualTask"
"Build a ~|decorative window|~","Construction","","","","","ManualTask"
"Build a ~|demon (Construction)|~","Construction","","","","","ManualTask"
"Build a ~|demon lectern|~","Construction","","","","","ManualTask"
"Build a ~|demon throne|~","Construction","","","","","ManualTask"
"Build a ~|desecrated house|~","Construction","","","","","ManualTask"
"Build a ~|desert habitat|~","Construction","","","","","ManualTask"
"Build a ~|dock leaf|~","Construction","","","","","ManualTask"
"Build a ~|dragon bitter (barrel)|~","Construction","","","","","ManualTask"
"Build a ~|dungeon entrance|~","Construction","","","","","ManualTask"
"Build a ~|fairy ring (Construction)|~","Construction","","","","","ManualTask"
"Build a ~|fancy jewellery box|~","Construction","","","","","ManualTask"
"Build a ~|fancy range|~","Construction","","","","","ManualTask"
"Build a ~|fancy revitalisation pool|~","Construction","","","","","ManualTask"
"Build a ~|fancy teak dresser|~","Construction","","","","","ManualTask"
"Build a ~|fencing ring|~","Construction","","","","","ManualTask"
"Build a ~|fancy hedge|~","Construction","","","","","ManualTask"
"Build a ~|fern (big plant)|~","Construction","","","","","ManualTask"
"Build a ~|fern (small plant)|~","Construction","","","","","ManualTask"
"Build a ~|firepit with hook|~","Construction","","","","","ManualTask"
"Build a ~|firepit with pot|~","Construction","","","","","ManualTask"
"Build a ~|firepit|~","Construction","","","","","ManualTask"
"Build a ~|flame pit|~","Construction","","","","","ManualTask"
"Build a ~|floor decoration|~","Construction","","","","","ManualTask"
"Build a ~|forest habitat|~","Construction","","","","","ManualTask"
"Build a ~|garden fence|~","Construction","","","","","ManualTask"
"Build a ~|gazebo|~","Construction","","","","","ManualTask"
"Build a ~|gilded 4-poster|~","Construction","","","","","ManualTask"
"Build a ~|gilded adventure log|~","Construction","","","","","ManualTask"
"Build a ~|gilded altar|~","Construction","","","","","ManualTask"
"Build a ~|gilded bench|~","Construction","","","","","ManualTask"
"Build a ~|gilded cape rack|~","Construction","","","","","ManualTask"
"Build a ~|gilded clock|~","Construction","","","","","ManualTask"
"Build a ~|gilded decoration|~","Construction","","","","","ManualTask"
"Build a ~|gilded dresser|~","Construction","","","","","ManualTask"
"Build a ~|gilded magic wardrobe|~","Construction","","","","","ManualTask"
"Build a ~|gilded portal nexus|~","Construction","","","","","ManualTask"
"Build a ~|gilded throne|~","Construction","","","","","ManualTask"
"Build a ~|gilded wardrobe|~","Construction","","","","","ManualTask"
"Build a ~|globe|~","Construction","","","","","ManualTask"
"Build a ~|glorious arena|~","Construction","","","","","ManualTask"
"Build a ~|glove rack|~","Construction","","","","","ManualTask"
"Build a ~|gnome bench|~","Construction","","","","","ManualTask"
"Build a ~|gnome child icon|~","Construction","","","","","ManualTask"
"Build a ~|gold sink|~","Construction","","","","","ManualTask"
"Build a ~|grassland habitat|~","Construction","","","","","ManualTask"
"Build a ~|greater magic cage|~","Construction","","","","","ManualTask"
"Build a ~|greater magical balance|~","Construction","","","","","ManualTask"
"Build a ~|greater teleport focus|~","Construction","","","","","ManualTask"
"Build a ~|greenman's ale (barrel)|~","Construction","","","","","ManualTask"
"Build a ~|guard dog (Construction)|~","Construction","","","","","ManualTask"
"Build a ~|guthix symbol|~","Construction","","","","","ManualTask"
"Build a ~|hangman|~","Construction","","","","","ManualTask"
"Build a ~|hellhound (Construction)|~","Construction","","","","","ManualTask"
"Build a ~|hobgoblin guard|~","Construction","","","","","ManualTask"
"Build a ~|hoop and stick|~","Construction","","","","","ManualTask"
"Build a ~|huge plant|~","Construction","","","","","ManualTask"
"Build a ~|huge spider|~","Construction","","","","","ManualTask"
"Build a ~|jester|~","Construction","","","","","ManualTask"
"Build a ~|kalphite soldier (Construction)|~","Construction","","","","","ManualTask"
"Build a ~|kitchen table|~","Construction","","","","","ManualTask"
"Build a ~|kite shield (Construction)|~","Construction","","","","","ManualTask"
"Build a ~|kurask head (mounted)|~","Construction","","","","","ManualTask"
"Build a ~|large fountain|~","Construction","","","","","ManualTask"
"Build a ~|large leaf bush|~","Construction","","","","","ManualTask"
"Build a ~|large map|~","Construction","","","","","ManualTask"
"Build a ~|large oak bed|~","Construction","","","","","ManualTask"
"Build a ~|large orrery|~","Construction","","","","","ManualTask"
"Build a ~|large oven|~","Construction","","","","","ManualTask"
"Build a ~|large statue|~","Construction","","","","","ManualTask"
"Build a ~|large storage unit|~","Construction","","","","","ManualTask"
"Build a ~|large teak bed|~","Construction","","","","","ManualTask"
"Build a ~|league statue|~","Construction","","","","","ManualTask"
"Build a ~|lesser magic cage|~","Construction","","","","","ManualTask"
"Build a ~|lesser magical balance|~","Construction","","","","","ManualTask"
"Build a ~|limestone altar|~","Construction","","","","","ManualTask"
"Build a ~|limestone attack stone|~","Construction","","","","","ManualTask"
"Build a ~|limestone spiral staircase|~","Construction","","","","","ManualTask"
"Build a ~|lunar altar|~","Construction","","","","","ManualTask"
"Build a ~|lunar globe|~","Construction","","","","","ManualTask"
"Build a ~|magic chest|~","Construction","","","","","ManualTask"
"Build a ~|magic tree (Construction)|~","Construction","","","","","ManualTask"
"Build a ~|magical cape rack|~","Construction","","","","","ManualTask"
"Build a ~|mahogany adventure log|~","Construction","","","","","ManualTask"
"Build a ~|mahogany altar|~","Construction","","","","","ManualTask"
"Build a ~|mahogany armchair|~","Construction","","","","","ManualTask"
"Build a ~|mahogany armour case|~","Construction","","","","","ManualTask"
"Build a ~|mahogany bench|~","Construction","","","","","ManualTask"
"Build a ~|mahogany bookcase|~","Construction","","","","","ManualTask"
"Build a ~|mahogany cape rack|~","Construction","","","","","ManualTask"
"Build a ~|mahogany chest|~","Construction","","","","","ManualTask"
"Build a ~|mahogany demon lectern|~","Construction","","","","","ManualTask"
"Build a ~|mahogany dresser|~","Construction","","","","","ManualTask"
"Build a ~|mahogany eagle lectern|~","Construction","","","","","ManualTask"
"Build a ~|mahogany fancy dress box|~","Construction","","","","","ManualTask"
"Build a ~|mahogany feeder|~","Construction","","","","","ManualTask"
"Build a ~|mahogany house|~","Construction","","","","","ManualTask"
"Build a ~|mahogany incense burners|~","Construction","","","","","ManualTask"
"Build a ~|mahogany ladder|~","Construction","","","","","ManualTask"
"Build a ~|mahogany lever|~","Construction","","","","","ManualTask"
"Build a ~|mahogany magic wardrobe|~","Construction","","","","","ManualTask"
"Build a ~|mahogany outfit stand|~","Construction","","","","","ManualTask"
"Build a ~|mahogany portal|~","Construction","","","","","ManualTask"
"Build a ~|mahogany prize chest|~","Construction","","","","","ManualTask"
"Build a ~|mahogany scratching post|~","Construction","","","","","ManualTask"
"Build a ~|mahogany table|~","Construction","","","","","ManualTask"
"Build a ~|mahogany telescope|~","Construction","","","","","ManualTask"
"Build a ~|mahogany throne|~","Construction","","","","","ManualTask"
"Build a ~|mahogany toy box|~","Construction","","","","","ManualTask"
"Build a ~|mahogany trapdoor|~","Construction","","","","","ManualTask"
"Build a ~|mahogany treasure chest|~","Construction","","","","","ManualTask"
"Build a ~|mahogany trophy case|~","Construction","","","","","ManualTask"
"Build a ~|mahogany wardrobe|~","Construction","","","","","ManualTask"
"Build a ~|man trap|~","Construction","","","","","ManualTask"
"Build a ~|maple tree (Construction)|~","Construction","","","","","ManualTask"
"Build a ~|marble adventure log|~","Construction","","","","","ManualTask"
"Build a ~|marble attack stone|~","Construction","","","","","ManualTask"
"Build a ~|marble cape rack|~","Construction","","","","","ManualTask"
"Build a ~|marble decorative bench|~","Construction","","","","","ManualTask"
"Build a ~|marble door|~","Construction","","","","","ManualTask"
"Build a ~|marble fireplace|~","Construction","","","","","ManualTask"
"Build a ~|marble incense burners|~","Construction","","","","","ManualTask"
"Build a ~|marble lectern|~","Construction","","","","","ManualTask"
"Build a ~|marble magic wardrobe|~","Construction","","","","","ManualTask"
"Build a ~|marble portal nexus|~","Construction","","","","","ManualTask"
"Build a ~|marble portal|~","Construction","","","","","ManualTask"
"Build a ~|marble spiral|~","Construction","","","","","ManualTask"
"Build a ~|marble staircase|~","Construction","","","","","ManualTask"
"Build a ~|marble trap|~","Construction","","","","","ManualTask"
"Build a ~|marble wall|~","Construction","","","","","ManualTask"
"Build a ~|marigolds (Construction)|~","Construction","","","","","ManualTask"
"Build a ~|massive storage unit|~","Construction","","","","","ManualTask"
"Build a ~|medium magical balance|~","Construction","","","","","ManualTask"
"Build a ~|medium map|~","Construction","","","","","ManualTask"
"Build a ~|medium statue|~","Construction","","","","","ManualTask"
"Build a ~|medium storage unit|~","Construction","","","","","ManualTask"
"Build a ~|miscellanians (portrait)|~","Construction","","","","","ManualTask"
"Build a ~|mithril armour (Construction)|~","Construction","","","","","ManualTask"
"Build a ~|mounted bass|~","Construction","","","","","ManualTask"
"Build a ~|mounted coins|~","Construction","","","","","ManualTask"
"Build a ~|mounted digsite pendant|~","Construction","","","","","ManualTask"
"Build a ~|mounted emblem|~","Construction","","","","","ManualTask"
"Build a ~|mounted shark|~","Construction","","","","","ManualTask"
"Build a ~|mounted swordfish|~","Construction","","","","","ManualTask"
"Build a ~|mounted xeric's talisman|~","Construction","","","","","ManualTask"
"Build a ~|mythical cape (mounted)|~","Construction","","","","","ManualTask"
"Build a ~|nature house|~","Construction","","","","","ManualTask"
"Build a ~|nice hedge|~","Construction","","","","","ManualTask"
"Build a ~|nice tree|~","Construction","","","","","ManualTask"
"Build a ~|pet list|~","Construction","","","","","ManualTask"
"Build a ~|picket fence|~","Construction","","","","","ManualTask"
"Build a ~|plant|~","Construction","","","","","ManualTask"
"Build a ~|pluming stand|~","Construction","","","","","ManualTask"
"Build a ~|polar habitat|~","Construction","","","","","ManualTask"
"Build a ~|pond|~","Construction","","","","","ManualTask"
"Build a ~|posh bell-pull|~","Construction","","","","","ManualTask"
"Build a ~|posh fountain|~","Construction","","","","","ManualTask"
"Build a ~|pump and drain|~","Construction","","","","","ManualTask"
"Build a ~|pump and tub|~","Construction","","","","","ManualTask"
"Build a ~|quest list (Construction)|~","Construction","","","","","ManualTask"
"Build a ~|ranging pedestals|~","Construction","","","","","ManualTask"
"Build a ~|redwood fence|~","Construction","","","","","ManualTask"
"Build a ~|reeds|~","Construction","","","","","ManualTask"
"Build a ~|rejuvenation pool|~","Construction","","","","","ManualTask"
"Build a ~|repair bench|~","Construction","","","","","ManualTask"
"Build a ~|restoration pool|~","Construction","","","","","ManualTask"
"Build a ~|revitalisation pool|~","Construction","","","","","ManualTask"
"Build a ~|rocking chair|~","Construction","","","","","ManualTask"
"Build a ~|rope bell-pull|~","Construction","","","","","ManualTask"
"Build a ~|rosemary (Construction)|~","Construction","","","","","ManualTask"
"Build a ~|roses|~","Construction","","","","","ManualTask"
"Build a ~|round shield (Construction)|~","Construction","","","","","ManualTask"
"Build a ~|rug|~","Construction","","","","","ManualTask"
"Build a ~|rune case 1|~","Construction","","","","","ManualTask"
"Build a ~|rune case 2|~","Construction","","","","","ManualTask"
"Build a ~|rune case 3|~","Construction","","","","","ManualTask"
"Build a ~|rune dragon (Construction)|~","Construction","","","","","ManualTask"
"Build a ~|runite armour (Construction)|~","Construction","","","","","ManualTask"
"Build a ~|saradomin symbol|~","Construction","","","","","ManualTask"
"Build a ~|scrying pool|~","Construction","","","","","ManualTask"
"Build a ~|servant's moneybag|~","Construction","","","","","ManualTask"
"Build a ~|shaving stand|~","Construction","","","","","ManualTask"
"Build a ~|shield easel|~","Construction","","","","","ManualTask"
"Build a ~|shoe box|~","Construction","","","","","ManualTask"
"Build a ~|short plant|~","Construction","","","","","ManualTask"
"Build a ~|shuttered window|~","Construction","","","","","ManualTask"
"Build a ~|silverlight (mounted)|~","Construction","","","","","ManualTask"
"Build a ~|simple arena|~","Construction","","","","","ManualTask"
"Build a ~|sink|~","Construction","","","","","ManualTask"
"Build a ~|skeleton guard|~","Construction","","","","","ManualTask"
"Build a ~|skeleton throne|~","Construction","","","","","ManualTask"
"Build ~|skull torches|~","Construction","","","","","ManualTask"
"Build a ~|hanging skeleton|~","Construction","","","","","ManualTask"
"Build a ~|small box hedge|~","Construction","","","","","ManualTask"
"Build a ~|small fern|~","Construction","","","","","ManualTask"
"Build a ~|small fountain|~","Construction","","","","","ManualTask"
"Build a ~|small map|~","Construction","","","","","ManualTask"
"Build a ~|small orrery|~","Construction","","","","","ManualTask"
"Build a ~|small oven|~","Construction","","","","","ManualTask"
"Build a ~|small statue|~","Construction","","","","","ManualTask"
"Build a ~|small storage unit|~","Construction","","","","","ManualTask"
"Build a ~|spice rack|~","Construction","","","","","ManualTask"
"Build a ~|spike trap|~","Construction","","","","","ManualTask"
"Build a ~|spiked cage|~","Construction","","","","","ManualTask"
"Build a ~|spikes|~","Construction","","","","","ManualTask"
"Build a ~|spirit tree (Construction)|~","Construction","","","","","ManualTask"
"Build a ~|spirit tree and fairy ring|~","Construction","","","","","ManualTask"
"Build a ~|square shield (Construction)|~","Construction","","","","","ManualTask"
"Build a ~|stained glass|~","Construction","","","","","ManualTask"
"Build a ~|steel cage (Oubliette)|~","Construction","","","","","ManualTask"
"Build a ~|steel cage|~","Construction","","","","","ManualTask"
"Build ~|steel candlesticks|~","Construction","","","","","ManualTask"
"Build a ~|steel dragon (Construction)|~","Construction","","","","","ManualTask"
"Build a ~|steel framed workbench|~","Construction","","","","","ManualTask"
"Build a ~|steel range|~","Construction","","","","","ManualTask"
"Build ~|steel torches|~","Construction","","","","","ManualTask"
"Build a ~|steel-plated door|~","Construction","","","","","ManualTask"
"Build a ~|stone fireplace|~","Construction","","","","","ManualTask"
"Build a ~|stone wall|~","Construction","","","","","ManualTask"
"Build a ~|sunflower|~","Construction","","","","","ManualTask"
"Build a ~|tall box hedge|~","Construction","","","","","ManualTask"
"Build a ~|tall fancy hedge|~","Construction","","","","","ManualTask"
"Build a ~|tall plant|~","Construction","","","","","ManualTask"
"Build a ~|tangle vine|~","Construction","","","","","ManualTask"
"Build a ~|teak altar|~","Construction","","","","","ManualTask"
"Build a ~|teak armchair|~","Construction","","","","","ManualTask"
"Build a ~|teak armour case|~","Construction","","","","","ManualTask"
"Build a ~|teak bed|~","Construction","","","","","ManualTask"
"Build a ~|teak cape rack|~","Construction","","","","","ManualTask"
"Build a ~|teak chest|~","Construction","","","","","ManualTask"
"Build a ~|teak clock|~","Construction","","","","","ManualTask"
"Build a ~|teak demon lectern|~","Construction","","","","","ManualTask"
"Build a ~|teak dining bench|~","Construction","","","","","ManualTask"
"Build a ~|teak drawers|~","Construction","","","","","ManualTask"
"Build a ~|teak dresser|~","Construction","","","","","ManualTask"
"Build a ~|teak eagle lectern|~","Construction","","","","","ManualTask"
"Build a ~|teak fancy dress box|~","Construction","","","","","ManualTask"
"Build a ~|teak feeder|~","Construction","","","","","ManualTask"
"Build a ~|teak garden bench|~","Construction","","","","","ManualTask"
"Build a ~|teak house|~","Construction","","","","","ManualTask"
"Build a ~|teak kitchen table|~","Construction","","","","","ManualTask"
"Build a ~|teak ladder|~","Construction","","","","","ManualTask"
"Build a ~|teak larder|~","Construction","","","","","ManualTask"
"Build a ~|teak lever|~","Construction","","","","","ManualTask"
"Build a ~|teak magic wardrobe|~","Construction","","","","","ManualTask"
"Build a ~|teak portal|~","Construction","","","","","ManualTask"
"Build a ~|teak prize chest|~","Construction","","","","","ManualTask"
"Build a ~|teak scratching post|~","Construction","","","","","ManualTask"
"Build a ~|teak shelves 1|~","Construction","","","","","ManualTask"
"Build a ~|teak shelves 2|~","Construction","","","","","ManualTask"
"Build a ~|teak staircase|~","Construction","","","","","ManualTask"
"Build a ~|teak table|~","Construction","","","","","ManualTask"
"Build a ~|teak telescope|~","Construction","","","","","ManualTask"
"Build a ~|teak throne|~","Construction","","","","","ManualTask"
"Build a ~|teak toy box|~","Construction","","","","","ManualTask"
"Build a ~|teak trapdoor|~","Construction","","","","","ManualTask"
"Build a ~|teak treasure chest|~","Construction","","","","","ManualTask"
"Build a ~|teak wall decoration|~","Construction","","","","","ManualTask"
"Build a ~|teak wardrobe|~","Construction","","","","","ManualTask"
"Build a ~|teleport focus|~","Construction","","","","","ManualTask"
"Build a ~|teleport trap|~","Construction","","","","","ManualTask"
"Build a ~|tentacle pool|~","Construction","","","","","ManualTask"
"Build a ~|thistle|~","Construction","","","","","ManualTask"
"Build a ~|thorny hedge|~","Construction","","","","","ManualTask"
"Build a ~|tok-xil (Construction)|~","Construction","","","","","ManualTask"
"Build a ~|tool store 1|~","Construction","","","","","ManualTask"
"Build a ~|tool store 2|~","Construction","","","","","ManualTask"
"Build a ~|tool store 3|~","Construction","","","","","ManualTask"
"Build a ~|tool store 4|~","Construction","","","","","ManualTask"
"Build a ~|tool store 5|~","Construction","","","","","ManualTask"
"Build a ~|topiary bush|~","Construction","","","","","ManualTask"
"Build a ~|topiary hedge|~","Construction","","","","","ManualTask"
"Build ~|torches (Construction)|~","Construction","","","","","ManualTask"
"Build a ~|torn curtains|~","Construction","","","","","ManualTask"
"Build a ~|trapdoor|~","Construction","","","","","ManualTask"
"Build a ~|treasure hunt|~","Construction","","","","","ManualTask"
"Build a ~|tree (Construction)|~","Construction","","","","","ManualTask"
"Build a ~|troll (Construction)|~","Construction","","","","","ManualTask"
"Build a ~|trophy pedestal|~","Construction","","","","","ManualTask"
"Build a ~|volcanic theme|~","Construction","","","","","ManualTask"
"Build a ~|weapons rack|~","Construction","","","","","ManualTask"
"Build a ~|whetstone|~","Construction","","","","","ManualTask"
"Build a ~|willow tree (Construction)|~","Construction","","","","","ManualTask"
"Build a ~|windchimes|~","Construction","","","","","ManualTask"
"Build a ~|wooden bed|~","Construction","","","","","ManualTask"
"Build a ~|wooden bench|~","Construction","","","","","ManualTask"
"Build a ~|wooden bookcase|~","Construction","","","","","ManualTask"
"Build a ~|wooden chair|~","Construction","","","","","ManualTask"
"Build a ~|wooden crate|~","Construction","","","","","ManualTask"
"Build a ~|wooden dining table|~","Construction","","","","","ManualTask"
"Build a ~|wooden fence|~","Construction","","","","","ManualTask"
"Build a ~|wooden larder|~","Construction","","","","","ManualTask"
"Build a ~|wooden shelves 1|~","Construction","","","","","ManualTask"
"Build a ~|wooden shelves 2|~","Construction","","","","","ManualTask"
"Build a ~|wooden shelves 3|~","Construction","","","","","ManualTask"
"Build a ~|wooden telescope|~","Construction","","","","","ManualTask"
"Build ~|wooden torches|~","Construction","","","","","ManualTask"
"Build a ~|wooden workbench|~","Construction","","","","","ManualTask"
"Build a ~|yew tree (Construction)|~","Construction","","","","","ManualTask"
"Build a ~|zamorak symbol|~","Construction","","","","","ManualTask"
"Build a ~|zen theme|~","Construction","","","","","ManualTask"
"Build an easy ~|STASH|~ unit","Construction","","","","","ManualTask"
"Build an elite ~|STASH|~ unit","Construction","","","","","ManualTask"
"Build an ~|abyssal demon head (mounted)|~","Construction","","","","","ManualTask"
"Build an ~|adamantite armour (Construction)|~","Construction","","","","","ManualTask"
"Build an ~|advanced arena|~","Construction","","","","","ManualTask"
"Build an ~|alchemical chart|~","Construction","","","","","ManualTask"
"Build an ~|alchemical hydra heads (mounted)|~","Construction","","","","","ManualTask"
"Build an ~|amulet of glory (mounted)|~","Construction","","","","","ManualTask"
"Build an ~|ancient altar|~","Construction","","","","","ManualTask"
"Build an ~|anti-dragon shield (mounted)|~","Construction","","","","","ManualTask"
"Build an ~|archery target|~","Construction","","","","","ManualTask"
"Build an ~|armillary sphere|~","Construction","","","","","ManualTask"
"Build an ~|armour stand|~","Construction","","","","","ManualTask"
"Build an ~|asgarnian ale (barrel)|~","Construction","","","","","ManualTask"
"Build an ~|eagle lectern|~","Construction","","","","","ManualTask"
"Build an ~|elemental sphere|~","Construction","","","","","ManualTask"
"Build an ~|elena (portrait)|~","Construction","","","","","ManualTask"
"Build an ~|excalibur (mounted)|~","Construction","","","","","ManualTask"
"Build an ~|exit portal|~","Construction","","","","","ManualTask"
"Build an ~|extra weapons rack|~","Construction","","","","","ManualTask"
"Build an ~|icon of Bob|~","Construction","","","","","ManualTask"
"Build an ~|imp statue|~","Construction","","","","","ManualTask"
"Build an ~|infernal chart|~","Construction","","","","","ManualTask"
"Build an ~|iron railings|~","Construction","","","","","ManualTask"
"Build an ~|isafdar (painting)|~","Construction","","","","","ManualTask"
"Build an ~|oak altar|~","Construction","","","","","ManualTask"
"Build an ~|oak and steel cage|~","Construction","","","","","ManualTask"
"Build an ~|oak armchair|~","Construction","","","","","ManualTask"
"Build an ~|oak armour case|~","Construction","","","","","ManualTask"
"Build an ~|oak bed|~","Construction","","","","","ManualTask"
"Build an ~|oak bench|~","Construction","","","","","ManualTask"
"Build an ~|oak bookcase|~","Construction","","","","","ManualTask"
"Build an ~|oak cage|~","Construction","","","","","ManualTask"
"Build an ~|oak cape rack|~","Construction","","","","","ManualTask"
"Build an ~|oak chair|~","Construction","","","","","ManualTask"
"Build an ~|oak chest|~","Construction","","","","","ManualTask"
"Build an ~|oak clock|~","Construction","","","","","ManualTask"
"Build an ~|oak dining table|~","Construction","","","","","ManualTask"
"Build an ~|oak door|~","Construction","","","","","ManualTask"
"Build an ~|oak drawers|~","Construction","","","","","ManualTask"
"Build an ~|oak dresser|~","Construction","","","","","ManualTask"
"Build an ~|oak fancy dress box|~","Construction","","","","","ManualTask"
"Build an ~|oak feeder|~","Construction","","","","","ManualTask"
"Build an ~|oak house|~","Construction","","","","","ManualTask"
"Build an ~|oak incense burners|~","Construction","","","","","ManualTask"
"Build an ~|oak kitchen table|~","Construction","","","","","ManualTask"
"Build an ~|oak ladder|~","Construction","","","","","ManualTask"
"Build an ~|oak larder|~","Construction","","","","","ManualTask"
"Build an ~|oak lectern|~","Construction","","","","","ManualTask"
"Build an ~|oak lever|~","Construction","","","","","ManualTask"
"Build an ~|oak magic wardrobe|~","Construction","","","","","ManualTask"
"Build an ~|oak outfit stand|~","Construction","","","","","ManualTask"
"Build an ~|oak prize chest|~","Construction","","","","","ManualTask"
"Build an ~|oak scratching post|~","Construction","","","","","ManualTask"
"Build an ~|oak shaving stand|~","Construction","","","","","ManualTask"
"Build an ~|oak shelves 1|~","Construction","","","","","ManualTask"
"Build an ~|oak shelves 2|~","Construction","","","","","ManualTask"
"Build an ~|oak staircase|~","Construction","","","","","ManualTask"
"Build an ~|oak throne|~","Construction","","","","","ManualTask"
"Build an ~|oak toy box|~","Construction","","","","","ManualTask"
"Build an ~|oak trapdoor|~","Construction","","","","","ManualTask"
"Build an ~|oak treasure chest|~","Construction","","","","","ManualTask"
"Build an ~|oak tree (Construction)|~","Construction","","","","","ManualTask"
"Build an ~|oak trophy case|~","Construction","","","","","ManualTask"
"Build an ~|oak wall decoration|~","Construction","","","","","ManualTask"
"Build an ~|oak wardrobe|~","Construction","","","","","ManualTask"
"Build an ~|oak workbench|~","Construction","","","","","ManualTask"
"Build an ~|obelisk (Construction)|~","Construction","","","","","ManualTask"
"Build an ~|obsidian decorative bench|~","Construction","","","","","ManualTask"
"Build an ~|obsidian fence|~","Construction","","","","","ManualTask"
"Build an ~|occult altar|~","Construction","","","","","ManualTask"
"Build an ~|opulent curtains|~","Construction","","","","","ManualTask"
"Build an ~|opulent rug|~","Construction","","","","","ManualTask"
"Build an ~|opulent table|~","Construction","","","","","ManualTask"
"Build an ~|organ|~","Construction","","","","","ManualTask"
"Build an ~|ornamental globe|~","Construction","","","","","ManualTask"
"Build an ~|ornate banner stand|~","Construction","","","","","ManualTask"
"Build an ~|ornate jewellery box|~","Construction","","","","","ManualTask"
"Build an ~|ornate league statue|~","Construction","","","","","ManualTask"
"Build an ~|ornate revitalisation pool|~","Construction","","","","","ManualTask"
"Build an ~|ornate trophy pedestal|~","Construction","","","","","ManualTask"
"Build an ~|ornate undead combat dummy|~","Construction","","","","","ManualTask"
"Build an ~|otherworldy theme|~","Construction","","","","","ManualTask"
"Build an ~|undead combat dummy|~","Construction","","","","","ManualTask"
"Buy the ~|Construct. cape|~","Construction","","","","","ManualTask"
"Make a log raft from the ~|old log|~","Construction","","","","","ManualTask"
"Change your family crest at ~|Sir Renitee|~","Construction","","","","","ManualTask"
"Change your house style to Basic Stone at an ~|Estate Agent|~","Construction","","","","","ManualTask"
"Change your house style to Basic Wood at an ~|Estate Agent|~","Construction","","","","","ManualTask"
"Change your house style to Fancy Stone at an ~|Estate Agent|~","Construction","","","","","ManualTask"
"Change your house style to Fremennik-style Wood at an ~|Estate Agent|~","Construction","","","","","ManualTask"
"Change your house style to Tropical Wood at an ~|Estate Agent|~","Construction","","","","","ManualTask"
"Change your house style to Whitewashed Stone at an ~|Estate Agent|~","Construction","","","","","ManualTask"
"Change your house style to Canifis at an ~|Estate Agent|~","Construction","","","","","ManualTask"
"Change your house style to Civitas at an ~|Estate Agent|~","Construction","","","","","ManualTask"
"Complete a beginner contract for ~|Mahogany Homes|~","Construction","","","","","ManualTask"
"Complete a novice contract for ~|Mahogany Homes|~","Construction","","","","","ManualTask"
"Complete an adept contract for ~|Mahogany Homes|~","Construction","","","","","ManualTask"
"Complete an expert contract for ~|Mahogany Homes|~","Construction","","","","","ManualTask"
"Hire ~|Butler|~ as a servant","Construction","","","","","ManualTask"
"Hire ~|Cook|~ as a servant","Construction","","","","","ManualTask"
"Hire ~|Demon butler|~ as a servant","Construction","","","","","ManualTask"
"Hire ~|Maid|~ as a servant","Construction","","","","","ManualTask"
"Hire ~|Rick|~ as a servant","Construction","","","","","ManualTask"
"Move your house to ~|Brimhaven|~","Construction","","","","","ManualTask"
"Move your house to ~|Hosidius|~","Construction","","","","","ManualTask"
"Move your house to ~|Pollnivneach|~","Construction","","","","","ManualTask"
"Move your house to ~|Prifddinas|~","Construction","","","","","ManualTask"
"Move your house to ~|Rellekka|~","Construction","","","","","ManualTask"
"Move your house to ~|Aldarin|~","Construction","","","","","ManualTask"
"Move your house to ~|Rimmington|~","Construction","","","","","ManualTask"
"Move your house to ~|Taverley|~","Construction","","","","","ManualTask"
"Move your house to ~|Yanille|~","Construction","","","","","ManualTask"
"Gain xp in the Bee Hive ~|Forestry|~ event","Construction","","","","","ManualTask"
"Participate in ~|Vale Totems|~ for Construction xp","Construction","","","","","ManualTask"
"Repair broken bridges in the ~|Hallowed Sepulchre|~","Construction","","","","","ManualTask"
"Repair braziers at ~|Wintertodt|~","Construction","","","","","ManualTask"
"Repair masts and totem poles at ~|Tempoross|~","Construction","","","","","ManualTask"
"Fill holes on ~|Fishing Trawler|~","Construction","","","","","ManualTask"
"Access the ~|Cooks' Guild|~","Cooking","","","","","ManualTask"
"Participate in ~|Trouble Brewing|~","Cooking","","","","","ManualTask"
"Cook a ~|cooked larupia|~","Cooking","","","","","ManualTask"
"Cook a ~|cooked barb-tailed kebbit|~","Cooking","","","","","ManualTask"
"Cook a ~|cooked graahk|~","Cooking","","","","","ManualTask"
"Cook a ~|cooked kyatt|~","Cooking","","","","","ManualTask"
"Cook a ~|cooked pyre fox|~","Cooking","","","","","ManualTask"
"Cook a ~|cooked sunlght antelope|~","Cooking","","","","","ManualTask"
"Cook a ~|cooked dashing kebbit|~","Cooking","","","","","ManualTask"
"Cook a ~|cooked moonlight antelope|~","Cooking","","","","","ManualTask"
"Cook a ~|moss lizard|~","Cooking","","","","","ManualTask"
"Cook a ~|cooked bream|~","Cooking","","","","","ManualTask"
"Make a ~|forester's ration|~","Cooking","","","","","ManualTask"
"Make a ~|forester's ration|~ (alt)","Cooking","","","","","ManualTask"
"Make ~|winter sq'irkjuice|~","Cooking","","","","","ManualTask"
"Make ~|spring sq'irkjuice|~","Cooking","","","","","ManualTask"
"Make ~|autumn sq'irkjuice|~","Cooking","","","","","ManualTask"
"Make ~|summer sq'irkjuice|~","Cooking","","","","","ManualTask"
"Brew a ~|cup of tea (clay)|~","Cooking","","","","","ManualTask"
"Brew a ~|cup of tea (porcelain)|~","Cooking","","","","","ManualTask"
"Brew a ~|cup of tea (trimmed)|~","Cooking","","","","","ManualTask"
"Bake a loaf of ~|bread|~","Cooking","","","","","ManualTask"
"Bake a ~|botanical pie|~","Cooking","","","","","ManualTask"
"Bake a ~|cake|~","Cooking","","","","","ManualTask"
"Bake a ~|half baked batta|~","Cooking","","","","","ManualTask"
"Bake a ~|half baked crunchy|~","Cooking","","","","","ManualTask"
"Bake a ~|half baked bowl|~","Cooking","","","","","ManualTask"
"Bake a ~|cheese+tom batta|~","Cooking","","","","","ManualTask"
"Bake a ~|chili potato|~","Cooking","","","","","ManualTask"
"Bake a ~|chocolate cake|~","Cooking","","","","","ManualTask"
"Bake a ~|dragonfruit pie|~","Cooking","","","","","ManualTask"
"Bake an ~|egg potato|~","Cooking","","","","","ManualTask"
"Bake a ~|fish pie|~","Cooking","","","","","ManualTask"
"Bake a ~|fruit batta|~","Cooking","","","","","ManualTask"
"Bake a ~|garden pie|~","Cooking","","","","","ManualTask"
"Bake a ~|meat pie|~","Cooking","","","","","ManualTask"
"Bake a ~|meat pizza|~","Cooking","","","","","ManualTask"
"Bake a ~|mud pie|~","Cooking","","","","","ManualTask"
"Bake a ~|mushroom pie|~","Cooking","","","","","ManualTask"
"Bake a ~|mushroom potato|~","Cooking","","","","","ManualTask"
"Bake a ~|pineapple pizza|~","Cooking","","","","","ManualTask"
"Bake a ~|plain pizza|~","Cooking","","","","","ManualTask"
"Bake a ~|potato with butter|~","Cooking","","","","","ManualTask"
"Bake a ~|potato with cheese|~","Cooking","","","","","ManualTask"
"Bake a ~|redberry pie|~","Cooking","","","","","ManualTask"
"Bake a ~|summer pie|~","Cooking","","","","","ManualTask"
"Bake a ~|toad batta|~","Cooking","","","","","ManualTask"
"Bake a ~|tuna potato|~","Cooking","","","","","ManualTask"
"Bake a ~|veg ball|~","Cooking","","","","","ManualTask"
"Bake a ~|vegetable batta|~","Cooking","","","","","ManualTask"
"Bake a ~|wild pie|~","Cooking","","","","","ManualTask"
"Bake a ~|worm batta|~","Cooking","","","","","ManualTask"
"Bake a ~|worm hole|~","Cooking","","","","","ManualTask"
"Bake an ~|admiral pie|~","Cooking","","","","","ManualTask"
"Bake an ~|anchovy pizza|~","Cooking","","","","","ManualTask"
"Bake an ~|apple pie|~","Cooking","","","","","ManualTask"
"Bake ~|chocchip crunchies|~","Cooking","","","","","ManualTask"
"Bake ~|chocolate bomb|~","Cooking","","","","","ManualTask"
"Bake ~|pitta bread|~","Cooking","","","","","ManualTask"
"Bake ~|spicy crunchies|~","Cooking","","","","","ManualTask"
"Bake ~|tangled toad's legs|~","Cooking","","","","","ManualTask"
"Bake ~|toad crunchies|~","Cooking","","","","","ManualTask"
"Bake ~|worm crunchies|~","Cooking","","","","","ManualTask"
"Brew a ~|chef's delight|~","Cooking","","","","","ManualTask"
"Brew a ~|chef's delight(m)|~","Cooking","","","","","ManualTask"
"Brew a ~|dragon bitter|~","Cooking","","","","","ManualTask"
"Brew a ~|dragon bitter(m)|~","Cooking","","","","","ManualTask"
"Brew a ~|dwarven stout|~","Cooking","","","","","ManualTask"
"Brew a ~|dwarven stout(m)|~","Cooking","","","","","ManualTask"
"Brew a ~|greenman's ale|~","Cooking","","","","","ManualTask"
"Brew a ~|greenman's ale(m)|~","Cooking","","","","","ManualTask"
"Brew a ~|jug of wine|~","Cooking","","","","","ManualTask"
"Brew a ~|moonlight mead|~","Cooking","","","","","ManualTask"
"Brew a ~|moonlight mead(m)|~","Cooking","","","","","ManualTask"
"Brew a ~|nettle tea|~","Cooking","","","","","ManualTask"
"Brew a ~|damiana tea|~","Cooking","","","","","ManualTask"
"Brew a ~|slayer's respite|~","Cooking","","","","","ManualTask"
"Brew a ~|slayer's respite(m)|~","Cooking","","","","","ManualTask"
"Brew a ~|wine of zamorak|~","Cooking","","","","","ManualTask"
"Brew a ~|wizard's mind bomb|~","Cooking","","","","","ManualTask"
"Brew a ~|mature wmb|~","Cooking","","","","","ManualTask"
"Brew an ~|asgarnian ale|~","Cooking","","","","","ManualTask"
"Brew an ~|asgarnian ale(m)|~","Cooking","","","","","ManualTask"
"Brew an ~|axeman's folly|~","Cooking","","","","","ManualTask"
"Brew an ~|axeman's folly(m)|~","Cooking","","","","","ManualTask"
"Brew ~|cider|~","Cooking","","","","","ManualTask"
"Brew ~|cider(m)|~","Cooking","","","","","ManualTask"
"Buy the ~|Cooking cape|~","Cooking","","","","","ManualTask"
"Churn a ~|pat of butter|~","Cooking","","","","","ManualTask"
"Churn a ~|pot of cream|~","Cooking","","","","","ManualTask"
"Churn ~|cheese|~","Cooking","","","","","ManualTask"
"Cook a ~|baked potato|~","Cooking","","","","","ManualTask"
"Cook a ~|bass|~","Cooking","","","","","ManualTask"
"Cook a ~|brawk fish|~","Cooking","","","","","ManualTask"
"Cook a ~|cave eel|~","Cooking","","","","","ManualTask"
"Cook a ~|cod|~","Cooking","","","","","ManualTask"
"Cook a ~|cooked chicken|~","Cooking","","","","","ManualTask"
"Cook a ~|cooked chompy|~","Cooking","","","","","ManualTask"
"Cook a ~|cooked chompy|~ on an ogre spit-roast","Cooking","","","","","ManualTask"
"Cook a ~|cooked crab meat|~","Cooking","","","","","ManualTask"
"Cook a ~|cooked jubbly|~","Cooking","","","","","ManualTask"
"Cook a ~|cooked karambwan|~","Cooking","","","","","ManualTask"
"Cook a ~|cooked meat|~","Cooking","","","","","ManualTask"
"Cook a ~|cooked rabbit|~","Cooking","","","","","ManualTask"
"Cook a ~|cooked slimy eel|~","Cooking","","","","","ManualTask"
"Cook a ~|cooked sweetcorn|~","Cooking","","","","","ManualTask"
"Cook a ~|curry|~","Cooking","","","","","ManualTask"
"Cook a ~|dark crab|~","Cooking","","","","","ManualTask"
"Cook a ~|fat snail|~","Cooking","","","","","ManualTask"
"Cook a ~|giral bat|~","Cooking","","","","","ManualTask"
"Cook a ~|guanic bat|~","Cooking","","","","","ManualTask"
"Cook a ~|herring|~","Cooking","","","","","ManualTask"
"Cook a ~|kryket bat|~","Cooking","","","","","ManualTask"
"Cook a ~|kyren fish|~","Cooking","","","","","ManualTask"
"Cook a ~|lava eel|~","Cooking","","","","","ManualTask"
"Cook a ~|lean snail|~","Cooking","","","","","ManualTask"
"Cook a ~|leckish fish|~","Cooking","","","","","ManualTask"
"Cook a ~|lobster|~","Cooking","","","","","ManualTask"
"Cook a ~|mackerel|~","Cooking","","","","","ManualTask"
"Cook a ~|manta ray|~","Cooking","","","","","ManualTask"
"Cook a ~|monkfish|~","Cooking","","","","","ManualTask"
"Cook a ~|murng bat|~","Cooking","","","","","ManualTask"
"Cook a ~|mycil fish|~","Cooking","","","","","ManualTask"
"Cook a ~|phluxia bat|~","Cooking","","","","","ManualTask"
"Cook a ~|pike|~","Cooking","","","","","ManualTask"
"Cook a ~|poison karambwan|~","Cooking","","","","","ManualTask"
"Cook a ~|prael bat|~","Cooking","","","","","ManualTask"
"Cook a ~|psykk bat|~","Cooking","","","","","ManualTask"
"Cook a ~|pysk fish|~","Cooking","","","","","ManualTask"
"Cook a ~|rainbow fish|~","Cooking","","","","","ManualTask"
"Cook a ~|roast beast meat|~","Cooking","","","","","ManualTask"
"Cook a ~|roast bird meat|~","Cooking","","","","","ManualTask"
"Cook a ~|roast rabbit|~","Cooking","","","","","ManualTask"
"Cook a ~|roqed fish|~","Cooking","","","","","ManualTask"
"Cook a ~|salmon|~","Cooking","","","","","ManualTask"
"Cook a ~|sardine|~","Cooking","","","","","ManualTask"
"Cook a ~|scrambled egg|~","Cooking","","","","","ManualTask"
"Cook a ~|sea turtle|~","Cooking","","","","","ManualTask"
"Cook a ~|shark|~","Cooking","","","","","ManualTask"
"Cook a ~|spicy sauce|~","Cooking","","","","","ManualTask"
"Cook a ~|spider on stick|~","Cooking","","","","","ManualTask"
"Cook a ~|spider on shaft|~","Cooking","","","","","ManualTask"
"Cook a ~|stew|~","Cooking","","","","","ManualTask"
"Cook a ~|suphi fish|~","Cooking","","","","","ManualTask"
"Cook a ~|swordfish|~","Cooking","","","","","ManualTask"
"Cook a ~|thin snail|~","Cooking","","","","","ManualTask"
"Cook a ~|trout|~","Cooking","","","","","ManualTask"
"Cook a ~|tuna|~","Cooking","","","","","ManualTask"
"Cook an ~|anglerfish|~","Cooking","","","","","ManualTask"
"Cook an ~|oomlie wrap|~","Cooking","","","","","ManualTask"
"Cook an ~|ugthanki kebab|~","Cooking","","","","","ManualTask"
"Cook ~|anchovies|~","Cooking","","","","","ManualTask"
"Cook ~|fried mushrooms|~","Cooking","","","","","ManualTask"
"Cook ~|fried onions|~","Cooking","","","","","ManualTask"
"Cook ~|shrimps|~","Cooking","","","","","ManualTask"
"Cook ~|raw swamp paste|~","Cooking","","","","","ManualTask"
"Cook ~|raw ugthanki meat|~","Cooking","","","","","ManualTask"
"Cook ~|sinew|~","Cooking","","","","","ManualTask"
"Create an ~|infernal harpoon|~","Cooking","","","","","ManualTask"
"Dissect a ~|sacred eel|~","Cooking","","","","","ManualTask"
"Make a ~|part mud pie (compost)|~","Cooking","","","","","ManualTask"
"Make a ~|part mud pie (water)|~","Cooking","","","","","ManualTask"
"Make a ~|raw mud pie|~","Cooking","","","","","ManualTask"
"Make a ~|part garden pie (tomato)|~","Cooking","","","","","ManualTask"
"Make a ~|part garden pie (onion)|~","Cooking","","","","","ManualTask"
"Make a ~|raw garden pie|~","Cooking","","","","","ManualTask"
"Make a ~|part fish pie (trout)|~","Cooking","","","","","ManualTask"
"Make a ~|part fish pie (cod)|~","Cooking","","","","","ManualTask"
"Make a ~|raw fish pie|~","Cooking","","","","","ManualTask"
"Make a ~|part admiral pie (salmon)|~","Cooking","","","","","ManualTask"
"Make a ~|part admiral pie (tuna)|~","Cooking","","","","","ManualTask"
"Make a ~|raw admiral pie|~","Cooking","","","","","ManualTask"
"Make a ~|part wild pie (raw bear meat)|~","Cooking","","","","","ManualTask"
"Make a ~|part wild pie (raw chompy)|~","Cooking","","","","","ManualTask"
"Make a ~|raw wild pie|~","Cooking","","","","","ManualTask"
"Make a ~|part summer pie (strawberry)|~","Cooking","","","","","ManualTask"
"Make a ~|part summer pie (watermelon)|~","Cooking","","","","","ManualTask"
"Make a ~|raw summer pie|~","Cooking","","","","","ManualTask"
"Make a ~|chilli con carne|~","Cooking","","","","","ManualTask"
"Make an ~|egg and tomato|~","Cooking","","","","","ManualTask"
"Make a ~|mushroom & onion|~","Cooking","","","","","ManualTask"
"Make a ~|tuna and corn|~","Cooking","","","","","ManualTask"
"Mix a ~|Blurberry special|~","Cooking","","","","","ManualTask"
"Mix a ~|choc saturday|~","Cooking","","","","","ManualTask"
"Mix a ~|drunk dragon|~","Cooking","","","","","ManualTask"
"Mix a ~|fruit blast|~","Cooking","","","","","ManualTask"
"Mix a ~|pineapple punch|~","Cooking","","","","","ManualTask"
"Mix a ~|short green guy|~","Cooking","","","","","ManualTask"
"Mix a ~|wizard blizzard|~","Cooking","","","","","ManualTask"
"Prepare a ~|catfish|~","Cooking","","","","","ManualTask"
"Prepare a ~|cavefish|~","Cooking","","","","","ManualTask"
"Prepare a ~|guppy|~","Cooking","","","","","ManualTask"
"Prepare a ~|tetra|~","Cooking","","","","","ManualTask"
"Make a ~|servery meat pie|~","Cooking","","","","","ManualTask"
"Make a ~|servery stew|~","Cooking","","","","","ManualTask"
"Make a ~|servery pineapple pizza|~","Cooking","","","","","ManualTask"
"Access the ~|Crafting Guild|~","Crafting","","","","","ManualTask"
"Participate in ~|Trouble Brewing|~ for Crafting xp","Crafting","","","","","ManualTask"
"Craft a ~|noxious halberd|~","Crafting","","","","","ManualTask"
"Make an ~|amulet of rancour|~","Crafting","","","","","ManualTask"
"Make the ~|purging staff|~","Crafting","","","","","ManualTask"
"Replace a ~|light orb|~ in Dorgesh-Kaan","Crafting","","","","","ManualTask"
"Craft a ~|limestone brick|~","Crafting","","","","","ManualTask"
"Chip any blessed bones into ~|blessed bone shards|~","Crafting","","","","","ManualTask"
"Chip a ~|blessed bone statuette|~ into blessed bone shards","Crafting","","","","","ManualTask"
"Repair one of the broken objects at the ~|Blast Furnace|~","Crafting","","","","","ManualTask"
"Craft a ~|small meat pouch|~","Crafting","","","","","ManualTask"
"Craft a ~|large meat pouch|~","Crafting","","","","","ManualTask"
"Craft a ~|small fur pouch|~","Crafting","","","","","ManualTask"
"Craft a ~|medium fur pouch|~","Crafting","","","","","ManualTask"
"Craft a ~|large fur pouch|~","Crafting","","","","","ManualTask"
"Craft a ~|pheasant hat|~","Crafting","","","","","ManualTask"
"Craft ~|pheasant legs|~","Crafting","","","","","ManualTask"
"Craft ~|pheasant boots|~","Crafting","","","","","ManualTask"
"Craft a ~|pheasant cape|~","Crafting","","","","","ManualTask"
"Create an ~|archer icon|~","Crafting","","","","","ManualTask"
"Create a ~|warrior icon|~","Crafting","","","","","ManualTask"
"Create a ~|berserker icon|~","Crafting","","","","","ManualTask"
"Create a ~|seers icon|~","Crafting","","","","","ManualTask"
"Create a ~|venator ring|~","Crafting","","","","","ManualTask"
"Create a ~|bellator ring|~","Crafting","","","","","ManualTask"
"Create an ~|ultor ring|~","Crafting","","","","","ManualTask"
"Create a ~|magus ring|~","Crafting","","","","","ManualTask"
"Make a ~|clothes pouch|~","Crafting","","","","","ManualTask"
"Make a ~|clothes pouch|~ (alt)","Crafting","","","","","ManualTask"
"Make a ~|secateurs attachment|~","Crafting","","","","","ManualTask"
"Make a ~|secateurs attachment|~ (alt)","Crafting","","","","","ManualTask"
"Repair the net on the ~|Fishing Trawler|~","Crafting","","","","","ManualTask"
"Repair barricades in ~|Pest Control|~","Crafting","","","","","ManualTask"
"Fletch a ~|wolfbone arrowtip|~","Crafting","","","","","ManualTask"
"Create an ~|accursed sceptre|~","Crafting","","","","","ManualTask"
"Craft guardian fragments into ~|guardian essence|~ in Guardians of the Rift","Crafting","","","","","ManualTask"
"Complete ~|Keldagrim tasks|~ for Crafting xp","Crafting","","","","","ManualTask"
"Burn a ~|magic pyre ship|~","Crafting","","","","","ManualTask"
"Burn a ~|mahogany pyre ship|~","Crafting","","","","","ManualTask"
"Burn a ~|maple pyre ship|~","Crafting","","","","","ManualTask"
"Burn a ~|pyre ship|~","Crafting","","","","","ManualTask"
"Burn a ~|redwood pyre ship|~","Crafting","","","","","ManualTask"
"Burn a ~|teak pyre ship|~","Crafting","","","","","ManualTask"
"Burn a ~|willow pyre ship|~","Crafting","","","","","ManualTask"
"Burn a ~|yew pyre ship|~","Crafting","","","","","ManualTask"
"Burn an ~|achey pyre ship|~","Crafting","","","","","ManualTask"
"Burn an ~|arctic pine pyre ship|~","Crafting","","","","","ManualTask"
"Burn an ~|oak pyre ship|~","Crafting","","","","","ManualTask"
"Buy the ~|Crafting cape|~","Crafting","","","","","ManualTask"
"Craft a ~|ball of wool|~","Crafting","","","","","ManualTask"
"Craft a ~|basket|~","Crafting","","","","","ManualTask"
"Craft a ~|beer glass|~","Crafting","","","","","ManualTask"
"Craft a ~|bird house|~","Crafting","","","","","ManualTask"
"Craft a ~|Hueycoatl hide body|~","Crafting","","","","","ManualTask"
"Craft a ~|Hueycoatl hide chaps|~","Crafting","","","","","ManualTask"
"Craft a ~|Hueycoatl hide coif|~","Crafting","","","","","ManualTask"
"Craft a ~|Hueycoatl hide vambraces|~","Crafting","","","","","ManualTask"
"Craft a ~|mixed hide top|~","Crafting","","","","","ManualTask"
"Craft a ~|mixed hide legs|~","Crafting","","","","","ManualTask"
"Craft a ~|mixed hide boots|~","Crafting","","","","","ManualTask"
"Craft a ~|mixed hide cape|~","Crafting","","","","","ManualTask"
"Craft a ~|black d'hide body|~","Crafting","","","","","ManualTask"
"Craft a ~|black d'hide shield|~","Crafting","","","","","ManualTask"
"Craft a ~|blue d'hide body|~","Crafting","","","","","ManualTask"
"Craft a ~|blue d'hide shield|~","Crafting","","","","","ManualTask"
"Craft a ~|bow string|~","Crafting","","","","","ManualTask"
"Craft a ~|bowl|~","Crafting","","","","","ManualTask"
"Craft a ~|broodoo shield (combat)|~","Crafting","","","","","ManualTask"
"Craft a ~|broodoo shield (poison)|~","Crafting","","","","","ManualTask"
"Craft a ~|broodoo shield (disease)|~","Crafting","","","","","ManualTask"
"Craft a ~|bryophyta's staff|~","Crafting","","","","","ManualTask"
"Make a ~|bone staff|~","Crafting","","","","","ManualTask"
"Craft a ~|clockwork|~ on a crafting table 2","Crafting","","","","","ManualTask"
"Craft a ~|toy horsey|~ on a crafting table 1","Crafting","","","","","ManualTask"
"Craft a ~|toy soldier|~ on a crafting table 3","Crafting","","","","","ManualTask"
"Craft a ~|wooden cat|~ on a crafting table 1","Crafting","","","","","ManualTask"
"Craft a ~|toy doll|~ on a crafting table 3","Crafting","","","","","ManualTask"
"Craft a ~|sextant|~ on a crafting table 4","Crafting","","","","","ManualTask"
"Craft a ~|watch|~ on a crafting table 4","Crafting","","","","","ManualTask"
"Craft a ~|clockwork suit|~ on a crafting table 3","Crafting","","","","","ManualTask"
"Craft a ~|toy mouse|~ on a crafting table 4","Crafting","","","","","ManualTask"
"Craft a ~|toy cat|~ on a crafting table 4","Crafting","","","","","ManualTask"
"Craft a ~|coif|~","Crafting","","","","","ManualTask"
"Craft a ~|colossal pouch|~","Crafting","","","","","ManualTask"
"Craft a ~|crab claw|~","Crafting","","","","","ManualTask"
"Craft a ~|crab helmet|~","Crafting","","","","","ManualTask"
"Craft a ~|crossbow string|~","Crafting","","","","","ManualTask"
"Craft a ~|crystal axe|~","Crafting","","","","","ManualTask"
"Craft a ~|crystal body|~","Crafting","","","","","ManualTask"
"Craft a ~|crystal bow|~","Crafting","","","","","ManualTask"
"Craft a ~|crystal halberd|~","Crafting","","","","","ManualTask"
"Craft a ~|crystal harpoon|~","Crafting","","","","","ManualTask"
"Craft a ~|crystal helm|~","Crafting","","","","","ManualTask"
"Craft a ~|crystal pickaxe|~","Crafting","","","","","ManualTask"
"Craft a ~|crystal shield|~","Crafting","","","","","ManualTask"
"Craft a ~|diamond amulet (u)|~","Crafting","","","","","ManualTask"
"Craft a ~|diamond bracelet|~","Crafting","","","","","ManualTask"
"Craft a ~|diamond necklace|~","Crafting","","","","","ManualTask"
"Craft a ~|diamond ring|~","Crafting","","","","","ManualTask"
"Craft a ~|dragonstone amulet (u)|~","Crafting","","","","","ManualTask"
"Craft a ~|dragon necklace|~","Crafting","","","","","ManualTask"
"Craft a ~|dragonstone bracelet|~","Crafting","","","","","ManualTask"
"Craft a ~|dragonstone ring|~","Crafting","","","","","ManualTask"
"Craft a ~|drift net|~","Crafting","","","","","ManualTask"
"Craft a ~|fire battlestaff|~","Crafting","","","","","ManualTask"
"Craft a ~|gold amulet (u)|~","Crafting","","","","","ManualTask"
"Craft a ~|gold bracelet|~","Crafting","","","","","ManualTask"
"Craft a ~|gold necklace|~","Crafting","","","","","ManualTask"
"Craft a ~|gold ring|~","Crafting","","","","","ManualTask"
"Craft a ~|green d'hide body|~","Crafting","","","","","ManualTask"
"Craft a ~|green d'hide shield|~","Crafting","","","","","ManualTask"
"Craft a ~|hard leather shield|~","Crafting","","","","","ManualTask"
"Craft a ~|hardleather body|~","Crafting","","","","","ManualTask"
"Craft a ~|heraldic helmet (construction)|~","Crafting","","","","","ManualTask"
"Craft a ~|heraldic kiteshield (construction)|~","Crafting","","","","","ManualTask"
"Craft a ~|jade amulet (u)|~","Crafting","","","","","ManualTask"
"Craft a ~|jade bracelet|~","Crafting","","","","","ManualTask"
"Craft a ~|jade necklace|~","Crafting","","","","","ManualTask"
"Craft a ~|jade ring|~","Crafting","","","","","ManualTask"
"Craft a ~|lantern lens|~","Crafting","","","","","ManualTask"
"Craft a ~|leather body|~","Crafting","","","","","ManualTask"
"Craft a ~|leather cowl|~","Crafting","","","","","ManualTask"
"Craft a ~|light orb|~","Crafting","","","","","ManualTask"
"Craft a ~|magic bird house|~","Crafting","","","","","ManualTask"
"Craft a ~|magic string|~","Crafting","","","","","ManualTask"
"Craft a ~|mahogany bird house|~","Crafting","","","","","ManualTask"
"Craft a ~|maple bird house|~","Crafting","","","","","ManualTask"
"Craft a ~|pie dish|~","Crafting","","","","","ManualTask"
"Craft a ~|pot|~","Crafting","","","","","ManualTask"
"Craft a ~|red d'hide body|~","Crafting","","","","","ManualTask"
"Craft a ~|red d'hide shield|~","Crafting","","","","","ManualTask"
"Craft a ~|redwood bird house|~","Crafting","","","","","ManualTask"
"Craft a ~|rope|~","Crafting","","","","","ManualTask"
"Craft a ~|ruby amulet (u)|~","Crafting","","","","","ManualTask"
"Craft a ~|ruby bracelet|~","Crafting","","","","","ManualTask"
"Craft a ~|ruby necklace|~","Crafting","","","","","ManualTask"
"Craft a ~|ruby ring|~","Crafting","","","","","ManualTask"
"Craft a ~|sapphire amulet (u)|~","Crafting","","","","","ManualTask"
"Craft a ~|sapphire bracelet|~","Crafting","","","","","ManualTask"
"Craft a ~|sapphire necklace|~","Crafting","","","","","ManualTask"
"Craft a ~|sapphire ring|~","Crafting","","","","","ManualTask"
"Craft a ~|serpentine helm|~","Crafting","","","","","ManualTask"
"Craft a ~|silver sickle|~","Crafting","","","","","ManualTask"
"Craft a ~|slayer helmet|~","Crafting","","","","","ManualTask"
"Craft a ~|slayer ring|~","Crafting","","","","","ManualTask"
"Craft a ~|snakeskin bandana|~","Crafting","","","","","ManualTask"
"Craft a ~|snakeskin body|~","Crafting","","","","","ManualTask"
"Craft a ~|snakeskin shield|~","Crafting","","","","","ManualTask"
"Craft a ~|snelm|~","Crafting","","","","","ManualTask"
"Craft a ~|myre snelm (pointed)|~","Crafting","","","","","ManualTask"
"Craft a ~|myre snelm (round)|~","Crafting","","","","","ManualTask"
"Craft a ~|bruise blue snelm (pointed)|~","Crafting","","","","","ManualTask"
"Craft a ~|bruise blue snelm (round)|~","Crafting","","","","","ManualTask"
"Craft a ~|broken bark snelm|~","Crafting","","","","","ManualTask"
"Craft a ~|blood'n'tar snelm (pointed)|~","Crafting","","","","","ManualTask"
"Craft a ~|blood'n'tar snelm (round)|~","Crafting","","","","","ManualTask"
"Craft a ~|ochre snelm (pointed)|~","Crafting","","","","","ManualTask"
"Craft a ~|ochre snelm (round)|~","Crafting","","","","","ManualTask"
"Craft a ~|splitbark body|~","Crafting","","","","","ManualTask"
"Craft a ~|splitbark boots|~","Crafting","","","","","ManualTask"
"Craft a ~|splitbark gauntlets|~","Crafting","","","","","ManualTask"
"Craft a ~|splitbark helm|~","Crafting","","","","","ManualTask"
"Craft a ~|splitbark legs|~","Crafting","","","","","ManualTask"
"Craft a ~|strip of cloth|~","Crafting","","","","","ManualTask"
"Craft a ~|studded body|~","Crafting","","","","","ManualTask"
"Craft a ~|teak bird house|~","Crafting","","","","","ManualTask"
"Craft a ~|tiara|~","Crafting","","","","","ManualTask"
"Craft a ~|gold tiara|~","Crafting","","","","","ManualTask"
"Craft a ~|topaz amulet (u)|~","Crafting","","","","","ManualTask"
"Craft a ~|topaz bracelet|~","Crafting","","","","","ManualTask"
"Craft a ~|topaz necklace|~","Crafting","","","","","ManualTask"
"Craft a ~|topaz ring|~","Crafting","","","","","ManualTask"
"Craft an ~|unstrung emblem|~","Crafting","","","","","ManualTask"
"Craft an ~|unstrung symbol|~","Crafting","","","","","ManualTask"
"Craft a ~|vial|~","Crafting","","","","","ManualTask"
"Craft a ~|water battlestaff|~","Crafting","","","","","ManualTask"
"Craft a ~|willow bird house|~","Crafting","","","","","ManualTask"
"Craft a ~|xerician hat|~","Crafting","","","","","ManualTask"
"Craft a ~|xerician robe|~","Crafting","","","","","ManualTask"
"Craft a ~|xerician top|~","Crafting","","","","","ManualTask"
"Craft a ~|yew bird house|~","Crafting","","","","","ManualTask"
"Craft ~|confliction gauntlets|~","Crafting","","","","","ManualTask"
"Craft a ~|zenyte amulet (u)|~","Crafting","","","","","ManualTask"
"Craft a ~|zenyte bracelet|~","Crafting","","","","","ManualTask"
"Craft a ~|zenyte necklace|~","Crafting","","","","","ManualTask"
"Craft a ~|zenyte ring|~","Crafting","","","","","ManualTask"
"Craft an ~|air battlestaff|~","Crafting","","","","","ManualTask"
"Craft an ~|earth battlestaff|~","Crafting","","","","","ManualTask"
"Craft an ~|emerald amulet (u)|~","Crafting","","","","","ManualTask"
"Craft an ~|emerald bracelet|~","Crafting","","","","","ManualTask"
"Craft an ~|emerald necklace|~","Crafting","","","","","ManualTask"
"Craft an ~|emerald ring|~","Crafting","","","","","ManualTask"
"Craft an ~|empty candle lantern|~","Crafting","","","","","ManualTask"
"Craft a ~|fishbowl|~","Crafting","","","","","ManualTask"
"Craft an ~|empty light orb|~","Crafting","","","","","ManualTask"
"Craft an ~|empty oil lamp|~","Crafting","","","","","ManualTask"
"Craft an ~|empty oil lantern|~","Crafting","","","","","ManualTask"
"Craft an ~|empty plant pot|~","Crafting","","","","","ManualTask"
"Craft an ~|empty sack|~","Crafting","","","","","ManualTask"
"Craft an ~|enhanced crystal key|~","Crafting","","","","","ManualTask"
"Craft an ~|eternal teleport crystal|~","Crafting","","","","","ManualTask"
"Craft an ~|oak bird house|~","Crafting","","","","","ManualTask"
"Craft an ~|onyx amulet (u)|~","Crafting","","","","","ManualTask"
"Craft an ~|onyx bracelet|~","Crafting","","","","","ManualTask"
"Craft an ~|onyx necklace|~","Crafting","","","","","ManualTask"
"Craft an ~|onyx ring|~","Crafting","","","","","ManualTask"
"Craft an ~|opal amulet (u)|~","Crafting","","","","","ManualTask"
"Craft an ~|opal bracelet|~","Crafting","","","","","ManualTask"
"Craft an ~|opal necklace|~","Crafting","","","","","ManualTask"
"Craft an ~|opal ring|~","Crafting","","","","","ManualTask"
"Craft a ~|pot lid|~","Crafting","","","","","ManualTask"
"Craft an ~|unfired bowl|~","Crafting","","","","","ManualTask"
"Craft an ~|unfired pie dish|~","Crafting","","","","","ManualTask"
"Craft an ~|unfired plant pot|~","Crafting","","","","","ManualTask"
"Craft an ~|unfired pot lid|~","Crafting","","","","","ManualTask"
"Craft an ~|unfired pot|~","Crafting","","","","","ManualTask"
"Craft an ~|unpowered orb|~","Crafting","","","","","ManualTask"
"Craft ~|amethyst arrowtips|~","Crafting","","","","","ManualTask"
"Craft ~|amethyst bolt tips|~","Crafting","","","","","ManualTask"
"Craft an ~|amethyst dart tip|~","Crafting","","","","","ManualTask"
"Craft ~|amethyst javelin heads|~","Crafting","","","","","ManualTask"
"Craft ~|black d'hide chaps|~","Crafting","","","","","ManualTask"
"Craft ~|black d'hide vambraces|~","Crafting","","","","","ManualTask"
"Craft ~|blue d'hide chaps|~","Crafting","","","","","ManualTask"
"Craft ~|blue d'hide vambraces|~","Crafting","","","","","ManualTask"
"Craft ~|crystal legs|~","Crafting","","","","","ManualTask"
"Craft ~|green d'hide chaps|~","Crafting","","","","","ManualTask"
"Craft ~|green d'hide vambraces|~","Crafting","","","","","ManualTask"
"Craft ~|leather boots|~","Crafting","","","","","ManualTask"
"Craft ~|leather chaps|~","Crafting","","","","","ManualTask"
"Craft ~|leather gloves|~","Crafting","","","","","ManualTask"
"Craft ~|leather vambraces|~","Crafting","","","","","ManualTask"
"Craft ~|molten glass|~","Crafting","","","","","ManualTask"
"Craft ~|polished buttons|~","Crafting","","","","","ManualTask"
"Craft ~|red d'hide chaps|~","Crafting","","","","","ManualTask"
"Craft ~|red d'hide vambraces|~","Crafting","","","","","ManualTask"
"Craft ~|silver bolts (unf)|~","Crafting","","","","","ManualTask"
"Craft ~|snakeskin boots|~","Crafting","","","","","ManualTask"
"Craft ~|snakeskin chaps|~","Crafting","","","","","ManualTask"
"Craft ~|snakeskin vambraces|~","Crafting","","","","","ManualTask"
"Craft ~|spiky vambraces|~","Crafting","","","","","ManualTask"
"Craft ~|black spiky vambraces|~","Crafting","","","","","ManualTask"
"Craft ~|blue spiky vambraces|~","Crafting","","","","","ManualTask"
"Craft ~|green spiky vambraces|~","Crafting","","","","","ManualTask"
"Craft ~|red spiky vambraces|~","Crafting","","","","","ManualTask"
"Craft ~|studded chaps|~","Crafting","","","","","ManualTask"
"Craft ~|yak-hide armour (legs)|~","Crafting","","","","","ManualTask"
"Craft ~|yak-hide armour (top)|~","Crafting","","","","","ManualTask"
"Cut a ~|diamond|~","Crafting","","","","","ManualTask"
"Cut a ~|dragonstone|~","Crafting","","","","","ManualTask"
"Cut a ~|jade|~","Crafting","","","","","ManualTask"
"Cut a ~|red topaz|~","Crafting","","","","","ManualTask"
"Cut a ~|ruby|~","Crafting","","","","","ManualTask"
"Cut a ~|sapphire|~","Crafting","","","","","ManualTask"
"Cut a ~|zenyte|~","Crafting","","","","","ManualTask"
"Cut an ~|emerald|~","Crafting","","","","","ManualTask"
"Cut an ~|onyx|~","Crafting","","","","","ManualTask"
"Cut an ~|opal|~","Crafting","","","","","ManualTask"
"Dye a ~|cape|~","Crafting","","","","","ManualTask"
"Extract sinew from a ~|damaged monkey tail|~","Crafting","","","","","ManualTask"
"Craft a ~|celestial signet|~","Crafting","","","","","ManualTask"
"Craft a ~|blade of saeldor|~","Crafting","","","","","ManualTask"
"Craft a ~|bow of faerdhinen|~","Crafting","","","","","ManualTask"
"Craft an ~|armadylean plate|~","Crafting","","","","","ManualTask"
"Craft a ~|masori mask (f)|~","Crafting","","","","","ManualTask"
"Craft a ~|masori body (f)|~","Crafting","","","","","ManualTask"
"Craft a ~|masori chaps (f)|~","Crafting","","","","","ManualTask"
"Craft a ~|divine rune pouch|~","Crafting","","","","","ManualTask"
"Mine a ~|dense essence block|~","Crafting","","","","","ManualTask"
"Repair ~|gloves of silence|~","Crafting","","","","","ManualTask"
"String a ~|rabbit foot|~","Crafting","","","","","ManualTask"
"String an ~|unstrung emblem|~","Crafting","","","","","ManualTask"
"String an ~|unstrung symbol|~","Crafting","","","","","ManualTask"
"String a ~|gold amulet|~","Crafting","","","","","ManualTask"
"String a ~|sapphire amulet|~","Crafting","","","","","ManualTask"
"String an ~|opal amulet|~","Crafting","","","","","ManualTask"
"String an ~|emerald amulet|~","Crafting","","","","","ManualTask"
"String a ~|pre-nature amulet|~","Crafting","","","","","ManualTask"
"String a ~|jade amulet|~","Crafting","","","","","ManualTask"
"String a ~|topaz amulet|~","Crafting","","","","","ManualTask"
"String a ~|ruby amulet|~","Crafting","","","","","ManualTask"
"String a ~|diamond amulet|~","Crafting","","","","","ManualTask"
"String a ~|dragonstone amulet|~","Crafting","","","","","ManualTask"
"String an ~|onyx amulet|~","Crafting","","","","","ManualTask"
"String a ~|zenyte amulet|~","Crafting","","","","","ManualTask"
"Activate ~|Augury|~","Defence","","","","","ManualTask"
"Complete ~|Keldagrim tasks|~ for Defence xp","Defence","","","","","ManualTask"
"Activate ~|Chivalry|~","Defence","","","","","ManualTask"
"Activate ~|Piety|~","Defence","","","","","ManualTask"
"Activate ~|Rigour|~","Defence","","","","","ManualTask"
"Buy the ~|Defence cape|~","Defence","","","","","ManualTask"
"Jump over the ~|rockslide (Mac)|~","Defence","","","","","ManualTask"
"Wear a ~|zombie helmet|~","Defence","","","","","ManualTask"
"Wear ~|blue moon armour|~","Defence","","","","","ManualTask"
"Wield ~|blood moon armour|~","Defence","","","","","ManualTask"
"Wear ~|eclipse moon armour|~","Defence","","","","","ManualTask"
"Wear ~|mixed hide armour|~","Defence","","","","","ManualTask"
"Wear any armour piece of the ~|ancient warrior's equipment|~","Defence","","","","","ManualTask"
"Wear a ~|tyras helm|~","Defence","","","","","ManualTask"
"Wear a ~|berserker helm|~","Defence","","","","","ManualTask"
"Wear a ~|black d'hide body|~","Defence","","","","","ManualTask"
"Wear a ~|black mask|~","Defence","","","","","ManualTask"
"Wear a ~|blue d'hide body|~","Defence","","","","","ManualTask"
"Wear a ~|dragonfire shield|~","Defence","","","","","ManualTask"
"Wear a ~|dragonfire ward|~","Defence","","","","","ManualTask"
"Wear a ~|dwarven helmet|~","Defence","","","","","ManualTask"
"Wear a ~|farseer helm|~","Defence","","","","","ManualTask"
"Wear a ~|fighter hat|~","Defence","","","","","ManualTask"
"Wear a ~|fighter torso|~","Defence","","","","","ManualTask"
"Wear a ~|fremennik helm|~","Defence","","","","","ManualTask"
"Wear a ~|green d'hide body|~","Defence","","","","","ManualTask"
"Wear a ~|hardleather body|~","Defence","","","","","ManualTask"
"Wear a ~|healer hat|~","Defence","","","","","ManualTask"
"Wear a ~|helm of neitiznot|~","Defence","","","","","ManualTask"
"Wear a ~|ranger hat|~","Defence","","","","","ManualTask"
"Wear a ~|red d'hide body|~","Defence","","","","","ManualTask"
"Wear a ~|runner hat|~","Defence","","","","","ManualTask"
"Wear a ~|serpentine helm|~","Defence","","","","","ManualTask"
"Wear a ~|spiny helmet|~","Defence","","","","","ManualTask"
"Wear a ~|studded body|~","Defence","","","","","ManualTask"
"Wear a ~|twisted buckler|~","Defence","","","","","ManualTask"
"Wear a ~|warrior helm|~","Defence","","","","","ManualTask"
"Wear an ~|ancient wyvern shield|~","Defence","","","","","ManualTask"
"Wear an ~|archer helm|~","Defence","","","","","ManualTask"
"Wear melee ~|barrows armour|~","Defence","","","","","ManualTask"
"Wear ~|Inquisitor's armour|~","Defence","","","","","ManualTask"
"Wear ~|V's shield|~","Defence","","","","","ManualTask"
"Wear ~|adamant armour|~","Defence","","","","","ManualTask"
"Wear ~|Ahrim's armour|~","Defence","","","","","ManualTask"
"Wear ~|ancestral robes|~","Defence","","","","","ManualTask"
"Wear ~|armadyl armour|~","Defence","","","","","ManualTask"
"Wear ~|bandos armour|~","Defence","","","","","ManualTask"
"Wear ~|zaryte vambraces|~","Defence","","","","","ManualTask"
"Wear ~|torva armour|~","Defence","","","","","ManualTask"
"Wear ~|oathplate armour|~","Defence","","","","","ManualTask"
"Wear ~|black armour|~","Defence","","","","","ManualTask"
"Wear ~|blessed dragonhide armour|~","Defence","","","","","ManualTask"
"Wear ~|Hueycoatl hide armour|~","Defence","","","","","ManualTask"
"Wear ~|bloodbark armour|~","Defence","","","","","ManualTask"
"Wear ~|boots of brimstone|~","Defence","","","","","ManualTask"
"Wear ~|bronze armour|~","Defence","","","","","ManualTask"
"Wear ~|dagon'hai robes|~","Defence","","","","","ManualTask"
"Wear ~|dragon armour|~","Defence","","","","","ManualTask"
"Wear ~|eternal boots|~","Defence","","","","","ManualTask"
"Wear ~|frog-leather armour|~","Defence","","","","","ManualTask"
"Wear ~|gold decorative armour|~","Defence","","","","","ManualTask"
"Wear ~|granite armour|~","Defence","","","","","ManualTask"
"Wear ~|sunfire fanatic armour|~","Defence","","","","","ManualTask"
"Wear ~|guardian boots|~","Defence","","","","","ManualTask"
"Wear ~|echo boots|~","Defence","","","","","ManualTask"
"Wear ~|avernic treads|~","Defence","","","","","ManualTask"
"Wear ~|infinity robes|~","Defence","","","","","ManualTask"
"Wear ~|initiate armour|~","Defence","","","","","ManualTask"
"Wear ~|iron armour|~","Defence","","","","","ManualTask"
"Wear ~|justiciar armour|~","Defence","","","","","ManualTask"
"Wear ~|Karil's armour|~","Defence","","","","","ManualTask"
"Wear ~|leather armour|~","Defence","","","","","ManualTask"
"Wear ~|lunar equipment|~","Defence","","","","","ManualTask"
"Wear ~|masori armour|~","Defence","","","","","ManualTask"
"Wear fortified ~|masori armour|~","Defence","","","","","ManualTask"
"Wear ~|mithril armour|~","Defence","","","","","ManualTask"
"Wear ~|mystic robes|~","Defence","","","","","ManualTask"
"Wear ~|obsidian armour|~","Defence","","","","","ManualTask"
"Wear ~|primordial boots|~","Defence","","","","","ManualTask"
"Wear ~|proselyte armour|~","Defence","","","","","ManualTask"
"Wear ~|red decorative armour|~","Defence","","","","","ManualTask"
"Wear ~|rock-shell armour|~","Defence","","","","","ManualTask"
"Wear ~|rune armour|~","Defence","","","","","ManualTask"
"Wear ~|shayzien armour|~","Defence","","","","","ManualTask"
"Wear ~|skeletal armour|~","Defence","","","","","ManualTask"
"Wear ~|snakeskin armour|~","Defence","","","","","ManualTask"
"Wear ~|spined armour|~","Defence","","","","","ManualTask"
"Wear ~|splitbark armour|~","Defence","","","","","ManualTask"
"Wear ~|steel armour|~","Defence","","","","","ManualTask"
"Wear ~|swampbark armour|~","Defence","","","","","ManualTask"
"Wear ~|white armour|~","Defence","","","","","ManualTask"
"Wear ~|white decorative armour|~","Defence","","","","","ManualTask"
"Wear ~|wizard robes|~","Defence","","","","","ManualTask"
"Wear ~|xerician robes|~","Defence","","","","","ManualTask"
"Wear ~|yak-hide armour|~","Defence","","","","","ManualTask"
"Wield a ~|Neitiznot shield|~","Defence","","","","","ManualTask"
"Wield a ~|black d'hide shield|~","Defence","","","","","ManualTask"
"Wield a ~|blessed spirit shield|~","Defence","","","","","ManualTask"
"Wield a ~|blue d'hide shield|~","Defence","","","","","ManualTask"
"Wield a ~|broodoo shield|~","Defence","","","","","ManualTask"
"Wield a ~|dragon defender|~","Defence","","","","","ManualTask"
"Wield a ~|fremennik shield|~","Defence","","","","","ManualTask"
"Wield a ~|green d'hide shield|~","Defence","","","","","ManualTask"
"Wield a ~|hard leather shield|~","Defence","","","","","ManualTask"
"Wield a ~|magic shield|~","Defence","","","","","ManualTask"
"Wield a ~|malediction ward|~","Defence","","","","","ManualTask"
"Wield a ~|maple shield|~","Defence","","","","","ManualTask"
"Wield a ~|mirror shield|~","Defence","","","","","ManualTask"
"Wield a ~|penance skirt|~","Defence","","","","","ManualTask"
"Wield a ~|red d'hide shield|~","Defence","","","","","ManualTask"
"Wield a ~|redwood shield|~","Defence","","","","","ManualTask"
"Wield a ~|snakeskin shield|~","Defence","","","","","ManualTask"
"Wield a ~|spectral spirit shield|~","Defence","","","","","ManualTask"
"Wield a ~|spirit shield|~","Defence","","","","","ManualTask"
"Wield a ~|toktz-ket-xil|~","Defence","","","","","ManualTask"
"Wield a ~|willow shield|~","Defence","","","","","ManualTask"
"Wield a ~|yew shield|~","Defence","","","","","ManualTask"
"Wield an ~|arcane spirit shield|~","Defence","","","","","ManualTask"
"Wield an ~|elidinis' ward|~","Defence","","","","","ManualTask"
"Wield an ~|elidinis' ward (f)|~","Defence","","","","","ManualTask"
"Wield an ~|elysian spirit shield|~","Defence","","","","","ManualTask"
"Wield an ~|oak shield|~","Defence","","","","","ManualTask"
"Wield an ~|odium ward|~","Defence","","","","","ManualTask"
"Wield ~|penance gloves|~","Defence","","","","","ManualTask"
"Wield ~|runner boots|~","Defence","","","","","ManualTask"
"Access the ~|Farming Guild#Advanced tier|~","Farming","","","","","ManualTask"
"Obtain ~|spirit seed|~ from a supply crate","Farming","","","","","ManualTask"
"Obtain ~|dwarf weed seed|~ from a supply crate","Farming","","","","","ManualTask"
"Obtain ~|lantadyme seed|~ from a supply crate","Farming","","","","","ManualTask"
"Obtain ~|cadantine seed|~ from a supply crate","Farming","","","","","ManualTask"
"Obtain ~|snapdragon seed|~ from a supply crate","Farming","","","","","ManualTask"
"Obtain ~|yew seed|~ from a supply crate","Farming","","","","","ManualTask"
"Obtain ~|snape grass seed|~ from a supply crate","Farming","","","","","ManualTask"
"Obtain ~|kwuarm seed|~ from a supply crate","Farming","","","","","ManualTask"
"Obtain ~|watermelon seed|~ from a supply crate","Farming","","","","","ManualTask"
"Complete an easy ~|farming contract|~","Farming","","","","","ManualTask"
"Complete a medium ~|farming contract|~","Farming","","","","","ManualTask"
"Complete a hard ~|farming contract|~","Farming","","","","","ManualTask"
"Gain xp in the Struggling Sapling ~|Forestry|~ event","Farming","","","","","ManualTask"
"Pick from either mushroom in the ~|Duke Sucellus|~ fight","Farming","","","","","ManualTask"
"Make ~|nature offerings|~","Farming","","","","","ManualTask"
"Access the ~|Farming Guild#Beginner tier|~","Farming","","","","","ManualTask"
"Access the ~|Farming Guild#Intermediate tier|~","Farming","","","","","ManualTask"
"Build a ~|scarecrow|~","Farming","","","","","ManualTask"
"Buy the ~|Farming cape|~","Farming","","","","","ManualTask"
"Grow a ~|banana tree|~","Farming","","","","","ManualTask"
"Grow a ~|bologano fruit|~","Farming","","","","","ManualTask"
"Grow a ~|cabbage|~","Farming","","","","","ManualTask"
"Grow a ~|cactus (Farming)|~","Farming","","","","","ManualTask"
"Grow a ~|calquat tree|~","Farming","","","","","ManualTask"
"Grow a ~|cave nightshade|~","Farming","","","","","ManualTask"
"Grow a ~|celastrus tree|~","Farming","","","","","ManualTask"
"Grow a ~|crystal tree|~","Farming","","","","","ManualTask"
"Grow a ~|curry tree|~","Farming","","","","","ManualTask"
"Grow a ~|dragonfruit tree|~","Farming","","","","","ManualTask"
"Grow a ~|golovanova fruit|~","Farming","","","","","ManualTask"
"Grow a ~|golovanova fruit|~ alt","Farming","","","","","ManualTask"
"Grow a ~|goutweed|~","Farming","","","","","ManualTask"
"Grow a ~|grimy avantoe|~","Farming","","","","","ManualTask"
"Grow a ~|grimy buchu|~","Farming","","","","","ManualTask"
"Grow a ~|grimy cadantine|~","Farming","","","","","ManualTask"
"Grow a ~|grimy dwarf weed|~","Farming","","","","","ManualTask"
"Grow a ~|grimy golpar|~","Farming","","","","","ManualTask"
"Grow a ~|grimy guam leaf|~","Farming","","","","","ManualTask"
"Grow a ~|grimy harralander|~","Farming","","","","","ManualTask"
"Grow a ~|grimy irit leaf|~","Farming","","","","","ManualTask"
"Grow a ~|grimy kwuarm|~","Farming","","","","","ManualTask"
"Grow a ~|grimy lantadyme|~","Farming","","","","","ManualTask"
"Grow a ~|grimy marrentill|~","Farming","","","","","ManualTask"
"Grow a ~|grimy noxifer|~","Farming","","","","","ManualTask"
"Grow a ~|grimy huasca|~","Farming","","","","","ManualTask"
"Grow a ~|grimy ranarr weed|~","Farming","","","","","ManualTask"
"Grow a ~|grimy snapdragon|~","Farming","","","","","ManualTask"
"Grow a ~|grimy tarromin|~","Farming","","","","","ManualTask"
"Grow a ~|grimy toadflax|~","Farming","","","","","ManualTask"
"Grow a ~|grimy torstol|~","Farming","","","","","ManualTask"
"Grow a ~|jute fibre|~","Farming","","","","","ManualTask"
"Grow a ~|kronos plant|~","Farming","","","","","ManualTask"
"Grow a ~|limpwurt root|~","Farming","","","","","ManualTask"
"Grow a ~|logavano fruit|~","Farming","","","","","ManualTask"
"Grow a ~|magic tree|~","Farming","","","","","ManualTask"
"Grow a ~|mahogany tree|~","Farming","","","","","ManualTask"
"Grow a ~|maple tree|~","Farming","","","","","ManualTask"
"Grow a ~|marigold|~","Farming","","","","","ManualTask"
"Grow a ~|mushroom|~","Farming","","","","","ManualTask"
"Grow a ~|nasturtium|~","Farming","","","","","ManualTask"
"Grow a ~|palm tree|~","Farming","","","","","ManualTask"
"Grow a ~|papaya tree|~","Farming","","","","","ManualTask"
"Grow a ~|pineapple plant|~","Farming","","","","","ManualTask"
"Grow a ~|potato cactus|~","Farming","","","","","ManualTask"
"Grow a ~|potato|~","Farming","","","","","ManualTask"
"Grow a ~|redwood tree|~","Farming","","","","","ManualTask"
"Grow a ~|rosemary|~","Farming","","","","","ManualTask"
"Grow a ~|spirit tree|~","Farming","","","","","ManualTask"
"Grow a ~|strawberry|~","Farming","","","","","ManualTask"
"Grow a ~|sweetcorn|~","Farming","","","","","ManualTask"
"Grow a ~|teak tree|~","Farming","","","","","ManualTask"
"Grow a ~|tomato|~","Farming","","","","","ManualTask"
"Grow a ~|watermelon|~","Farming","","","","","ManualTask"
"Grow a ~|white lily|~","Farming","","","","","ManualTask"
"Grow a ~|willow tree|~","Farming","","","","","ManualTask"
"Grow a ~|woad leaf|~","Farming","","","","","ManualTask"
"Grow a ~|yew tree|~","Farming","","","","","ManualTask"
"Grow an ~|apple tree|~","Farming","","","","","ManualTask"
"Grow an ~|attas plant|~","Farming","","","","","ManualTask"
"Grow an ~|iasor plant|~","Farming","","","","","ManualTask"
"Grow an ~|oak tree|~","Farming","","","","","ManualTask"
"Grow an ~|onion|~","Farming","","","","","ManualTask"
"Grow an ~|orange tree|~","Farming","","","","","ManualTask"
"Grow ~|Hespori|~","Farming","","","","","ManualTask"
"Grow ~|asgarnian hops|~","Farming","","","","","ManualTask"
"Grow ~|barley|~","Farming","","","","","ManualTask"
"Grow ~|cadava berries|~","Farming","","","","","ManualTask"
"Grow ~|dwellberries|~","Farming","","","","","ManualTask"
"Grow ~|giant seaweed|~","Farming","","","","","ManualTask"
"Grow ~|grapes|~","Farming","","","","","ManualTask"
"Grow ~|zamorak's grapes|~","Farming","","","","","ManualTask"
"Grow ~|hammerstone hops|~","Farming","","","","","ManualTask"
"Grow ~|jangerberries|~","Farming","","","","","ManualTask"
"Grow ~|krandorian hops|~","Farming","","","","","ManualTask"
"Grow ~|poison ivy berries|~","Farming","","","","","ManualTask"
"Grow ~|redberries|~","Farming","","","","","ManualTask"
"Grow ~|snape grass|~","Farming","","","","","ManualTask"
"Grow ~|white berries|~","Farming","","","","","ManualTask"
"Grow ~|wildblood hops|~","Farming","","","","","ManualTask"
"Grow ~|yanillian hops|~","Farming","","","","","ManualTask"
"Pick a ~|star flower|~","Farming","","","","","ManualTask"
"Pick herbs or fruit in the ~|Sorceress's Garden|~","Farming","","","","","ManualTask"
"Make ~|supercompost|~ with saltpetre","Farming","","","","","ManualTask"
"Make ~|ultracompost|~","Farming","","","","","ManualTask"
"Rake a ~|farming patch|~","Farming","","","","","ManualTask"
"Rake weeds from a ~|farming patch|~","Farming","","","","","ManualTask"
"Rake the ~|Kelda Hops Patch|~","Farming","","","","","ManualTask"
"Access the ~|Wintertodt|~","Firemaking","","","","","ManualTask"
"Participate in ~|Trouble Brewing|~ for Firemaking xp","Firemaking","","","","","ManualTask"
"Operate the stove at the ~|Blast Furnace|~","Firemaking","","","","","ManualTask"
"Burn wood at ~|Wintertodt|~","Firemaking","","","","","ManualTask"
"Add ~|raw rabbit|~ to a spit","Firemaking","","","","","ManualTask"
"Add ~|raw bird meat|~ to a spit","Firemaking","","","","","ManualTask"
"Add ~|raw beast meat|~ to a spit","Firemaking","","","","","ManualTask"
"Add ~|raw chompy|~ to a spit","Firemaking","","","","","ManualTask"
"Burn ~|achey tree logs|~","Firemaking","","","","","ManualTask"
"Burn ~|achey tree logs|~ at a fire","Firemaking","","","","","ManualTask"
"Burn ~|arctic pine logs|~","Firemaking","","","","","ManualTask"
"Burn ~|arctic pine logs|~ at a fire","Firemaking","","","","","ManualTask"
"Burn ~|arctic pyre logs|~","Firemaking","","","","","ManualTask"
"Burn ~|blisterwood logs|~","Firemaking","","","","","ManualTask"
"Burn ~|blisterwood logs|~ at a fire","Firemaking","","","","","ManualTask"
"Burn ~|kindling (Chambers of Xeric)|~","Firemaking","","","","","ManualTask"
"Burn ~|logs|~","Firemaking","","","","","ManualTask"
"Burn ~|logs|~ at a fire","Firemaking","","","","","ManualTask"
"Burn ~|magic logs|~","Firemaking","","","","","ManualTask"
"Burn ~|magic logs|~ at a fire","Firemaking","","","","","ManualTask"
"Burn ~|magic pyre logs|~","Firemaking","","","","","ManualTask"
"Burn ~|mahogany logs|~","Firemaking","","","","","ManualTask"
"Burn ~|mahogany logs|~ at a fire","Firemaking","","","","","ManualTask"
"Burn ~|mahogany pyre logs|~","Firemaking","","","","","ManualTask"
"Burn ~|maple logs|~","Firemaking","","","","","ManualTask"
"Burn ~|maple logs|~ at a fire","Firemaking","","","","","ManualTask"
"Burn ~|maple pyre logs|~","Firemaking","","","","","ManualTask"
"Burn ~|oak logs|~","Firemaking","","","","","ManualTask"
"Burn ~|oak logs|~ at a fire","Firemaking","","","","","ManualTask"
"Burn ~|oak pyre logs|~","Firemaking","","","","","ManualTask"
"Burn ~|pyre logs|~","Firemaking","","","","","ManualTask"
"Burn ~|redwood logs|~","Firemaking","","","","","ManualTask"
"Burn ~|redwood logs|~ at a fire","Firemaking","","","","","ManualTask"
"Burn ~|redwood pyre logs|~","Firemaking","","","","","ManualTask"
"Burn ~|teak logs|~","Firemaking","","","","","ManualTask"
"Burn ~|teak logs|~ at a fire","Firemaking","","","","","ManualTask"
"Burn ~|teak pyre logs|~","Firemaking","","","","","ManualTask"
"Burn ~|willow logs|~","Firemaking","","","","","ManualTask"
"Burn ~|willow logs|~ at a fire","Firemaking","","","","","ManualTask"
"Burn ~|willow pyre logs|~","Firemaking","","","","","ManualTask"
"Burn ~|yew logs|~","Firemaking","","","","","ManualTask"
"Burn ~|yew logs|~ at a fire","Firemaking","","","","","ManualTask"
"Burn ~|yew pyre logs|~","Firemaking","","","","","ManualTask"
"Buy the ~|Firemaking cape|~","Firemaking","","","","","ManualTask"
"Create ~|dynamite(p)|~","Firemaking","","","","","ManualTask"
"Light a ~|bug lantern|~","Firemaking","","","","","ManualTask"
"Light a ~|bullseye lantern|~","Firemaking","","","","","ManualTask"
"Light a white ~|candle lantern|~","Firemaking","","","","","ManualTask"
"Light a black ~|candle lantern|~","Firemaking","","","","","ManualTask"
"Light a ~|candle|~","Firemaking","","","","","ManualTask"
"Light a ~|black candle|~","Firemaking","","","","","ManualTask"
"Light a ~|mining helmet|~","Firemaking","","","","","ManualTask"
"Light a ~|sapphire lantern|~","Firemaking","","","","","ManualTask"
"Light an ~|emerald lantern|~","Firemaking","","","","","ManualTask"
"Light a ~|torch|~","Firemaking","","","","","ManualTask"
"Light an ~|oil lamp|~","Firemaking","","","","","ManualTask"
"Light an ~|oil lantern|~","Firemaking","","","","","ManualTask"
"Light an ~|abyssal lantern|~ with logs","Firemaking","","","","","ManualTask"
"Light an ~|abyssal lantern|~ with oak logs","Firemaking","","","","","ManualTask"
"Light an ~|abyssal lantern|~ with willow logs","Firemaking","","","","","ManualTask"
"Light an ~|abyssal lantern|~ with maple logs","Firemaking","","","","","ManualTask"
"Light an ~|abyssal lantern|~ with yew logs","Firemaking","","","","","ManualTask"
"Light an ~|abyssal lantern|~ with blisterwood logs","Firemaking","","","","","ManualTask"
"Light an ~|abyssal lantern|~ with magic logs","Firemaking","","","","","ManualTask"
"Light an ~|abyssal lantern|~ with redwood logs","Firemaking","","","","","ManualTask"
"Travel by ~|hot air balloon|~ to Taverley","Firemaking","","","","","ManualTask"
"Travel by ~|hot air balloon|~ to the Crafting Guild","Firemaking","","","","","ManualTask"
"Travel by ~|hot air balloon|~ to the south of the Lumber Yard","Firemaking","","","","","ManualTask"
"Travel by ~|hot air balloon|~ to Castle Wars","Firemaking","","","","","ManualTask"
"Travel by ~|hot air balloon|~ to the Grand Tree","Firemaking","","","","","ManualTask"
"Access the ~|fishing guild|~","Fishing","","","","","ManualTask"
"Access the ~|Tempoross|~","Fishing","","","","","ManualTask"
"Unlock the best rewards bracket from ~|Tempoross|~","Fishing","","","","","ManualTask"
"Buy the ~|Fishing cape|~","Fishing","","","","","ManualTask"
"Obtain ~|raw shark|~ from a supply crate","Fishing","","","","","ManualTask"
"Obtain ~|raw swordfish|~ from a supply crate","Fishing","","","","","ManualTask"
"Obtain ~|raw lobster|~ from a supply crate","Fishing","","","","","ManualTask"
"Pan at a ~|panning point|~","Fishing","","","","","ManualTask"
"Catch a ~|raw bream|~","Fishing","","","","","ManualTask"
"Catch a ~|bluegill|~","Fishing","","","","","ManualTask"
"Catch a ~|brawk fish|~","Fishing","","","","","ManualTask"
"Catch a ~|common tench|~","Fishing","","","","","ManualTask"
"Catch a ~|fish shoal|~","Fishing","","","","","ManualTask"
"Catch a ~|frog spawn|~","Fishing","","","","","ManualTask"
"Catch a ~|greater siren|~","Fishing","","","","","ManualTask"
"Catch a ~|kyren fish|~","Fishing","","","","","ManualTask"
"Catch a ~|leckish fish|~","Fishing","","","","","ManualTask"
"Catch a ~|minnow|~","Fishing","","","","","ManualTask"
"Catch a ~|mottled eel|~","Fishing","","","","","ManualTask"
"Catch a ~|mycil fish|~","Fishing","","","","","ManualTask"
"Catch a ~|pysk fish|~","Fishing","","","","","ManualTask"
"Catch a ~|raw anglerfish|~","Fishing","","","","","ManualTask"
"Catch a ~|raw bass|~","Fishing","","","","","ManualTask"
"Catch junk loot from a ~|fishing spot (big net, harpoon)|~","Fishing","","","","","ManualTask"
"Catch a ~|raw catfish|~","Fishing","","","","","ManualTask"
"Catch a ~|raw cave eel|~","Fishing","","","","","ManualTask"
"Catch a ~|raw cavefish|~","Fishing","","","","","ManualTask"
"Catch a ~|raw cod|~","Fishing","","","","","ManualTask"
"Catch a ~|raw dark crab|~","Fishing","","","","","ManualTask"
"Catch a ~|raw guppy|~","Fishing","","","","","ManualTask"
"Catch a ~|raw herring|~","Fishing","","","","","ManualTask"
"Catch a ~|raw karambwanji|~","Fishing","","","","","ManualTask"
"Catch a ~|raw karambwan|~","Fishing","","","","","ManualTask"
"Catch a ~|raw lava eel|~","Fishing","","","","","ManualTask"
"Catch a ~|raw lobster|~","Fishing","","","","","ManualTask"
"Fish at a ~|fishing spot (cage, harpoon)#Miscellania|~","Fishing","","","","","ManualTask"
"Fish at a ~|fishing spot (Civitas illa Fortis)|~","Fishing","","","","","ManualTask"
"Fish at a ~|fishing spot (The Stranglewood)|~","Fishing","","","","","ManualTask"
"Catch a ~|raw mackerel|~","Fishing","","","","","ManualTask"
"Catch a ~|raw manta ray|~","Fishing","","","","","ManualTask"
"Catch a ~|raw monkfish|~","Fishing","","","","","ManualTask"
"Catch a ~|raw pike|~","Fishing","","","","","ManualTask"
"Catch a ~|raw rainbow fish|~","Fishing","","","","","ManualTask"
"Catch a ~|raw salmon|~","Fishing","","","","","ManualTask"
"Catch a ~|raw sardine|~","Fishing","","","","","ManualTask"
"Catch a ~|raw sea turtle|~","Fishing","","","","","ManualTask"
"Catch a ~|raw shark|~","Fishing","","","","","ManualTask"
"Catch a ~|raw slimy eel|~","Fishing","","","","","ManualTask"
"Catch a ~|raw swordfish|~","Fishing","","","","","ManualTask"
"Catch a ~|raw tetra|~","Fishing","","","","","ManualTask"
"Catch a ~|raw trout|~","Fishing","","","","","ManualTask"
"Catch a ~|raw tuna|~","Fishing","","","","","ManualTask"
"Catch a ~|roqed fish|~","Fishing","","","","","ManualTask"
"Catch a ~|sacred eel|~","Fishing","","","","","ManualTask"
"Catch a ~|suphi fish|~","Fishing","","","","","ManualTask"
"Catch an ~|infernal eel|~","Fishing","","","","","ManualTask"
"Train fishing on the ~|Fishing Trawler|~","Fishing","","","","","ManualTask"
"Catch fish on the ~|Fishing Trawler|~","Fishing","","","","","ManualTask"
"Catch oysters on the ~|Fishing Trawler|~","Fishing","","","","","ManualTask"
"Catch tunas on the ~|Fishing Trawler|~","Fishing","","","","","ManualTask"
"Catch lobsters on the ~|Fishing Trawler|~","Fishing","","","","","ManualTask"
"Catch swordfish on the ~|Fishing Trawler|~","Fishing","","","","","ManualTask"
"Catch sharks on the ~|Fishing Trawler|~","Fishing","","","","","ManualTask"
"Catch ~|raw anchovies|~","Fishing","","","","","ManualTask"
"Catch ~|raw shrimps|~","Fishing","","","","","ManualTask"
"Use a ~|crystal harpoon|~","Fishing","","","","","ManualTask"
"Use a ~|dragon harpoon|~","Fishing","","","","","ManualTask"
"Wear the ~|angler's outfit|~","Fishing","","","","","ManualTask"
"Buy the ~|Fletching cape|~","Fletching","","","","","ManualTask"
"Participate in ~|Vale Totems|~ for Fletching xp","Fletching","","","","","ManualTask"
"Participate in ~|Trouble Brewing|~ for Fletching xp","Fletching","","","","","ManualTask"
"Gain xp in the Friendly Ent ~|Forestry|~ event","Fletching","","","","","ManualTask"
"Make the ~|scorching bow|~","Fletching","","","","","ManualTask"
"Make a ~|hunters' sunlight crossbow|~","Fletching","","","","","ManualTask"
"Make ~|sunlight antler bolts|~","Fletching","","","","","ManualTask"
"Make ~|moonlight antler bolts|~","Fletching","","","","","ManualTask"
"Make a ~|hunter's spear|~","Fletching","","","","","ManualTask"
"Make a ~|bone shortbow|~","Fletching","","","","","ManualTask"
"Fletch an ~|atlatl dart shaft|~","Fletching","","","","","ManualTask"
"Fletch a ~|greenman statue|~","Fletching","","","","","ManualTask"
"Fletch a ~|greenman carving|~","Fletching","","","","","ManualTask"
"Fletch ~|bruma kindling|~","Fletching","","","","","ManualTask"
"Create a ~|webweaver bow|~","Fletching","","","","","ManualTask"
"Fletch an ~|unstring comp bow|~","Fletching","","","","","ManualTask"
"String a ~|comp ogre bow|~","Fletching","","","","","ManualTask"
"Fletch a ~|battlestaff|~","Fletching","","","","","ManualTask"
"Fletch a ~|black brutal|~ arrow","Fletching","","","","","ManualTask"
"Fletch a ~|blurite crossbow (u)|~","Fletching","","","","","ManualTask"
"Fletch a ~|bronze arrow|~","Fletching","","","","","ManualTask"
"Fletch a ~|bronze brutal|~ arrow","Fletching","","","","","ManualTask"
"Fletch a ~|bronze crossbow (u)|~","Fletching","","","","","ManualTask"
"Fletch a ~|bronze dart|~","Fletching","","","","","ManualTask"
"Fletch a ~|bronze javelin|~","Fletching","","","","","ManualTask"
"Fletch a ~|dragon arrow|~","Fletching","","","","","ManualTask"
"Fletch a ~|dragon crossbow (u)|~","Fletching","","","","","ManualTask"
"Fletch a ~|dragon dart|~","Fletching","","","","","ManualTask"
"Fletch a ~|dragon javelin|~","Fletching","","","","","ManualTask"
"Fletch a ~|headless arrow|~","Fletching","","","","","ManualTask"
"Fletch a ~|headless atlatl dart|~","Fletching","","","","","ManualTask"
"Cut ~|atlatl dart tips|~","Fletching","","","","","ManualTask"
"Fletch an ~|atlatl dart|~","Fletching","","","","","ManualTask"
"Fletch a ~|heavy ballista|~","Fletching","","","","","ManualTask"
"Fletch a ~|light ballista|~","Fletching","","","","","ManualTask"
"Fletch a ~|longbow (u)|~","Fletching","","","","","ManualTask"
"Fletch a ~|magic longbow (u)|~","Fletching","","","","","ManualTask"
"Fletch a ~|magic shield|~","Fletching","","","","","ManualTask"
"Fletch a ~|magic shortbow (u)|~","Fletching","","","","","ManualTask"
"Fletch a ~|magic stock|~","Fletching","","","","","ManualTask"
"Fletch a ~|mahogany stock|~","Fletching","","","","","ManualTask"
"Fletch a ~|maple longbow (u)|~","Fletching","","","","","ManualTask"
"Fletch a ~|maple shield|~","Fletching","","","","","ManualTask"
"Fletch a ~|maple shortbow (u)|~","Fletching","","","","","ManualTask"
"Fletch a ~|maple stock|~","Fletching","","","","","ManualTask"
"Fletch a ~|mith grapple|~","Fletching","","","","","ManualTask"
"Fletch a ~|mithril arrow|~","Fletching","","","","","ManualTask"
"Fletch a ~|mithril brutal|~ arrow","Fletching","","","","","ManualTask"
"Fletch a ~|mithril crossbow (u)|~","Fletching","","","","","ManualTask"
"Fletch a ~|mithril dart|~","Fletching","","","","","ManualTask"
"Fletch a ~|mithril javelin|~","Fletching","","","","","ManualTask"
"Fletch an ~|oak stock|~","Fletching","","","","","ManualTask"
"Fletch a ~|redwood hiking staff|~","Fletching","","","","","ManualTask"
"Fletch a ~|redwood shield|~","Fletching","","","","","ManualTask"
"Fletch a ~|rune arrow|~","Fletching","","","","","ManualTask"
"Fletch a ~|rune brutal|~ arrow","Fletching","","","","","ManualTask"
"Fletch a ~|rune crossbow (u)|~","Fletching","","","","","ManualTask"
"Fletch a ~|rune dart|~","Fletching","","","","","ManualTask"
"Fletch a ~|rune javelin|~","Fletching","","","","","ManualTask"
"Fletch a ~|shortbow (u)|~","Fletching","","","","","ManualTask"
"Fletch a ~|steel arrow|~","Fletching","","","","","ManualTask"
"Fletch a ~|steel brutal|~ arrow","Fletching","","","","","ManualTask"
"Fletch a ~|steel crossbow (u)|~","Fletching","","","","","ManualTask"
"Fletch a ~|steel dart|~","Fletching","","","","","ManualTask"
"Fletch a ~|steel javelin|~","Fletching","","","","","ManualTask"
"Fletch a ~|teak stock|~","Fletching","","","","","ManualTask"
"Fletch a ~|toxic blowpipe|~","Fletching","","","","","ManualTask"
"Fletch a ~|willow longbow (u)|~","Fletching","","","","","ManualTask"
"Fletch a ~|willow shield|~","Fletching","","","","","ManualTask"
"Fletch a ~|willow shortbow (u)|~","Fletching","","","","","ManualTask"
"Fletch a ~|willow stock|~","Fletching","","","","","ManualTask"
"Fletch a ~|wooden stock|~","Fletching","","","","","ManualTask"
"Fletch a ~|yew longbow (u)|~","Fletching","","","","","ManualTask"
"Fletch a ~|yew shield|~","Fletching","","","","","ManualTask"
"Fletch a ~|yew shortbow (u)|~","Fletching","","","","","ManualTask"
"Fletch a ~|yew stock|~","Fletching","","","","","ManualTask"
"Fletch an ~|adamant arrow|~","Fletching","","","","","ManualTask"
"Fletch an ~|adamant brutal|~ arrow","Fletching","","","","","ManualTask"
"Fletch an ~|adamant crossbow (u)|~","Fletching","","","","","ManualTask"
"Fletch an ~|adamant dart|~","Fletching","","","","","ManualTask"
"Fletch an ~|adamant javelin|~","Fletching","","","","","ManualTask"
"Fletch an ~|amethyst arrow|~","Fletching","","","","","ManualTask"
"Fletch an ~|amethyst dart|~","Fletching","","","","","ManualTask"
"Fletch an ~|amethyst javelin|~","Fletching","","","","","ManualTask"
"Fletch an ~|flighted ogre arrow|~","Fletching","","","","","ManualTask"
"Fletch an ~|iron arrow|~","Fletching","","","","","ManualTask"
"Fletch an ~|iron brutal|~ arrow","Fletching","","","","","ManualTask"
"Fletch an ~|iron crossbow (u)|~","Fletching","","","","","ManualTask"
"Fletch an ~|iron dart|~","Fletching","","","","","ManualTask"
"Fletch an ~|iron javelin|~","Fletching","","","","","ManualTask"
"Fletch an ~|oak longbow (u)|~","Fletching","","","","","ManualTask"
"Fletch an ~|oak shield|~","Fletching","","","","","ManualTask"
"Fletch an ~|oak shortbow (u)|~","Fletching","","","","","ManualTask"
"Fletch an ~|ogre arrow|~","Fletching","","","","","ManualTask"
"Fletch ~|achey tree logs|~","Fletching","","","","","ManualTask"
"Fletch ~|adamant bolts|~","Fletching","","","","","ManualTask"
"Fletch ~|amethyst broad bolts|~","Fletching","","","","","ManualTask"
"Fletch ~|barbed bolts|~","Fletching","","","","","ManualTask"
"Fletch ~|blurite bolts|~","Fletching","","","","","ManualTask"
"Fletch ~|broad arrows|~","Fletching","","","","","ManualTask"
"Fletch ~|broad bolts|~","Fletching","","","","","ManualTask"
"Fletch ~|bronze bolts|~","Fletching","","","","","ManualTask"
"Cut ~|diamond bolt tips|~","Fletching","","","","","ManualTask"
"Fletch ~|diamond bolts|~","Fletching","","","","","ManualTask"
"Fletch ~|dragon bolts|~","Fletching","","","","","ManualTask"
"Cut ~|dragonstone bolt tips|~","Fletching","","","","","ManualTask"
"Fletch ~|dragonstone bolts|~","Fletching","","","","","ManualTask"
"Cut ~|emerald bolt tips|~","Fletching","","","","","ManualTask"
"Fletch ~|emerald bolts|~","Fletching","","","","","ManualTask"
"Fletch ~|iron bolts|~","Fletching","","","","","ManualTask"
"Cut ~|jade bolt tips|~","Fletching","","","","","ManualTask"
"Fletch ~|jade bolts|~","Fletching","","","","","ManualTask"
"Fletch ~|kebbit bolts|~","Fletching","","","","","ManualTask"
"Fletch ~|logs|~ into shafts","Fletching","","","","","ManualTask"
"Fletch ~|logs|~ into javelin shafts","Fletching","","","","","ManualTask"
"Fletch ~|long kebbit bolts|~","Fletching","","","","","ManualTask"
"Fletch ~|magic logs|~ into shafts","Fletching","","","","","ManualTask"
"Fletch ~|maple logs|~ into shafts","Fletching","","","","","ManualTask"
"Fletch ~|mithril bolts|~","Fletching","","","","","ManualTask"
"Fletch ~|oak logs|~ into shafts","Fletching","","","","","ManualTask"
"Cut ~|onyx bolt tips|~","Fletching","","","","","ManualTask"
"Fletch ~|onyx bolts|~","Fletching","","","","","ManualTask"
"Cut ~|opal bolt tips|~","Fletching","","","","","ManualTask"
"Fletch ~|opal bolts|~","Fletching","","","","","ManualTask"
"Cut ~|pearl bolt tips|~","Fletching","","","","","ManualTask"
"Fletch ~|pearl bolts|~","Fletching","","","","","ManualTask"
"Fletch ~|redwood logs|~ into shafts","Fletching","","","","","ManualTask"
"Cut ~|ruby bolt tips|~","Fletching","","","","","ManualTask"
"Fletch ~|ruby bolts|~","Fletching","","","","","ManualTask"
"Fletch ~|runite bolts|~","Fletching","","","","","ManualTask"
"Cut ~|sapphire bolt tips|~","Fletching","","","","","ManualTask"
"Fletch ~|sapphire bolts|~","Fletching","","","","","ManualTask"
"Fletch ~|silver bolts|~","Fletching","","","","","ManualTask"
"Fletch ~|steel bolts|~","Fletching","","","","","ManualTask"
"Cut ~|topaz bolt tips|~","Fletching","","","","","ManualTask"
"Fletch ~|topaz bolts|~","Fletching","","","","","ManualTask"
"Fletch ~|willow logs|~ into shafts","Fletching","","","","","ManualTask"
"Fletch ~|yew logs|~ into shafts","Fletching","","","","","ManualTask"
"String a ~|blurite crossbow|~","Fletching","","","","","ManualTask"
"String a ~|bronze crossbow|~","Fletching","","","","","ManualTask"
"String a ~|dragon crossbow|~","Fletching","","","","","ManualTask"
"String a ~|longbow|~","Fletching","","","","","ManualTask"
"String a ~|magic longbow|~","Fletching","","","","","ManualTask"
"String a ~|magic shortbow|~","Fletching","","","","","ManualTask"
"String a ~|maple longbow|~","Fletching","","","","","ManualTask"
"String a ~|maple shortbow|~","Fletching","","","","","ManualTask"
"String a ~|mithril crossbow|~","Fletching","","","","","ManualTask"
"String a ~|rune crossbow|~","Fletching","","","","","ManualTask"
"String a ~|shortbow|~","Fletching","","","","","ManualTask"
"String a ~|steel crossbow|~","Fletching","","","","","ManualTask"
"String a ~|willow longbow|~","Fletching","","","","","ManualTask"
"String a ~|willow shortbow|~","Fletching","","","","","ManualTask"
"String a ~|yew longbow|~","Fletching","","","","","ManualTask"
"String a ~|yew shortbow|~","Fletching","","","","","ManualTask"
"String an ~|adamant crossbow|~","Fletching","","","","","ManualTask"
"String an ~|iron crossbow|~","Fletching","","","","","ManualTask"
"String an ~|oak longbow|~","Fletching","","","","","ManualTask"
"String an ~|oak shortbow|~","Fletching","","","","","ManualTask"
"Unlock ~|Herblore|~ after Druidic Ritual","Herblore","","","","","ManualTask"
"Unlock ~|Herblore|~ with rogue's purse","Herblore","","","","","ManualTask"
"Unlock ~|Herblore|~ with snake weed","Herblore","","","","","ManualTask"
"Unlock ~|Herblore|~ with ardrigal","Herblore","","","","","ManualTask"
"Unlock ~|Herblore|~ with sito foil","Herblore","","","","","ManualTask"
"Unlock ~|Herblore|~ with volencia moss","Herblore","","","","","ManualTask"
"Unlock ~|Herblore|~ with guam leaf","Herblore","","","","","ManualTask"
"Buy the ~|Herblore cape|~","Herblore","","","","","ManualTask"
"Prep the highest number of kills for ~|Duke Sucellus|~","Herblore","","","","","ManualTask"
"Participate in ~|Mastering Mixology|~","Herblore","","","","","ManualTask"
"Mix a ~|mammoth-might mix|~ during Mastering Mixology","Herblore","","","","","ManualTask"
"Mix a ~|mystic mana amalgam|~ during Mastering Mixology","Herblore","","","","","ManualTask"
"Mix a ~|Marley's moonlight|~ during Mastering Mixology","Herblore","","","","","ManualTask"
"Mix an ~|azure aura mix|~ during Mastering Mixology","Herblore","","","","","ManualTask"
"Mix an ~|alco-augmentator|~ during Mastering Mixology","Herblore","","","","","ManualTask"
"Mix a ~|mixalot|~ during Mastering Mixology","Herblore","","","","","ManualTask"
"Mix an ~|aqualux amalgam|~ during Mastering Mixology","Herblore","","","","","ManualTask"
"Mix a ~|megalite liquid|~ during Mastering Mixology","Herblore","","","","","ManualTask"
"Mix an ~|anti-leech lotion|~ during Mastering Mixology","Herblore","","","","","ManualTask"
"Mix a ~|liplack liquor|~ during Mastering Mixology","Herblore","","","","","ManualTask"
"Obtain ~|grimy cadantine|~ from a supply crate","Herblore","","","","","ManualTask"
"Obtain ~|grimy lantadyme|~ from a supply crate","Herblore","","","","","ManualTask"
"Obtain ~|grimy dwarf weed|~ from a supply crate","Herblore","","","","","ManualTask"
"Obtain ~|grimy torstol|~ from a supply crate","Herblore","","","","","ManualTask"
"Make a ~|moonlight potion|~","Herblore","","","","","ManualTask"
"Clean a ~|grimy avantoe|~","Herblore","","","","","ManualTask"
"Clean a ~|grimy buchu leaf|~","Herblore","","","","","ManualTask"
"Clean a ~|grimy cadantine|~","Herblore","","","","","ManualTask"
"Clean a ~|grimy dwarf weed|~","Herblore","","","","","ManualTask"
"Clean a ~|grimy golpar|~","Herblore","","","","","ManualTask"
"Clean a ~|grimy guam leaf|~","Herblore","","","","","ManualTask"
"Clean a ~|grimy harralander|~","Herblore","","","","","ManualTask"
"Clean a ~|grimy irit leaf|~","Herblore","","","","","ManualTask"
"Clean a ~|grimy kwuarm|~","Herblore","","","","","ManualTask"
"Clean a ~|grimy lantadyme|~","Herblore","","","","","ManualTask"
"Clean a ~|grimy marrentill|~","Herblore","","","","","ManualTask"
"Clean a ~|grimy noxifer|~","Herblore","","","","","ManualTask"
"Clean a ~|grimy huasca|~","Herblore","","","","","ManualTask"
"Clean a ~|grimy ranarr weed|~","Herblore","","","","","ManualTask"
"Clean a ~|grimy rogue's purse|~","Herblore","","","","","ManualTask"
"Clean a ~|grimy snake weed|~","Herblore","","","","","ManualTask"
"Clean a ~|grimy ardrigal|~","Herblore","","","","","ManualTask"
"Clean a ~|grimy sito foil|~","Herblore","","","","","ManualTask"
"Clean a ~|grimy volencia moss|~","Herblore","","","","","ManualTask"
"Clean a ~|grimy snapdragon|~","Herblore","","","","","ManualTask"
"Clean a ~|grimy tarromin|~","Herblore","","","","","ManualTask"
"Clean a ~|grimy toadflax|~","Herblore","","","","","ManualTask"
"Clean a ~|grimy torstol|~","Herblore","","","","","ManualTask"
"Mix a standard ~|buchu leaf|~ potion","Herblore","","","","","ManualTask"
"Mix a standard ~|golpar|~ potion","Herblore","","","","","ManualTask"
"Mix a standard ~|noxifer|~ potion","Herblore","","","","","ManualTask"
"Mix a strong ~|buchu leaf|~ potion","Herblore","","","","","ManualTask"
"Mix a strong ~|golpar|~ potion","Herblore","","","","","ManualTask"
"Mix a strong ~|noxifer|~ potion","Herblore","","","","","ManualTask"
"Mix a weak ~|buchu leaf|~ potion","Herblore","","","","","ManualTask"
"Mix a weak ~|golpar|~ potion","Herblore","","","","","ManualTask"
"Mix a weak ~|noxifer|~ potion","Herblore","","","","","ManualTask"
"Mix a ~|Guthix rest|~","Herblore","","","","","ManualTask"
"Mix a ~|Saradomin brew|~","Herblore","","","","","ManualTask"
"Mix a ~|goblin potion|~","Herblore","","","","","ManualTask"
"Mix a ~|Zamorak brew|~","Herblore","","","","","ManualTask"
"Mix a ~|surge potion|~","Herblore","","","","","ManualTask"
"Mix an ~|ancient brew|~","Herblore","","","","","ManualTask"
"Mix an ~|ancient mix|~","Herblore","","","","","ManualTask"
"Mix an ~|anti-poison supermix|~","Herblore","","","","","ManualTask"
"Mix a ~|bastion potion|~","Herblore","","","","","ManualTask"
"Mix a ~|battlemage potion|~","Herblore","","","","","ManualTask"
"Mix a ~|cadantine potion (unf)|~","Herblore","","","","","ManualTask"
"Mix a ~|combat mix|~","Herblore","","","","","ManualTask"
"Mix a ~|combat potion|~","Herblore","","","","","ManualTask"
"Mix a ~|compost potion|~","Herblore","","","","","ManualTask"
"Mix a ~|defence mix|~","Herblore","","","","","ManualTask"
"Mix a ~|defence potion|~","Herblore","","","","","ManualTask"
"Mix a ~|divine bastion potion|~","Herblore","","","","","ManualTask"
"Mix a ~|divine battlemage potion|~","Herblore","","","","","ManualTask"
"Mix a ~|divine magic potion|~","Herblore","","","","","ManualTask"
"Mix a ~|divine ranging potion|~","Herblore","","","","","ManualTask"
"Mix a ~|divine super attack potion|~","Herblore","","","","","ManualTask"
"Mix a ~|divine super combat potion|~","Herblore","","","","","ManualTask"
"Mix a ~|divine super defence potion|~","Herblore","","","","","ManualTask"
"Mix a ~|divine super strength potion|~","Herblore","","","","","ManualTask"
"Mix a ~|dwarf weed potion (unf)|~","Herblore","","","","","ManualTask"
"Mix a ~|fishing mix|~","Herblore","","","","","ManualTask"
"Mix a ~|fishing potion|~","Herblore","","","","","ManualTask"
"Mix a ~|guam potion (unf)|~","Herblore","","","","","ManualTask"
"Mix a ~|guam tar|~","Herblore","","","","","ManualTask"
"Mix a ~|guthix balance|~","Herblore","","","","","ManualTask"
"Mix a ~|harralander potion (unf)|~","Herblore","","","","","ManualTask"
"Mix a ~|harralander tar|~","Herblore","","","","","ManualTask"
"Mix an ~|irit tar|~","Herblore","","","","","ManualTask"
"Mix a ~|hunter potion|~","Herblore","","","","","ManualTask"
"Mix a ~|hunting mix|~","Herblore","","","","","ManualTask"
"Mix an ~|irit potion (unf)|~","Herblore","","","","","ManualTask"
"Mix a ~|kwuarm potion (unf)|~","Herblore","","","","","ManualTask"
"Mix a ~|lantadyme potion (unf)|~","Herblore","","","","","ManualTask"
"Mix a ~|magic essence mix|~","Herblore","","","","","ManualTask"
"Mix a ~|magic essence|~","Herblore","","","","","ManualTask"
"Mix a ~|magic mix|~","Herblore","","","","","ManualTask"
"Mix a ~|magic potion|~","Herblore","","","","","ManualTask"
"Mix a ~|marrentill potion (unf)|~","Herblore","","","","","ManualTask"
"Mix a ~|marrentill tar|~","Herblore","","","","","ManualTask"
"Mix a ~|menaphite remedy|~","Herblore","","","","","ManualTask"
"Mix a ~|prayer mix|~","Herblore","","","","","ManualTask"
"Mix a ~|prayer potion|~","Herblore","","","","","ManualTask"
"Mix a ~|ranarr potion (unf)|~","Herblore","","","","","ManualTask"
"Mix a ~|huasca potion (unf)|~","Herblore","","","","","ManualTask"
"Mix a ~|prayer regeneration potion|~","Herblore","","","","","ManualTask"
"Mix a ~|goading potion|~","Herblore","","","","","ManualTask"
"Mix a ~|ranging mix|~","Herblore","","","","","ManualTask"
"Mix a ~|ranging potion|~","Herblore","","","","","ManualTask"
"Mix a ~|relicym's balm|~","Herblore","","","","","ManualTask"
"Mix a ~|relicym's mix|~","Herblore","","","","","ManualTask"
"Mix a ~|restore mix|~","Herblore","","","","","ManualTask"
"Mix a ~|restore potion|~","Herblore","","","","","ManualTask"
"Mix a ~|sanfew serum|~","Herblore","","","","","ManualTask"
"Mix a ~|serum 207|~","Herblore","","","","","ManualTask"
"Mix a ~|snapdragon potion (unf)|~","Herblore","","","","","ManualTask"
"Mix a ~|stamina mix|~","Herblore","","","","","ManualTask"
"Mix a ~|stamina potion|~","Herblore","","","","","ManualTask"
"Mix a ~|strength mix|~","Herblore","","","","","ManualTask"
"Mix a ~|strength potion|~","Herblore","","","","","ManualTask"
"Mix a ~|super antifire mix|~","Herblore","","","","","ManualTask"
"Mix a ~|super antifire potion|~","Herblore","","","","","ManualTask"
"Mix a ~|super attack|~","Herblore","","","","","ManualTask"
"Mix a ~|super combat potion|~","Herblore","","","","","ManualTask"
"Mix a ~|super def. mix|~","Herblore","","","","","ManualTask"
"Mix a ~|super defence|~","Herblore","","","","","ManualTask"
"Mix a ~|super energy mix|~","Herblore","","","","","ManualTask"
"Mix a ~|super energy|~","Herblore","","","","","ManualTask"
"Mix a ~|super restore mix|~","Herblore","","","","","ManualTask"
"Mix a ~|super restore|~","Herblore","","","","","ManualTask"
"Mix a ~|super str. mix|~","Herblore","","","","","ManualTask"
"Mix a ~|super strength|~","Herblore","","","","","ManualTask"
"Mix a ~|superantipoison|~","Herblore","","","","","ManualTask"
"Mix a ~|superattack mix|~","Herblore","","","","","ManualTask"
"Mix a ~|tarromin potion (unf)|~","Herblore","","","","","ManualTask"
"Mix a ~|tarromin tar|~","Herblore","","","","","ManualTask"
"Mix a ~|toadflax potion (unf)|~","Herblore","","","","","ManualTask"
"Mix a ~|torstol potion (unf)|~","Herblore","","","","","ManualTask"
"Mix an ~|unfinished potion (Rogue's Purse)|~","Herblore","","","","","ManualTask"
"Mix a ~|weapon poison(++)|~","Herblore","","","","","ManualTask"
"Mix a ~|weapon poison(+)|~","Herblore","","","","","ManualTask"
"Mix a ~|weapon poison|~","Herblore","","","","","ManualTask"
"Mix an ~|agility mix|~","Herblore","","","","","ManualTask"
"Mix an ~|agility potion|~","Herblore","","","","","ManualTask"
"Mix an ~|anti-venom+|~","Herblore","","","","","ManualTask"
"Mix an ~|anti-venom|~","Herblore","","","","","ManualTask"
"Mix an ~|extended anti-venom+|~","Herblore","","","","","ManualTask"
"Mix an ~|antidote+|~","Herblore","","","","","ManualTask"
"Mix an ~|antidote+ mix|~","Herblore","","","","","ManualTask"
"Mix an ~|antidote++|~","Herblore","","","","","ManualTask"
"Mix an ~|antifire mix|~","Herblore","","","","","ManualTask"
"Mix an ~|antifire potion|~","Herblore","","","","","ManualTask"
"Mix an ~|antipoison mix|~","Herblore","","","","","ManualTask"
"Mix an ~|antipoison|~","Herblore","","","","","ManualTask"
"Mix an ~|attack mix|~","Herblore","","","","","ManualTask"
"Mix an ~|attack potion|~","Herblore","","","","","ManualTask"
"Mix an ~|avantoe potion (unf)|~","Herblore","","","","","ManualTask"
"Mix an ~|energy mix|~","Herblore","","","","","ManualTask"
"Mix an ~|energy potion|~","Herblore","","","","","ManualTask"
"Mix an ~|extended antifire mix|~","Herblore","","","","","ManualTask"
"Mix an ~|extended antifire potion|~","Herblore","","","","","ManualTask"
"Mix an ~|extended super antifire mix|~","Herblore","","","","","ManualTask"
"Mix an ~|extended super antifire|~","Herblore","","","","","ManualTask"
"Mix ~|blamish oil|~","Herblore","","","","","ManualTask"
"Mix a ~|forgotten brew|~","Herblore","","","","","ManualTask"
"Buy the ~|Hitpoints cape|~","Hitpoints","","","","","ManualTask"
"Wear an ~|amulet of rancour|~","Hitpoints","","","","","ManualTask"
"Wear ~|confliction gauntlets|~","Hitpoints","","","","","ManualTask"
"Wear a piece of enchanted ~|zenyte|~ jewellery","Hitpoints","","","","","ManualTask"
"Wield the ~|Eldritch nightmare staff|~","Hitpoints","","","","","ManualTask"
"Wield the ~|Harmonised nightmare staff|~","Hitpoints","","","","","ManualTask"
"Wield the ~|Nightmare staff|~","Hitpoints","","","","","ManualTask"
"Wield the ~|Volatile nightmare staff|~","Hitpoints","","","","","ManualTask"
"Access the ~|Eagle transportation system|~","Hunter","","","","","ManualTask"
"Participate in ~|Trouble Brewing|~ for Hunter xp","Hunter","","","","","ManualTask"
"Access the ~|Hunter Guild|~","Hunter","","","","","ManualTask"
"Gain xp in the Poacher ~|Forestry|~ event","Hunter","","","","","ManualTask"
"Trap a ~|moss lizard|~","Hunter","","","","","ManualTask"
"Wield a ~|hunters' sunlight crossbow|~","Hunter","","","","","ManualTask"
"Catch implings in ~|Puro-Puro|~ after reaching 17 Hunter","Hunter","","","","","ManualTask"
"Access ~|Puro-Puro|~","Hunter","","","","","ManualTask"
"Buy the ~|Hunter cape|~","Hunter","","","","","ManualTask"
"Complete a novice ~|Hunters' Rumour|~","Hunter","","","","","ManualTask"
"Complete an adept ~|Hunters' Rumour|~","Hunter","","","","","ManualTask"
"Complete an expert ~|Hunters' Rumour|~","Hunter","","","","","ManualTask"
"Complete a master ~|Hunters' Rumour|~","Hunter","","","","","ManualTask"
"Catch an ~|embertailed jerboa|~","Hunter","","","","","ManualTask"
"Catch a ~|pyre fox|~","Hunter","","","","","ManualTask"
"Catch a ~|sunlight moth|~","Hunter","","","","","ManualTask"
"Catch a ~|sunlight moth|~ in a jar","Hunter","","","","","ManualTask"
"Barehanded catch a ~|sunlight moth|~","Hunter","","","","","ManualTask"
"Catch a ~|sunlight antelope|~","Hunter","","","","","ManualTask"
"Catch a ~|moonlight moth|~","Hunter","","","","","ManualTask"
"Catch a ~|moonlight moth|~ in a jar","Hunter","","","","","ManualTask"
"Barehanded catch a ~|moonlight moth|~","Hunter","","","","","ManualTask"
"Catch a ~|tecu salamander|~","Hunter","","","","","ManualTask"
"Catch a ~|moonlight antelope|~","Hunter","","","","","ManualTask"
"Catch a ~|baby impling|~","Hunter","","","","","ManualTask"
"Catch a wandering ~|baby impling|~","Hunter","","","","","ManualTask"
"Barehanded catch a wandering ~|baby impling|~","Hunter","","","","","ManualTask"
"Catch a ~|barb-tailed kebbit|~","Hunter","","","","","ManualTask"
"Catch a ~|black chinchompa|~","Hunter","","","","","ManualTask"
"Catch a ~|black salamander|~","Hunter","","","","","ManualTask"
"Catch a ~|black warlock|~","Hunter","","","","","ManualTask"
"Catch a ~|black warlock|~ in a jar","Hunter","","","","","ManualTask"
"Barehanded catch a ~|black warlock|~","Hunter","","","","","ManualTask"
"Catch a ~|carnivorous chinchompa|~","Hunter","","","","","ManualTask"
"Catch a ~|cerulean twitch|~","Hunter","","","","","ManualTask"
"Catch a ~|chinchompa (Hunter)|~","Hunter","","","","","ManualTask"
"Catch a ~|copper longtail|~","Hunter","","","","","ManualTask"
"Catch a ~|crimson swift|~","Hunter","","","","","ManualTask"
"Catch a ~|crystal impling|~","Hunter","","","","","ManualTask"
"Catch a ~|dark kebbit|~","Hunter","","","","","ManualTask"
"Catch a ~|dashing kebbit|~","Hunter","","","","","ManualTask"
"Catch a ~|dragon impling|~","Hunter","","","","","ManualTask"
"Catch a wandering ~|dragon impling|~","Hunter","","","","","ManualTask"
"Barehanded catch a wandering ~|dragon impling|~","Hunter","","","","","ManualTask"
"Catch a ~|ferret|~","Hunter","","","","","ManualTask"
"Catch a ~|giral bat|~","Hunter","","","","","ManualTask"
"Catch a ~|golden warbler|~","Hunter","","","","","ManualTask"
"Catch a ~|gourmet impling|~","Hunter","","","","","ManualTask"
"Catch a wandering ~|gourmet impling|~","Hunter","","","","","ManualTask"
"Barehanded catch a wandering ~|gourmet impling|~","Hunter","","","","","ManualTask"
"Catch a ~|guanic bat|~","Hunter","","","","","ManualTask"
"Catch a ~|horned graahk|~","Hunter","","","","","ManualTask"
"Catch a ~|kryket bat|~","Hunter","","","","","ManualTask"
"Catch a ~|lucky impling|~","Hunter","","","","","ManualTask"
"Catch a wandering ~|lucky impling|~","Hunter","","","","","ManualTask"
"Barehanded catch a wandering ~|lucky impling|~","Hunter","","","","","ManualTask"
"Catch a ~|magpie impling|~","Hunter","","","","","ManualTask"
"Catch a wandering ~|magpie impling|~","Hunter","","","","","ManualTask"
"Barehanded catch a wandering ~|magpie impling|~","Hunter","","","","","ManualTask"
"Catch a ~|maniacal monkey (Hunter)|~","Hunter","","","","","ManualTask"
"Catch a ~|murng bat|~","Hunter","","","","","ManualTask"
"Catch a ~|nature impling|~","Hunter","","","","","ManualTask"
"Catch a wandering ~|nature impling|~","Hunter","","","","","ManualTask"
"Barehanded catch a wandering ~|nature impling|~","Hunter","","","","","ManualTask"
"Catch a ~|ninja impling|~","Hunter","","","","","ManualTask"
"Catch a wandering ~|ninja impling|~","Hunter","","","","","ManualTask"
"Barehanded catch a wandering ~|ninja impling|~","Hunter","","","","","ManualTask"
"Catch a ~|phluxia bat|~","Hunter","","","","","ManualTask"
"Catch a ~|prael bat|~","Hunter","","","","","ManualTask"
"Catch a ~|prickly kebbit|~","Hunter","","","","","ManualTask"
"Catch a ~|psykk bat|~","Hunter","","","","","ManualTask"
"Catch a ~|red salamander|~","Hunter","","","","","ManualTask"
"Catch a ~|ruby harvest|~","Hunter","","","","","ManualTask"
"Catch a ~|ruby harvest|~ in a jar","Hunter","","","","","ManualTask"
"Barehanded catch a ~|ruby harvest|~","Hunter","","","","","ManualTask"
"Catch a ~|sabre-toothed kebbit|~","Hunter","","","","","ManualTask"
"Catch a ~|sabre-toothed kyatt|~","Hunter","","","","","ManualTask"
"Catch a ~|sapphire glacialis|~","Hunter","","","","","ManualTask"
"Catch a ~|sapphire glacialis|~ in a jar","Hunter","","","","","ManualTask"
"Barehanded catch a ~|sapphire glacialis|~","Hunter","","","","","ManualTask"
"Catch a ~|snowy knight|~","Hunter","","","","","ManualTask"
"Catch a ~|snowy knight|~ in a jar","Hunter","","","","","ManualTask"
"Barehanded catch a ~|snowy knight|~","Hunter","","","","","ManualTask"
"Catch a ~|spined larupia|~","Hunter","","","","","ManualTask"
"Catch a ~|spotted kebbit|~","Hunter","","","","","ManualTask"
"Catch a ~|swamp lizard|~","Hunter","","","","","ManualTask"
"Catch a ~|tropical wagtail|~","Hunter","","","","","ManualTask"
"Catch a ~|white rabbit|~","Hunter","","","","","ManualTask"
"Catch a ~|wild kebbit|~","Hunter","","","","","ManualTask"
"Catch a wandering ~|young impling|~","Hunter","","","","","ManualTask"
"Barehanded catch a wandering ~|young impling|~","Hunter","","","","","ManualTask"
"Catch a wandering ~|earth impling|~","Hunter","","","","","ManualTask"
"Barehanded catch a wandering ~|earth impling|~","Hunter","","","","","ManualTask"
"Catch a wandering ~|eclectic impling|~","Hunter","","","","","ManualTask"
"Barehanded catch a wandering ~|eclectic impling|~","Hunter","","","","","ManualTask"
"Catch a wandering ~|essence impling|~","Hunter","","","","","ManualTask"
"Barehanded catch a wandering ~|essence impling|~","Hunter","","","","","ManualTask"
"Catch a ~|young impling|~","Hunter","","","","","ManualTask"
"Catch an ~|earth impling|~","Hunter","","","","","ManualTask"
"Catch an ~|eclectic impling|~","Hunter","","","","","ManualTask"
"Catch an ~|essence impling|~","Hunter","","","","","ManualTask"
"Catch an ~|imp|~","Hunter","","","","","ManualTask"
"Catch an ~|orange salamander|~","Hunter","","","","","ManualTask"
"Dig for a ~|sandworm|~","Hunter","","","","","ManualTask"
"Track a ~|common kebbit|~","Hunter","","","","","ManualTask"
"Track a ~|desert devil|~","Hunter","","","","","ManualTask"
"Track a ~|feldip weasel|~","Hunter","","","","","ManualTask"
"Track a ~|herbiboar|~","Hunter","","","","","ManualTask"
"Track a ~|polar kebbit|~","Hunter","","","","","ManualTask"
"Track a ~|razor-backed kebbit|~","Hunter","","","","","ManualTask"
"Use a ~|bird house|~","Hunter","","","","","ManualTask"
"Use a ~|magic bird house|~","Hunter","","","","","ManualTask"
"Use a ~|mahogany bird house|~","Hunter","","","","","ManualTask"
"Use a ~|maple bird house|~","Hunter","","","","","ManualTask"
"Use a ~|redwood bird house|~","Hunter","","","","","ManualTask"
"Use a ~|teak bird house|~","Hunter","","","","","ManualTask"
"Use a ~|torch|~ to smoke a trap","Hunter","","","","","ManualTask"
"Use a ~|willow bird house|~","Hunter","","","","","ManualTask"
"Use a ~|yew bird house|~","Hunter","","","","","ManualTask"
"Use an ~|oak bird house|~","Hunter","","","","","ManualTask"
"Wear a ~|spotted cape|~","Hunter","","","","","ManualTask"
"Wear a ~|spottier cape|~","Hunter","","","","","ManualTask"
"Wear a ~|strung rabbit foot|~","Hunter","","","","","ManualTask"
"Wear ~|desert camouflage gear|~","Hunter","","","","","ManualTask"
"Wear ~|gloves of silence|~","Hunter","","","","","ManualTask"
"Wear ~|graahk hunter gear|~","Hunter","","","","","ManualTask"
"Wear ~|jungle camouflage gear|~","Hunter","","","","","ManualTask"
"Wear ~|kyatt hunter gear|~","Hunter","","","","","ManualTask"
"Wear ~|larupia hunter gear|~","Hunter","","","","","ManualTask"
"Wear ~|polar camouflage gear|~","Hunter","","","","","ManualTask"
"Wear ~|woodland camouflage gear|~","Hunter","","","","","ManualTask"
"Access the ~|Wizards' Guild|~","Magic","","","","","ManualTask"
"Create a ~|venator icon|~","Magic","","","","","ManualTask"
"Create a ~|bellator icon|~","Magic","","","","","ManualTask"
"Create an ~|ultor icon|~","Magic","","","","","ManualTask"
"Create a ~|magus icon|~","Magic","","","","","ManualTask"
"Cause ~|Sil'as Dahcsnu|~'s spell to backfire","Magic","","","","","ManualTask"
"Participate in all parts of the ~|Magic Training Arena|~","Magic","","","","","ManualTask"
"Turn in books at the ~|Arceuus Library|~ for Magic xp","Magic","","","","","ManualTask"
"Buy the ~|Magic cape|~","Magic","","","","","ManualTask"
"Cast ~|civitas illa fortis teleport|~","Magic","","","","","ManualTask"
"Cast ~|annakarl teleport|~","Magic","","","","","ManualTask"
"Cast ~|ape atoll teleport (arceuus)|~","Magic","","","","","ManualTask"
"Cast ~|ape atoll teleport|~","Magic","","","","","ManualTask"
"Cast ~|ardougne teleport|~","Magic","","","","","ManualTask"
"Cast ~|bake pie|~","Magic","","","","","ManualTask"
"Cast ~|barbarian teleport|~","Magic","","","","","ManualTask"
"Cast ~|barrows teleport|~","Magic","","","","","ManualTask"
"Cast ~|battlefront teleport|~","Magic","","","","","ManualTask"
"Cast ~|bind|~","Magic","","","","","ManualTask"
"Cast ~|bind|~ from a spell sack","Magic","","","","","ManualTask"
"Cast ~|blood barrage|~","Magic","","","","","ManualTask"
"Cast ~|blood blitz|~","Magic","","","","","ManualTask"
"Cast ~|blood burst|~","Magic","","","","","ManualTask"
"Cast ~|blood rush|~","Magic","","","","","ManualTask"
"Cast ~|bones to bananas|~","Magic","","","","","ManualTask"
"Cast ~|bones to peaches|~","Magic","","","","","ManualTask"
"Cast ~|boost potion share|~","Magic","","","","","ManualTask"
"Cast ~|camelot teleport|~","Magic","","","","","ManualTask"
"Cast ~|carrallanger teleport|~","Magic","","","","","ManualTask"
"Cast ~|catherby teleport|~","Magic","","","","","ManualTask"
"Cast ~|cemetery teleport|~","Magic","","","","","ManualTask"
"Cast ~|charge air orb|~","Magic","","","","","ManualTask"
"Cast ~|charge earth orb|~","Magic","","","","","ManualTask"
"Cast ~|charge fire orb|~","Magic","","","","","ManualTask"
"Cast ~|charge water orb|~","Magic","","","","","ManualTask"
"Cast ~|charge|~","Magic","","","","","ManualTask"
"Cast ~|claws of guthix|~","Magic","","","","","ManualTask"
"Cast ~|confuse|~","Magic","","","","","ManualTask"
"Cast ~|crumble undead|~","Magic","","","","","ManualTask"
"Cast ~|cure group|~","Magic","","","","","ManualTask"
"Cast ~|cure me|~","Magic","","","","","ManualTask"
"Cast ~|cure other|~","Magic","","","","","ManualTask"
"Cast ~|cure plant|~","Magic","","","","","ManualTask"
"Cast ~|curse|~","Magic","","","","","ManualTask"
"Cast ~|dareeyak teleport|~","Magic","","","","","ManualTask"
"Cast ~|draynor manor teleport|~","Magic","","","","","ManualTask"
"Cast ~|dream|~","Magic","","","","","ManualTask"
"Cast ~|earth blast|~","Magic","","","","","ManualTask"
"Cast ~|earth bolt|~","Magic","","","","","ManualTask"
"Cast ~|earth strike|~","Magic","","","","","ManualTask"
"Cast ~|earth surge|~","Magic","","","","","ManualTask"
"Cast ~|earth surge|~ from a blighted spell sack","Magic","","","","","ManualTask"
"Cast ~|earth wave|~","Magic","","","","","ManualTask"
"Cast ~|earth wave|~ from a blighted spell sack","Magic","","","","","ManualTask"
"Cast ~|enchant crossbow bolt (diamond)|~","Magic","","","","","ManualTask"
"Cast ~|enchant crossbow bolt (dragonstone)|~","Magic","","","","","ManualTask"
"Cast ~|enchant crossbow bolt (emerald)|~","Magic","","","","","ManualTask"
"Cast ~|enchant crossbow bolt (jade)|~","Magic","","","","","ManualTask"
"Cast ~|enchant crossbow bolt (onyx)|~","Magic","","","","","ManualTask"
"Cast ~|enchant crossbow bolt (opal)|~","Magic","","","","","ManualTask"
"Cast ~|enchant crossbow bolt (pearl)|~","Magic","","","","","ManualTask"
"Cast ~|enchant crossbow bolt (red topaz)|~","Magic","","","","","ManualTask"
"Cast ~|enchant crossbow bolt (ruby)|~","Magic","","","","","ManualTask"
"Cast ~|enchant crossbow bolt (sapphire)|~","Magic","","","","","ManualTask"
"Cast ~|energy transfer|~","Magic","","","","","ManualTask"
"Cast ~|enfeeble|~","Magic","","","","","ManualTask"
"Cast ~|entangle|~","Magic","","","","","ManualTask"
"Cast ~|entangle|~ from a spell sack","Magic","","","","","ManualTask"
"Cast ~|falador teleport|~","Magic","","","","","ManualTask"
"Cast ~|fenkenstain's castle teleport|~","Magic","","","","","ManualTask"
"Cast ~|fertile soil|~","Magic","","","","","ManualTask"
"Cast ~|fire blast|~","Magic","","","","","ManualTask"
"Cast ~|fire blast|~ from a rune pouch (Castle Wars)","Magic","","","","","ManualTask"
"Cast ~|fire bolt|~","Magic","","","","","ManualTask"
"Cast ~|fire strike|~","Magic","","","","","ManualTask"
"Cast ~|fire surge|~","Magic","","","","","ManualTask"
"Cast ~|fire surge|~ from a blighted spell sack","Magic","","","","","ManualTask"
"Cast ~|fire surge|~ from a rune pouch (Castle Wars)","Magic","","","","","ManualTask"
"Cast ~|fire wave|~","Magic","","","","","ManualTask"
"Cast ~|fire wave|~ from a blighted spell sack","Magic","","","","","ManualTask"
"Cast ~|fishing guild teleport|~","Magic","","","","","ManualTask"
"Cast ~|flames of zamorak|~","Magic","","","","","ManualTask"
"Cast ~|geomancy|~","Magic","","","","","ManualTask"
"Cast ~|ghorrock teleport|~","Magic","","","","","ManualTask"
"Cast ~|harmony island teleport|~","Magic","","","","","ManualTask"
"Cast ~|heal group|~","Magic","","","","","ManualTask"
"Cast ~|heal other|~","Magic","","","","","ManualTask"
"Cast ~|high level alchemy|~","Magic","","","","","ManualTask"
"Cast ~|humidify|~","Magic","","","","","ManualTask"
"Cast ~|humidify|~ from a rune pouch (Castle Wars)","Magic","","","","","ManualTask"
"Cast ~|hunter kit (spell)|~","Magic","","","","","ManualTask"
"Cast ~|iban blast|~","Magic","","","","","ManualTask"
"Cast ~|ice barrage|~","Magic","","","","","ManualTask"
"Cast ~|ice barrage|~ from a rune pouch (Castle Wars)","Magic","","","","","ManualTask"
"Cast ~|ice barrage|~ from a spell sack","Magic","","","","","ManualTask"
"Cast ~|ice blitz|~","Magic","","","","","ManualTask"
"Cast ~|ice blitz|~ from a spell sack","Magic","","","","","ManualTask"
"Cast ~|ice burst|~","Magic","","","","","ManualTask"
"Cast ~|ice burst|~ from a spell sack","Magic","","","","","ManualTask"
"Cast ~|ice plateau teleport|~","Magic","","","","","ManualTask"
"Cast ~|ice rush|~","Magic","","","","","ManualTask"
"Cast ~|ice rush|~ from a spell sack","Magic","","","","","ManualTask"
"Cast ~|kharyrll teleport|~","Magic","","","","","ManualTask"
"Cast ~|khazard teleport|~","Magic","","","","","ManualTask"
"Cast ~|kourend castle teleport|~","Magic","","","","","ManualTask"
"Cast ~|lassar teleport|~","Magic","","","","","ManualTask"
"Cast ~|low level alchemy|~","Magic","","","","","ManualTask"
"Cast ~|monster inspect|~","Magic","","","","","ManualTask"
"Cast ~|arceuus library teleport|~","Magic","","","","","ManualTask"
"Cast ~|lumbridge teleport|~","Magic","","","","","ManualTask"
"Cast ~|lvl-1 enchant|~","Magic","","","","","ManualTask"
"Enchant an ~|opal ring|~","Magic","","","","","ManualTask"
"Enchant an ~|opal necklace|~","Magic","","","","","ManualTask"
"Enchant an ~|opal bracelet|~","Magic","","","","","ManualTask"
"Enchant an ~|opal amulet|~","Magic","","","","","ManualTask"
"Enchant a ~|sapphire ring|~","Magic","","","","","ManualTask"
"Enchant a ~|sapphire necklace|~","Magic","","","","","ManualTask"
"Enchant a ~|sapphire bracelet|~","Magic","","","","","ManualTask"
"Enchant a ~|sapphire amulet|~","Magic","","","","","ManualTask"
"Cast ~|lvl-2 enchant|~","Magic","","","","","ManualTask"
"Enchant a ~|jade ring|~","Magic","","","","","ManualTask"
"Enchant a ~|jade necklace|~","Magic","","","","","ManualTask"
"Enchant a ~|jade bracelet|~","Magic","","","","","ManualTask"
"Enchant a ~|jade amulet|~","Magic","","","","","ManualTask"
"Enchant an ~|emerald ring|~","Magic","","","","","ManualTask"
"Enchant an ~|emerald necklace|~","Magic","","","","","ManualTask"
"Enchant an ~|emerald bracelet|~","Magic","","","","","ManualTask"
"Enchant an ~|emerald amulet|~","Magic","","","","","ManualTask"
"Enchant a ~|pre-nature amulet|~","Magic","","","","","ManualTask"
"Cast ~|lvl-3 enchant|~","Magic","","","","","ManualTask"
"Enchant a ~|topaz ring|~","Magic","","","","","ManualTask"
"Enchant a ~|topaz necklace|~","Magic","","","","","ManualTask"
"Enchant a ~|topaz bracelet|~","Magic","","","","","ManualTask"
"Enchant a ~|topaz amulet|~","Magic","","","","","ManualTask"
"Enchant a ~|ruby ring|~","Magic","","","","","ManualTask"
"Enchant a ~|ruby necklace|~","Magic","","","","","ManualTask"
"Enchant a ~|ruby bracelet|~","Magic","","","","","ManualTask"
"Enchant a ~|ruby amulet|~","Magic","","","","","ManualTask"
"Cast ~|lvl-4 enchant|~","Magic","","","","","ManualTask"
"Enchant a ~|diamond ring|~","Magic","","","","","ManualTask"
"Enchant a ~|diamond necklace|~","Magic","","","","","ManualTask"
"Enchant a ~|diamond bracelet|~","Magic","","","","","ManualTask"
"Enchant a ~|diamond amulet|~","Magic","","","","","ManualTask"
"Cast ~|lvl-5 enchant|~","Magic","","","","","ManualTask"
"Enchant a ~|dragonstone ring|~","Magic","","","","","ManualTask"
"Enchant a ~|dragon necklace|~","Magic","","","","","ManualTask"
"Enchant a ~|dragonstone bracelet|~","Magic","","","","","ManualTask"
"Enchant a ~|dragonstone amulet|~","Magic","","","","","ManualTask"
"Cast ~|lvl-6 enchant|~","Magic","","","","","ManualTask"
"Enchant an ~|onyx ring|~","Magic","","","","","ManualTask"
"Enchant an ~|onyx necklace|~","Magic","","","","","ManualTask"
"Enchant an ~|onyx bracelet|~","Magic","","","","","ManualTask"
"Enchant an ~|onyx amulet|~","Magic","","","","","ManualTask"
"Cast ~|lvl-7 enchant|~","Magic","","","","","ManualTask"
"Enchant a ~|zenyte ring|~","Magic","","","","","ManualTask"
"Enchant a ~|zenyte necklace|~","Magic","","","","","ManualTask"
"Enchant a ~|zenyte bracelet|~","Magic","","","","","ManualTask"
"Enchant a ~|zenyte amulet|~","Magic","","","","","ManualTask"
"Cast ~|magic dart|~","Magic","","","","","ManualTask"
"Cast ~|magic imbue|~","Magic","","","","","ManualTask"
"Cast ~|mind altar teleport|~","Magic","","","","","ManualTask"
"Cast ~|monster examine|~","Magic","","","","","ManualTask"
"Cast ~|moonclan teleport|~","Magic","","","","","ManualTask"
"Cast ~|npc contact|~","Magic","","","","","ManualTask"
"Cast ~|ourania teleport|~","Magic","","","","","ManualTask"
"Cast ~|paddewwa teleport|~","Magic","","","","","ManualTask"
"Cast ~|plank make|~","Magic","","","","","ManualTask"
"Cast ~|basic reanimation|~","Magic","","","","","ManualTask"
"Cast ~|adept reanimation|~","Magic","","","","","ManualTask"
"Cast ~|expert reanimation|~","Magic","","","","","ManualTask"
"Cast ~|master reanimation|~","Magic","","","","","ManualTask"
"Cast ~|ghostly grasp|~","Magic","","","","","ManualTask"
"Cast ~|skeletal grasp|~","Magic","","","","","ManualTask"
"Cast ~|undead grasp|~","Magic","","","","","ManualTask"
"Cast ~|inferior demonbane|~","Magic","","","","","ManualTask"
"Cast ~|superior demonbane|~","Magic","","","","","ManualTask"
"Cast ~|dark demonbane|~","Magic","","","","","ManualTask"
"Cast ~|lesser corruption|~","Magic","","","","","ManualTask"
"Cast ~|greater corruption|~","Magic","","","","","ManualTask"
"Cast ~|resurrect lesser ghost|~","Magic","","","","","ManualTask"
"Cast ~|resurrect lesser skeleton|~","Magic","","","","","ManualTask"
"Cast ~|resurrect lesser zombie|~","Magic","","","","","ManualTask"
"Cast ~|resurrect superior ghost|~","Magic","","","","","ManualTask"
"Cast ~|resurrect superior skeleton|~","Magic","","","","","ManualTask"
"Cast ~|resurrect superior zombie|~","Magic","","","","","ManualTask"
"Cast ~|resurrect greater ghost|~","Magic","","","","","ManualTask"
"Cast ~|resurrect greater skeleton|~","Magic","","","","","ManualTask"
"Cast ~|resurrect greater zombie|~","Magic","","","","","ManualTask"
"Cast ~|mark of darkness|~","Magic","","","","","ManualTask"
"Cast ~|ward of arceuus|~","Magic","","","","","ManualTask"
"Cast ~|demonic offering|~","Magic","","","","","ManualTask"
"Cast ~|sinister offering|~","Magic","","","","","ManualTask"
"Cast ~|shadow veil|~","Magic","","","","","ManualTask"
"Cast ~|dark lure|~","Magic","","","","","ManualTask"
"Cast ~|vile vigour|~","Magic","","","","","ManualTask"
"Cast ~|vile vigour|~ from a rune pouch (Castle Wars)","Magic","","","","","ManualTask"
"Cast ~|degrime|~","Magic","","","","","ManualTask"
"Cast ~|death charge|~","Magic","","","","","ManualTask"
"Cast ~|recharge dragonstone|~","Magic","","","","","ManualTask"
"Cast ~|respawn teleport|~","Magic","","","","","ManualTask"
"Cast ~|resurrect crops|~","Magic","","","","","ManualTask"
"Cast ~|salve graveyard teleport|~","Magic","","","","","ManualTask"
"Cast ~|saradomin strike|~","Magic","","","","","ManualTask"
"Cast ~|senntisten teleport|~","Magic","","","","","ManualTask"
"Cast ~|shadow barrage|~","Magic","","","","","ManualTask"
"Cast ~|shadow blitz|~","Magic","","","","","ManualTask"
"Cast ~|shadow burst|~","Magic","","","","","ManualTask"
"Cast ~|shadow rush|~","Magic","","","","","ManualTask"
"Cast ~|smoke barrage|~","Magic","","","","","ManualTask"
"Cast ~|smoke blitz|~","Magic","","","","","ManualTask"
"Cast ~|smoke burst|~","Magic","","","","","ManualTask"
"Cast ~|smoke rush|~","Magic","","","","","ManualTask"
"Cast ~|snare|~","Magic","","","","","ManualTask"
"Cast ~|snare|~ from a spell sack","Magic","","","","","ManualTask"
"Cast ~|spellbook swap|~","Magic","","","","","ManualTask"
"Cast ~|spin flax|~","Magic","","","","","ManualTask"
"Cast ~|stat restore pot share|~","Magic","","","","","ManualTask"
"Cast ~|stat spy|~","Magic","","","","","ManualTask"
"Cast ~|string jewellery|~","Magic","","","","","ManualTask"
"Cast ~|stun|~","Magic","","","","","ManualTask"
"Cast ~|superglass make|~","Magic","","","","","ManualTask"
"Smelt a ~|bronze bar|~ with superheat item","Magic","","","","","ManualTask"
"Smelt a ~|lunar bar|~ with superheat item","Magic","","","","","ManualTask"
"Smelt a ~|blurite bar|~ with superheat item","Magic","","","","","ManualTask"
"Smelt an ~|iron bar|~ with superheat item","Magic","","","","","ManualTask"
"Smelt a ~|silver bar|~ with superheat item","Magic","","","","","ManualTask"
"Smelt a ~|steel bar|~ with superheat item","Magic","","","","","ManualTask"
"Smelt a ~|gold bar|~ with superheat item","Magic","","","","","ManualTask"
"Smelt a ~|lovakite bar|~ with superheat item","Magic","","","","","ManualTask"
"Smelt a ~|mithril bar|~ with superheat item","Magic","","","","","ManualTask"
"Smelt an ~|adamantite bar|~ with superheat item","Magic","","","","","ManualTask"
"Smelt a ~|runite bar|~ with superheat item","Magic","","","","","ManualTask"
"Cast ~|tan leather|~","Magic","","","","","ManualTask"
"Cast ~|tele group barbarian|~","Magic","","","","","ManualTask"
"Cast ~|tele group catherby|~","Magic","","","","","ManualTask"
"Cast ~|tele group fishing guild|~","Magic","","","","","ManualTask"
"Cast ~|tele group ice plateau|~","Magic","","","","","ManualTask"
"Cast ~|tele group khazard|~","Magic","","","","","ManualTask"
"Cast ~|tele group moonclan|~","Magic","","","","","ManualTask"
"Cast ~|tele group waterbirth|~","Magic","","","","","ManualTask"
"Cast ~|telekinetic grab|~","Magic","","","","","ManualTask"
"Cast ~|teleother camelot|~","Magic","","","","","ManualTask"
"Cast ~|teleother falador|~","Magic","","","","","ManualTask"
"Cast ~|teleother lumbridge|~","Magic","","","","","ManualTask"
"Cast ~|teleport block|~","Magic","","","","","ManualTask"
"Cast ~|teleport block|~ from a spell sack","Magic","","","","","ManualTask"
"Cast ~|teleport to house|~","Magic","","","","","ManualTask"
"Cast ~|trollheim teleport|~","Magic","","","","","ManualTask"
"Cast ~|varrock teleport|~","Magic","","","","","ManualTask"
"Cast ~|vengeance other|~","Magic","","","","","ManualTask"
"Cast ~|vengeance|~","Magic","","","","","ManualTask"
"Cast ~|vengeance|~ from a spell sack","Magic","","","","","ManualTask"
"Cast ~|vengeance other|~ from a spell sack","Magic","","","","","ManualTask"
"Cast ~|vulnerability|~","Magic","","","","","ManualTask"
"Cast ~|watchtower teleport|~","Magic","","","","","ManualTask"
"Cast ~|water blast|~","Magic","","","","","ManualTask"
"Cast ~|water bolt|~","Magic","","","","","ManualTask"
"Cast ~|water strike|~","Magic","","","","","ManualTask"
"Cast ~|water surge|~","Magic","","","","","ManualTask"
"Cast ~|water surge|~ from a blighted spell sack","Magic","","","","","ManualTask"
"Cast ~|water wave|~","Magic","","","","","ManualTask"
"Cast ~|water wave|~ from a blighted spell sack","Magic","","","","","ManualTask"
"Cast ~|waterbirth teleport|~","Magic","","","","","ManualTask"
"Cast ~|weaken|~","Magic","","","","","ManualTask"
"Cast ~|west ardougne teleport|~","Magic","","","","","ManualTask"
"Cast ~|wind blast|~","Magic","","","","","ManualTask"
"Cast ~|wind bolt|~","Magic","","","","","ManualTask"
"Cast ~|wind strike|~","Magic","","","","","ManualTask"
"Cast ~|wind strike|~ from a rune pouch (Castle Wars)","Magic","","","","","ManualTask"
"Cast ~|wind surge|~","Magic","","","","","ManualTask"
"Cast ~|wind surge|~ from a blighted spell sack","Magic","","","","","ManualTask"
"Cast ~|wind wave|~","Magic","","","","","ManualTask"
"Cast ~|wind wave|~ from a blighted spell sack","Magic","","","","","ManualTask"
"Infuse dragon boots into ~|primordial boots|~","Magic","","","","","ManualTask"
"Infuse infinity boots into ~|eternal boots|~","Magic","","","","","ManualTask"
"Smith an ~|ancient wyvern shield|~","Magic","","","","","ManualTask"
"Wear a ~|god cape|~","Magic","","","","","ManualTask"
"Wear an ~|occult necklace|~","Magic","","","","","ManualTask"
"Wear ~|elder chaos druid robes|~","Magic","","","","","ManualTask"
"Wear ~|virtus robes|~","Magic","","","","","ManualTask"
"Wield a ~|soulflame horn|~","Magic","","","","","ManualTask"
"Wield a ~|twinflame staff|~","Magic","","","","","ManualTask"
"Wield a ~|bone staff|~","Magic","","","","","ManualTask"
"Wield a ~|beginner wand|~","Magic","","","","","ManualTask"
"Wield a ~|guthix staff|~","Magic","","","","","ManualTask"
"Wield a ~|kodai wand|~","Magic","","","","","ManualTask"
"Wield a ~|mage's book|~","Magic","","","","","ManualTask"
"Wield a ~|dragon hunter wand|~","Magic","","","","","ManualTask"
"Wield a ~|master wand|~","Magic","","","","","ManualTask"
"Wield a ~|sanguinesti staff|~","Magic","","","","","ManualTask"
"Wield a ~|saradomin staff|~","Magic","","","","","ManualTask"
"Wield a ~|slayer's staff (e)|~","Magic","","","","","ManualTask"
"Wield a ~|slayer's staff|~","Magic","","","","","ManualTask"
"Wield a ~|teacher wand|~","Magic","","","","","ManualTask"
"Wield a ~|thammaron's sceptre|~","Magic","","","","","ManualTask"
"Wield an ~|accursed sceptre|~","Magic","","","","","ManualTask"
"Wield a ~|tome of fire|~","Magic","","","","","ManualTask"
"Wield a ~|trident of the seas|~","Magic","","","","","ManualTask"
"Wield an ~|uncharged trident|~","Magic","","","","","ManualTask"
"Wield a ~|warped sceptre|~","Magic","","","","","ManualTask"
"Wield a ~|trident of the swamp|~","Magic","","","","","ManualTask"
"Wield an ~|eye of ayak|~","Magic","","","","","ManualTask"
"Wield a ~|tumeken's shadow|~","Magic","","","","","ManualTask"
"Wield a ~|zamorak staff|~","Magic","","","","","ManualTask"
"Wield an ~|apprentice wand|~","Magic","","","","","ManualTask"
"Access the lower level of the ~|Motherlode Mine|~","Mining","","","","","ManualTask"
"Obtain ~|mithril ore|~ from a supply crate","Mining","","","","","ManualTask"
"Obtain ~|adamantite ore|~ from a supply crate","Mining","","","","","ManualTask"
"Obtain ~|runite ore|~ from a supply crate","Mining","","","","","ManualTask"
"Mine ~|soft clay rocks|~ in the Cam Torum mine","Mining","","","","","ManualTask"
"Mine ~|calcified rocks|~ in the Cam Torum mine","Mining","","","","","ManualTask"
"Mine an ~|infernal shale deposit|~ in the Chasm of Fire","Mining","","","","","ManualTask"
"Mine ~|infernal shale rocks|~ in the Chasm of Fire","Mining","","","","","ManualTask"
"Mine an ~|amalgamation|~ in the scar essence mine","Mining","","","","","ManualTask"
"Clear the entrance to the Meiyerditch Laboratories advanced ~|shortcut|~","Mining","","","","","ManualTask"
"Mine a ~|Salt Deposit|~ in Duke Sucellus' Chamber","Mining","","","","","ManualTask"
"Dig at a ~|soil#Training|~ spot","Mining","","","","","ManualTask"
"Dig at a ~|soil#Level 1|~ spot","Mining","","","","","ManualTask"
"Dig at a ~|soil#Level 2|~ spot","Mining","","","","","ManualTask"
"Dig at a ~|soil#Level 3|~ spot","Mining","","","","","ManualTask"
"Dig at a ~|soil#Fossil Island|~ spot","Mining","","","","","ManualTask"
"Mine ~|ancient essence|~ from the crystals in the Ghorrock Dungeon","Mining","","","","","ManualTask"
"Mine for ~|guardian fragments|~ in Guardians of the Rift","Mining","","","","","ManualTask"
"Mine a ~|rockfall|~ in Motherlode Mine","Mining","","","","","ManualTask"
"Complete ~|Keldagrim tasks|~ for Mining xp","Mining","","","","","ManualTask"
"Access the upper level of the ~|Motherlode Mine|~","Mining","","","","","ManualTask"
"Access the ~|Blast Mine|~","Mining","","","","","ManualTask"
"Access the ~|Mining Guild|~","Mining","","","","","ManualTask"
"Access the ~|Volcanic Mine|~","Mining","","","","","ManualTask"
"Buy the ~|Mining cape|~","Mining","","","","","ManualTask"
"Mine the ~|rockslide (Mac)|~","Mining","","","","","ManualTask"
"Mine the rockslide by the ~|Ice Queen's Lair|~","Mining","","","","","ManualTask"
"Create an ~|infernal pickaxe|~","Mining","","","","","ManualTask"
"Mine a ~|gem rock|~","Mining","","","","","ManualTask"
"Mine a ~|gem rock|~ during Tai Bwo Wannai Cleanup","Mining","","","","","ManualTask"
"Mine from ~|rocks (Barronite)|~","Mining","","","","","ManualTask"
"Mine ~|adamantite ore|~","Mining","","","","","ManualTask"
"Mine ~|amethyst|~","Mining","","","","","ManualTask"
"Mine ~|basalt|~","Mining","","","","","ManualTask"
"Mine ~|blurite ore|~","Mining","","","","","ManualTask"
"Mine ~|clay|~","Mining","","","","","ManualTask"
"Mine ~|coal|~","Mining","","","","","ManualTask"
"Mine a ~|coal rock#Miscellania|~","Mining","","","","","ManualTask"
"Mine ~|copper ore|~","Mining","","","","","ManualTask"
"Mine ~|daeyalt ore|~","Mining","","","","","ManualTask"
"Mine ~|efh salt|~","Mining","","","","","ManualTask"
"Mine ~|elemental ore|~","Mining","","","","","ManualTask"
"Mine ~|gold ore|~","Mining","","","","","ManualTask"
"Mine ~|granite|~","Mining","","","","","ManualTask"
"Mine ~|iron ore|~","Mining","","","","","ManualTask"
"Mine ~|limestone|~","Mining","","","","","ManualTask"
"Mine ~|lovakite ore|~","Mining","","","","","ManualTask"
"Mine ~|lunar ore|~","Mining","","","","","ManualTask"
"Mine ~|mithril ore|~","Mining","","","","","ManualTask"
"Mine ~|pay-dirt|~","Mining","","","","","ManualTask"
"Mine ~|pure essence|~","Mining","","","","","ManualTask"
"Mine ~|rune essence|~","Mining","","","","","ManualTask"
"Mine ~|runite ore|~","Mining","","","","","ManualTask"
"Mine ~|sandstone|~","Mining","","","","","ManualTask"
"Mine ~|silver ore|~","Mining","","","","","ManualTask"
"Mine ~|rock (elemental)|~","Mining","","","","","ManualTask"
"Mine ~|te salt|~","Mining","","","","","ManualTask"
"Mine ~|tin ore|~","Mining","","","","","ManualTask"
"Mine ~|urt salt|~","Mining","","","","","ManualTask"
"Mine ~|volcanic ash|~","Mining","","","","","ManualTask"
"Mine ~|volcanic sulphur|~","Mining","","","","","ManualTask"
"Mine a size-1 ~|shooting star|~","Mining","","","","","ManualTask"
"Mine a size-2 ~|shooting star|~","Mining","","","","","ManualTask"
"Mine a size-3 ~|shooting star|~","Mining","","","","","ManualTask"
"Mine a size-4 ~|shooting star|~","Mining","","","","","ManualTask"
"Mine a size-5 ~|shooting star|~","Mining","","","","","ManualTask"
"Mine a size-6 ~|shooting star|~","Mining","","","","","ManualTask"
"Mine a size-7 ~|shooting star|~","Mining","","","","","ManualTask"
"Mine a size-8 ~|shooting star|~","Mining","","","","","ManualTask"
"Mine a size-9 ~|shooting star|~","Mining","","","","","ManualTask"
"Obtain ~|adamantite ore|~ from blasted ore","Mining","","","","","ManualTask"
"Obtain ~|adamantite ore|~ from pay-dirt","Mining","","","","","ManualTask"
"Obtain ~|mithril ore|~ from blasted ore","Mining","","","","","ManualTask"
"Obtain ~|mithril ore|~ from pay-dirt","Mining","","","","","ManualTask"
"Obtain ~|runite ore|~ from blasted ore","Mining","","","","","ManualTask"
"Obtain ~|runite ore|~ from pay-dirt","Mining","","","","","ManualTask"
"Use a ~|bronze pickaxe|~","Mining","","","","","ManualTask"
"Use a ~|crystal pickaxe|~","Mining","","","","","ManualTask"
"Use a ~|dragon pickaxe|~","Mining","","","","","ManualTask"
"Use a ~|mithril pickaxe|~","Mining","","","","","ManualTask"
"Use a ~|rune pickaxe|~","Mining","","","","","ManualTask"
"Use a ~|steel pickaxe|~","Mining","","","","","ManualTask"
"Use an ~|adamant pickaxe|~","Mining","","","","","ManualTask"
"Use an ~|iron pickaxe|~","Mining","","","","","ManualTask"
"Wear ~|expert mining gloves|~","Mining","","","","","ManualTask"
"Kill a runite golem*","Nonskill","","","","","ManualTask"
"Gemstone Crab*","Nonskill","","","","","ManualTask"
"Get the orange (hat) from the capybara*","Nonskill","","","","","ManualTask"
"Kill Yama after offering a contract of forfeit breath*","Nonskill","","","","","ManualTask"
"Kill Yama after offering a contract of glyphic attenuation*","Nonskill","","","","","ManualTask"
"Kill Yama after offering a contract of sensory clouding*","Nonskill","","","","","ManualTask"
"Kill Yama after offering a contract of divine severance*","Nonskill","","","","","ManualTask"
"Kill Yama after offering a contract of bloodied blows*","Nonskill","","","","","ManualTask"
"Forgotten lockbox loot*","Nonskill","","","","","ManualTask"
"Dossier loot*","Nonskill","","","","","ManualTask"
"Open a barrel of demonic tallow","Nonskill","","","","","ManualTask"
"Crush infernal shale","Nonskill","","","","","ManualTask"
"Pour nettle tea into a cup*","Nonskill","","","","","ManualTask"
"Get a rune pouch (Castle Wars)*","Nonskill","","","","","ManualTask"
"Loot desiccated pages from the Royal Titans*","Nonskill","","","","","ManualTask"
"Make a twinflame staff*","Nonskill","","","","","ManualTask"
"River troll net","Nonskill","","","","","ManualTask"
"Rock golem pickaxe","Nonskill","","","","","ManualTask"
"Tree spirit axe","Nonskill","","","","","ManualTask"
"Uncut onyx monster sources","Nonskill","","","","","ManualTask"
"Search a skeleton in Uzer Mastaba for a waterskin(0)*","Nonskill","","","","","ManualTask"
"Trade a kwuarm potion (unf) at the nest (nice)*","Nonskill","","","","","ManualTask"
"Trade a raw chicken at the nest (nice)*","Nonskill","","","","","ManualTask"
"Trade a gnome spice at the nest (nice)*","Nonskill","","","","","ManualTask"
"Trade a rope at the nest (nice)*","Nonskill","","","","","ManualTask"
"Trade dragon claws at the nest (nice)*","Nonskill","","","","","ManualTask"
"Trade rune platelegs at the nest (nice)*","Nonskill","","","","","ManualTask"
"Trade an adamant scimitar at the nest (nice)*","Nonskill","","","","","ManualTask"
"Trade mithril limbs at the nest (nice)*","Nonskill","","","","","ManualTask"
"Trade a steel dagger at the nest (nice)*","Nonskill","","","","","ManualTask"
"Collect grapes for the vineyard foreman*","Nonskill","","","","","ManualTask"
"Swap Amy's saw to its off-hand variant*","Nonskill","","","","","ManualTask"
"Swap an Imcando hammer to its offhand variant*","Nonskill","","","","","ManualTask"
"Make burning claws*","Nonskill","","","","","ManualTask"
"Dig up a gout tuber*","Nonskill","","","","","ManualTask"
"Chop any type of jungle","Nonskill","","","","","ManualTask"
"Imbue a magic shortbow*","Nonskill","","","","","ManualTask"
"Make a brimstone ring*","Nonskill","","","","","ManualTask"
"Make an abyssal tentacle*","Nonskill","","","","","ManualTask"
"Have Pellem make a mixed hide top*","Nonskill","","","","","ManualTask"
"Have Pellem make a mixed hide legs*","Nonskill","","","","","ManualTask"
"Have Pellem make a mixed hide boots*","Nonskill","","","","","ManualTask"
"Have Pellem make a mixed hide cape*","Nonskill","","","","","ManualTask"
"Search the crate in the Ruins of Tapoyauik for a bronze pickaxe*","Nonskill","","","","","ManualTask"
"Search the shelves in Gordon and Mary's house for a yellow dye*","Nonskill","","","","","ManualTask"
"Search the shelves in Gordon and Mary's house for a red dye*","Nonskill","","","","","ManualTask"
"Search a coop for an egg*","Nonskill","","","","","ManualTask"
"Take a big fishing net from the supply crates in Neypotzli","Nonskill","","","","","ManualTask"
"Take a rope from the supply crates in Neypotzli","Nonskill","","","","","ManualTask"
"Take a butterfly net from the supply crates in Neypotzli","Nonskill","","","","","ManualTask"
"Take a pestle and mortar from the supply crates in Neypotzli","Nonskill","","","","","ManualTask"
"Take a vial of water from the supply crates in Neypotzli","Nonskill","","","","","ManualTask"
"Cut logs from roots in the Hunter Guild basement*","Nonskill","","","","","ManualTask"
"Fill a jug with wine from a wine fountain*","Nonskill","","","","","ManualTask"
"Fill a beer glass with beer from a barrel*","Nonskill","","","","","ManualTask"
"Loot the Camdozaal Vault*","Nonskill","","","","","ManualTask"
"Simple lockbox loot*","Nonskill","","","","","ManualTask"
"Elaborate lockbox loot*","Nonskill","","","","","ManualTask"
"Ornate lockbox loot*","Nonskill","","","","","ManualTask"
"Hunters' loot sack (basic) loot*","Nonskill","","","","","ManualTask"
"Hunters' loot sack (adept) loot*","Nonskill","","","","","ManualTask"
"Hunters' loot sack (expert) loot*","Nonskill","","","","","ManualTask"
"Hunters' loot sack (master) loot*","Nonskill","","","","","ManualTask"
"Open the chest (alchemist's signet)","Nonskill","","","","","ManualTask"
"Open the chest in Gu'Tanoth*","Nonskill","","","","","ManualTask"
"Trade nuggets for a gold ore*","Nonskill","","","","","ManualTask"
"Find 'something nice' in an object*","Nonskill","","","","","ManualTask"
"Loot an antipoison from Sigmund's chest*","Nonskill","","","","","ManualTask"
"Switch the soul cape to blue*","Nonskill","","","","","ManualTask"
"Switch the soul cape to red*","Nonskill","","","","","ManualTask"
"Trade a tainted essence chunk for mangled extract*","Nonskill","","","","","ManualTask"
"Trade a tainted essence chunk for scarred extract*","Nonskill","","","","","ManualTask"
"Trade a tainted essence chunk for twisted extract*","Nonskill","","","","","ManualTask"
"Trade a tainted essence chunk for warped extract*","Nonskill","","","","","ManualTask"
"Trade a tainted essence chunk for pure essence*","Nonskill","","","","","ManualTask"
"Grab a spade from the ground in Fortis park*","Nonskill","","","","","ManualTask"
"Grab a bronze axe from the stump in the Locus Oasis*","Nonskill","","","","","ManualTask"
"Grab a bronze pickaxe from against the barrel in the Cam Torum mine*","Nonskill","","","","","ManualTask"
"Grab a spade from the center of the Rimmmington mine*","Nonskill","","","","","ManualTask"
"Receive a trowel from one of the examiners*","Nonskill","","","","","ManualTask"
"Grab a trowel from the tool rack in the Varrock Museum*","Nonskill","","","","","ManualTask"
"Grab a rock pick from the tool rack in the Varrock Museum*","Nonskill","","","","","ManualTask"
"Grab a specimen brush from the tool rack in the Varrock Museum*","Nonskill","","","","","ManualTask"
"Grab leather gloves from the tool rack in the Varrock Museum*","Nonskill","","","","","ManualTask"
"Grab leather boots from the tool rack in the Varrock Museum*","Nonskill","","","","","ManualTask"
"Charge Dizana's quiver*","Nonskill","","","","","ManualTask"
"Create a jug of sunfire wine*","Nonskill","","","","","ManualTask"
"Create a searing page*","Nonskill","","","","","ManualTask"
"Create echo boots*","Nonskill","","","","","ManualTask"
"Create a smoke ancient sceptre*","Nonskill","","","","","ManualTask"
"Create a shadow ancient sceptre*","Nonskill","","","","","ManualTask"
"Create a blood ancient sceptre*","Nonskill","","","","","ManualTask"
"Create a ice ancient sceptre*","Nonskill","","","","","ManualTask"
"Create a soulreaper axe*","Nonskill","","","","","ManualTask"
"Grab an iron pickaxe from the wall in the Duke Sucellus fight*","Nonskill","","","","","ManualTask"
"Grab a pestle and mortar from the wall in the Duke Sucellus fight*","Nonskill","","","","","ManualTask"
"Exchange Pennant for a crystal acorn*","Nonskill","","","","","ManualTask"
"Level 64 Wolf","Nonskill","","","","","ManualTask"
"Canifis Werewolf","Nonskill","","","","","ManualTask"
"Create a hat of the eye (blue)*","Nonskill","","","","","ManualTask"
"Create a hat of the eye (green)*","Nonskill","","","","","ManualTask"
"Create a hat of the eye (red)*","Nonskill","","","","","ManualTask"
"Create a robe top of the eye (blue)*","Nonskill","","","","","ManualTask"
"Create a robe top of the eye (green)*","Nonskill","","","","","ManualTask"
"Create a robe top of the eye (red)*","Nonskill","","","","","ManualTask"
"Create a robe bottoms of the eye (blue)*","Nonskill","","","","","ManualTask"
"Create a robe bottoms of the eye (green)*","Nonskill","","","","","ManualTask"
"Create a robe bottoms of the eye (red)*","Nonskill","","","","","ManualTask"
"Create a golden prospector helmet*","Nonskill","","","","","ManualTask"
"Create a golden prospector jacket*","Nonskill","","","","","ManualTask"
"Create a golden prospector legs*","Nonskill","","","","","ManualTask"
"Create a golden prospector boots*","Nonskill","","","","","ManualTask"
"Create a forestry basket*","Nonskill","","","","","ManualTask"
"Buy a waterskin from ~|Ali the Carter|~*","Nonskill","","","","","ManualTask"
"Buy a forestry kit from the ~|Forestry Shop|~*","Nonskill","","","","","ManualTask"
"Buy a secateurs blade from the ~|Forestry Shop|~*","Nonskill","","","","","ManualTask"
"Buy a ritual mulch from the ~|Forestry Shop|~*","Nonskill","","","","","ManualTask"
"Buy a log brace from the ~|Forestry Shop|~*","Nonskill","","","","","ManualTask"
"Buy a clothes pouch blueprint from the ~|Forestry Shop|~*","Nonskill","","","","","ManualTask"
"Buy a cape pouch from the ~|Forestry Shop|~*","Nonskill","","","","","ManualTask"
"Buy a log basket from the ~|Forestry Shop|~*","Nonskill","","","","","ManualTask"
"Buy a felling axe handle from the ~|Forestry Shop|~*","Nonskill","","","","","ManualTask"
"Buy twitcher's gloves from the ~|Forestry Shop|~*","Nonskill","","","","","ManualTask"
"Buy a funky shaped log from the ~|Forestry Shop|~*","Nonskill","","","","","ManualTask"
"Buy a sawmill voucher from the ~|Forestry Shop|~*","Nonskill","","","","","ManualTask"
"Buy lumberjack boots from the ~|Forestry Shop|~*","Nonskill","","","","","ManualTask"
"Buy a lumberjack hat from the ~|Forestry Shop|~*","Nonskill","","","","","ManualTask"
"Buy lumberjack legs from the ~|Forestry Shop|~*","Nonskill","","","","","ManualTask"
"Buy a lumberjack top from the ~|Forestry Shop|~*","Nonskill","","","","","ManualTask"
"Buy forestry boots from the ~|Forestry Shop|~*","Nonskill","","","","","ManualTask"
"Buy a forestry hat from the ~|Forestry Shop|~*","Nonskill","","","","","ManualTask"
"Buy forestry legs from the ~|Forestry Shop|~*","Nonskill","","","","","ManualTask"
"Buy a forestry top from the ~|Forestry Shop|~*","Nonskill","","","","","ManualTask"
"Buy a fox whistle from the ~|Forestry Shop|~*","Nonskill","","","","","ManualTask"
"Buy a golden pheasant egg from the ~|Forestry Shop|~*","Nonskill","","","","","ManualTask"
"Create poisoned fish food*","Nonskill","","","","","ManualTask"
"Create a pie shell*","Nonskill","","","","","ManualTask"
"Search the utensil cupboard in the Mess Hall for a knife","Nonskill","","","","","ManualTask"
"Search the utensil cupboard in the Mess Hall for a bowl","Nonskill","","","","","ManualTask"
"Search the kitchen cabinet in the Grand Tree for a knife","Nonskill","","","","","ManualTask"
"Search the kitchen cabinet in the Grand Tree for a batta tin","Nonskill","","","","","ManualTask"
"Search the kitchen cabinet in the Grand Tree for a crunchy tray","Nonskill","","","","","ManualTask"
"Search the kitchen cabinet in the Grand Tree for a gnomebowl mould","Nonskill","","","","","ManualTask"
"Extract blue dragon scales from a scaly blue dragonhide","Nonskill","","","","","ManualTask"
"Buy an abyssal lantern from Apprentice Felix","Nonskill","","","","","ManualTask"
"Get weeds from a farming patch","Nonskill","","","","","ManualTask"
"Have Hooknosed Jack make you some rat poison","Nonskill","","","","","ManualTask"
"Take a knife from the table in the Misthalin Manor*","Nonskill","","","","","ManualTask"
"Take a tinderbox from the shelves in the Misthalin Manor*","Nonskill","","","","","ManualTask"
"Buy a fishing rod from Grandpa Jack*","Nonskill","","","","","ManualTask"
"Poison a chicken to make it drop an egg*","Nonskill","","","","","ManualTask"
"Dry damp sticks with broken glass*","Nonskill","","","","","ManualTask"
"Light a torch with dry sticks*","Nonskill","","","","","ManualTask"
"Light a torch on a range or fire*","Nonskill","","","","","ManualTask"
"Create a impling jar from a jar generator*","Nonskill","","","","","ManualTask"
"Create a butterfly jar from a jar generator*","Nonskill","","","","","ManualTask"
"Buy a beer from Raqueel in the Clan Hall*","Nonskill","","","","","ManualTask"
"Grind a venator shard*","Nonskill","","","","","ManualTask"
"Create a venator bow*","Nonskill","","","","","ManualTask"
"Have Nurmof repair a broken dragon pickaxe*","Nonskill","","","","","ManualTask"
"Have Eblis create an ancient sceptre*","Nonskill","","","","","ManualTask"
"Receive a king worm from a gnome woman*","Nonskill","","","","","ManualTask"
"Grind up a karambwan into paste*","Nonskill","","","","","ManualTask"
"Apply weapon poison to a bronze dagger*","Nonskill","","","","","ManualTask"
"Apply weapon poison to an iron dagger*","Nonskill","","","","","ManualTask"
"Apply weapon poison to a steel dagger*","Nonskill","","","","","ManualTask"
"Apply weapon poison to a black dagger*","Nonskill","","","","","ManualTask"
"Apply weapon poison to a white dagger*","Nonskill","","","","","ManualTask"
"Apply weapon poison to a mithril dagger*","Nonskill","","","","","ManualTask"
"Apply weapon poison to an adamant dagger*","Nonskill","","","","","ManualTask"
"Apply weapon poison to a rune dagger*","Nonskill","","","","","ManualTask"
"Apply weapon poison to a dragon dagger*","Nonskill","","","","","ManualTask"
"Apply weapon poison to a bone dagger*","Nonskill","","","","","ManualTask"
"Apply weapon poison to an abyssal dagger*","Nonskill","","","","","ManualTask"
"Apply weapon poison to a keris*","Nonskill","","","","","ManualTask"
"Apply weapon poison(+) to a bronze dagger*","Nonskill","","","","","ManualTask"
"Apply weapon poison(+) to an iron dagger*","Nonskill","","","","","ManualTask"
"Apply weapon poison(+) to a steel dagger*","Nonskill","","","","","ManualTask"
"Apply weapon poison(+) to a black dagger*","Nonskill","","","","","ManualTask"
"Apply weapon poison(+) to a white dagger*","Nonskill","","","","","ManualTask"
"Apply weapon poison(+) to a mithril dagger*","Nonskill","","","","","ManualTask"
"Apply weapon poison(+) to an adamant dagger*","Nonskill","","","","","ManualTask"
"Apply weapon poison(+) to a rune dagger*","Nonskill","","","","","ManualTask"
"Apply weapon poison(+) to a dragon dagger*","Nonskill","","","","","ManualTask"
"Apply weapon poison(+) to a bone dagger*","Nonskill","","","","","ManualTask"
"Apply weapon poison(+) to an abyssal dagger*","Nonskill","","","","","ManualTask"
"Apply weapon poison(+) to a keris*","Nonskill","","","","","ManualTask"
"Apply weapon poison(++) to a bronze dagger*","Nonskill","","","","","ManualTask"
"Apply weapon poison(++) to an iron dagger*","Nonskill","","","","","ManualTask"
"Apply weapon poison(++) to a steel dagger*","Nonskill","","","","","ManualTask"
"Apply weapon poison(++) to a black dagger*","Nonskill","","","","","ManualTask"
"Apply weapon poison(++) to a white dagger*","Nonskill","","","","","ManualTask"
"Apply weapon poison(++) to a mithril dagger*","Nonskill","","","","","ManualTask"
"Apply weapon poison(++) to an adamant dagger*","Nonskill","","","","","ManualTask"
"Apply weapon poison(++) to a rune dagger*","Nonskill","","","","","ManualTask"
"Apply weapon poison(++) to a dragon dagger*","Nonskill","","","","","ManualTask"
"Apply weapon poison(++) to a bone dagger*","Nonskill","","","","","ManualTask"
"Apply weapon poison(++) to an abyssal dagger*","Nonskill","","","","","ManualTask"
"Apply weapon poison(++) to a keris*","Nonskill","","","","","ManualTask"
"Apply weapon poison to a bronze spear*","Nonskill","","","","","ManualTask"
"Apply weapon poison to an iron spear*","Nonskill","","","","","ManualTask"
"Apply weapon poison to a steel spear*","Nonskill","","","","","ManualTask"
"Apply weapon poison to a black spear*","Nonskill","","","","","ManualTask"
"Apply weapon poison to a mithril spear*","Nonskill","","","","","ManualTask"
"Apply weapon poison to an adamant spear*","Nonskill","","","","","ManualTask"
"Apply weapon poison to a rune spear*","Nonskill","","","","","ManualTask"
"Apply weapon poison to a dragon spear*","Nonskill","","","","","ManualTask"
"Apply weapon poison(+) to a bronze spear*","Nonskill","","","","","ManualTask"
"Apply weapon poison(+) to an iron spear*","Nonskill","","","","","ManualTask"
"Apply weapon poison(+) to a steel spear*","Nonskill","","","","","ManualTask"
"Apply weapon poison(+) to a black spear*","Nonskill","","","","","ManualTask"
"Apply weapon poison(+) to a mithril spear*","Nonskill","","","","","ManualTask"
"Apply weapon poison(+) to an adamant spear*","Nonskill","","","","","ManualTask"
"Apply weapon poison(+) to a rune spear*","Nonskill","","","","","ManualTask"
"Apply weapon poison(+) to a dragon spear*","Nonskill","","","","","ManualTask"
"Apply weapon poison(++) to a bronze spear*","Nonskill","","","","","ManualTask"
"Apply weapon poison(++) to an iron spear*","Nonskill","","","","","ManualTask"
"Apply weapon poison(++) to a steel spear*","Nonskill","","","","","ManualTask"
"Apply weapon poison(++) to a black spear*","Nonskill","","","","","ManualTask"
"Apply weapon poison(++) to a mithril spear*","Nonskill","","","","","ManualTask"
"Apply weapon poison(++) to an adamant spear*","Nonskill","","","","","ManualTask"
"Apply weapon poison(++) to a rune spear*","Nonskill","","","","","ManualTask"
"Apply weapon poison(++) to a dragon spear*","Nonskill","","","","","ManualTask"
"Apply karambwan paste to a bronze spear*","Nonskill","","","","","ManualTask"
"Apply karambwan paste to an iron spear*","Nonskill","","","","","ManualTask"
"Apply karambwan paste to a steel spear*","Nonskill","","","","","ManualTask"
"Apply karambwan paste to a black spear*","Nonskill","","","","","ManualTask"
"Apply karambwan paste to a mithril spear*","Nonskill","","","","","ManualTask"
"Apply karambwan paste to an adamant spear*","Nonskill","","","","","ManualTask"
"Apply karambwan paste to a rune spear*","Nonskill","","","","","ManualTask"
"Apply karambwan paste to a dragon spear*","Nonskill","","","","","ManualTask"
"Apply weapon poison to a bronze hasta*","Nonskill","","","","","ManualTask"
"Apply weapon poison to an iron hasta*","Nonskill","","","","","ManualTask"
"Apply weapon poison to a steel hasta*","Nonskill","","","","","ManualTask"
"Apply weapon poison to a mithril hasta*","Nonskill","","","","","ManualTask"
"Apply weapon poison to an adamant hasta*","Nonskill","","","","","ManualTask"
"Apply weapon poison to a rune hasta*","Nonskill","","","","","ManualTask"
"Apply weapon poison to a dragon hasta*","Nonskill","","","","","ManualTask"
"Apply weapon poison(+) to a bronze hasta*","Nonskill","","","","","ManualTask"
"Apply weapon poison(+) to an iron hasta*","Nonskill","","","","","ManualTask"
"Apply weapon poison(+) to a steel hasta*","Nonskill","","","","","ManualTask"
"Apply weapon poison(+) to a mithril hasta*","Nonskill","","","","","ManualTask"
"Apply weapon poison(+) to an adamant hasta*","Nonskill","","","","","ManualTask"
"Apply weapon poison(+) to a rune hasta*","Nonskill","","","","","ManualTask"
"Apply weapon poison(+) to a dragon hasta*","Nonskill","","","","","ManualTask"
"Apply weapon poison(++) to a bronze hasta*","Nonskill","","","","","ManualTask"
"Apply weapon poison(++) to an iron hasta*","Nonskill","","","","","ManualTask"
"Apply weapon poison(++) to a steel hasta*","Nonskill","","","","","ManualTask"
"Apply weapon poison(++) to a mithril hasta*","Nonskill","","","","","ManualTask"
"Apply weapon poison(++) to an adamant hasta*","Nonskill","","","","","ManualTask"
"Apply weapon poison(++) to a rune hasta*","Nonskill","","","","","ManualTask"
"Apply weapon poison(++) to a dragon hasta*","Nonskill","","","","","ManualTask"
"Apply karambwan paste to a bronze hasta*","Nonskill","","","","","ManualTask"
"Apply karambwan paste to an iron hasta*","Nonskill","","","","","ManualTask"
"Apply karambwan paste to a steel hasta*","Nonskill","","","","","ManualTask"
"Apply karambwan paste to a mithril hasta*","Nonskill","","","","","ManualTask"
"Apply karambwan paste to an adamant hasta*","Nonskill","","","","","ManualTask"
"Apply karambwan paste to a rune hasta*","Nonskill","","","","","ManualTask"
"Apply karambwan paste to a dragon hasta*","Nonskill","","","","","ManualTask"
"Help Veos look for his pet wolf","Nonskill","","","","","ManualTask"
"Search the sack outside of the Mage Bank for a knife","Nonskill","","","","","ManualTask"
"Search the camping equipment south of the Lizardman Settlement for secateurs","Nonskill","","","","","ManualTask"
"Access Brimhaven Dungeon#Section 7 1","Nonskill","","","","","ManualTask"
"Access Brimhaven Dungeon#Section 7 2","Nonskill","","","","","ManualTask"
"Access Brimhaven Dungeon#Section 1 1","Nonskill","","","","","ManualTask"
"Access Brimhaven Dungeon#Section 1 2","Nonskill","","","","","ManualTask"
"Access Brimhaven Dungeon#Section 2 1","Nonskill","","","","","ManualTask"
"Access Brimhaven Dungeon#Section 2 2","Nonskill","","","","","ManualTask"
"Access Brimhaven Dungeon#Section 2 3","Nonskill","","","","","ManualTask"
"Access Brimhaven Dungeon#Section 2 4","Nonskill","","","","","ManualTask"
"Access Brimhaven Dungeon#Section 2 5","Nonskill","","","","","ManualTask"
"Access Brimhaven Dungeon#Section 3 1","Nonskill","","","","","ManualTask"
"Access Brimhaven Dungeon#Section 3 2","Nonskill","","","","","ManualTask"
"Access Brimhaven Dungeon#Section 3 3","Nonskill","","","","","ManualTask"
"Access Brimhaven Dungeon#Section 3 4","Nonskill","","","","","ManualTask"
"Access Brimhaven Dungeon#Section 3 5","Nonskill","","","","","ManualTask"
"Access Brimhaven Dungeon#Section 4 1","Nonskill","","","","","ManualTask"
"Access Brimhaven Dungeon#Section 4 2","Nonskill","","","","","ManualTask"
"Access Brimhaven Dungeon#Section 4 3","Nonskill","","","","","ManualTask"
"Access Brimhaven Dungeon#Section 6 1","Nonskill","","","","","ManualTask"
"Access Brimhaven Dungeon#Section 6 2","Nonskill","","","","","ManualTask"
"Access Brimhaven Dungeon#Section 5 1","Nonskill","","","","","ManualTask"
"Access Brimhaven Dungeon#Section 5 2","Nonskill","","","","","ManualTask"
"Access Brimhaven Dungeon#Section 5 3","Nonskill","","","","","ManualTask"
"Access Brimhaven Dungeon#Section 3","Nonskill","","","","","ManualTask"
"Access wilderness pirates","Nonskill","","","","","ManualTask"
"Access wilderness zombie pirates","Nonskill","","","","","ManualTask"
"Flail access","Nonskill","","","","","ManualTask"
"Loot a mask of rebirth from the Tombs of Amascut*","Nonskill","","","","","ManualTask"
"Get tools from a tool store 1 in your POH*","Nonskill","","","","","ManualTask"
"Get tools from a tool store 2 in your POH*","Nonskill","","","","","ManualTask"
"Get tools from a tool store 3 in your POH*","Nonskill","","","","","ManualTask"
"Get tools from a tool store 4 in your POH*","Nonskill","","","","","ManualTask"
"Get tools from a tool store 5 in your POH*","Nonskill","","","","","ManualTask"
"Get food from a wooden larder in your POH*","Nonskill","","","","","ManualTask"
"Get food from an oak larder in your POH*","Nonskill","","","","","ManualTask"
"Get food from a teak larder in your POH*","Nonskill","","","","","ManualTask"
"Get supplies from a wooden shelves 2 in your POH*","Nonskill","","","","","ManualTask"
"Get supplies from a wooden shelves 3 in your POH*","Nonskill","","","","","ManualTask"
"Get supplies from an oak shelves 1 in your POH*","Nonskill","","","","","ManualTask"
"Get supplies from an oak shelves 2 in your POH*","Nonskill","","","","","ManualTask"
"Get supplies from a teak shelves 1 in your POH*","Nonskill","","","","","ManualTask"
"Get supplies from a teak shelves 2 in your POH*","Nonskill","","","","","ManualTask"
"Buy ale yeast from Lucrezia*","Nonskill","","","","","ManualTask"
"Buy ale yeast from Blandebir*","Nonskill","","","","","ManualTask"
"Buy ale yeast from Metarialus*","Nonskill","","","","","ManualTask"
"Get a poison chalice from Stankers*","Nonskill","","","","","ManualTask"
"Make red spicy stew*","Nonskill","","","","","ManualTask"
"Make yellow spicy stew*","Nonskill","","","","","ManualTask"
"Make orange spicy stew*","Nonskill","","","","","ManualTask"
"Make brown spicy stew*","Nonskill","","","","","ManualTask"
"Obtain the clue hunter gloves*","Nonskill","","","","","ManualTask"
"Obtain the clue hunter boots*","Nonskill","","","","","ManualTask"
"Obtain the clue hunter garb*","Nonskill","","","","","ManualTask"
"Obtain the clue hunter trousers*","Nonskill","","","","","ManualTask"
"Obtain the clue hunter cloak*","Nonskill","","","","","ManualTask"
"Obtain the helm of raedwald*","Nonskill","","","","","ManualTask"
"Obtain the corrupted helm*","Nonskill","","","","","ManualTask"
"Obtain the corrupted platebody*","Nonskill","","","","","ManualTask"
"Obtain the corrupted platelegs*","Nonskill","","","","","ManualTask"
"Obtain the corrupted plateskirt*","Nonskill","","","","","ManualTask"
"Obtain the corrupted kiteshield*","Nonskill","","","","","ManualTask"
"Obtain the ornate gloves*","Nonskill","","","","","ManualTask"
"Obtain the ornate boots*","Nonskill","","","","","ManualTask"
"Obtain the ornate legs*","Nonskill","","","","","ManualTask"
"Obtain the ornate top*","Nonskill","","","","","ManualTask"
"Obtain the ornate cape*","Nonskill","","","","","ManualTask"
"Obtain the ornate helm*","Nonskill","","","","","ManualTask"
"Obtain the hood of ruin*","Nonskill","","","","","ManualTask"
"Complete Crack The Clue III*","Nonskill","","","","","ManualTask"
"Obtain the robe bottom of ruin of ruin*","Nonskill","","","","","ManualTask"
"Obtain the gloves of ruin*","Nonskill","","","","","ManualTask"
"Obtain the socks of ruin*","Nonskill","","","","","ManualTask"
"Obtain the cloak of ruin*","Nonskill","","","","","ManualTask"
"Add a breach of the scarab to the keris partisan","Nonskill","","","","","ManualTask"
"Add an eye of the corruptor to the keris partisan","Nonskill","","","","","ManualTask"
"Add a jewel of the sun to the keris partisan","Nonskill","","","","","ManualTask"
"Add a jewel of amascut to the keris partisan","Nonskill","","","","","ManualTask"
"Get a spade from Konoo","Nonskill","","","","","ManualTask"
"Get a tinderbox from Smoggy","Nonskill","","","","","ManualTask"
"Drink an asgarnia ale for a beer glass*","Nonskill","","","","","ManualTask"
"Drink an axeman's folly for a beer glass*","Nonskill","","","","","ManualTask"
"Drink a bandit's brew for a beer glass*","Nonskill","","","","","ManualTask"
"Drink a beer for a beer glass*","Nonskill","","","","","ManualTask"
"Drink a blood pint for a beer glass*","Nonskill","","","","","ManualTask"
"Drink a bloody bracer for a beer glass*","Nonskill","","","","","ManualTask"
"Drink a chef's delight for a beer glass*","Nonskill","","","","","ManualTask"
"Drink a cider for a beer glass*","Nonskill","","","","","ManualTask"
"Drink a dragon bitter for a beer glass*","Nonskill","","","","","ManualTask"
"Drink a dwarven stout for a beer glass*","Nonskill","","","","","ManualTask"
"Drink an elven dawn for a beer glass*","Nonskill","","","","","ManualTask"
"Drink a greenman's ale for a beer glass*","Nonskill","","","","","ManualTask"
"Drink a grog for a beer glass*","Nonskill","","","","","ManualTask"
"Drink a lizardkicker for a beer glass*","Nonskill","","","","","ManualTask"
"Drink a moonlight mead for a beer glass*","Nonskill","","","","","ManualTask"
"Drink a slayer's respite for a beer glass*","Nonskill","","","","","ManualTask"
"Drink a steamforge brew for a beer glass*","Nonskill","","","","","ManualTask"
"Drink a sunbeam ale for a beer glass*","Nonskill","","","","","ManualTask"
"Drink a wizard's mind bomb for a beer glass*","Nonskill","","","","","ManualTask"
"Drink a trapper's tipple for a beer glass*","Nonskill","","","","","ManualTask"
"Drink a Kovac's grog for a beer glass*","Nonskill","","","","","ManualTask"
"Empty cabbages(2) for a sack*","Nonskill","","","","","ManualTask"
"Empty cabbages(2) for a cabbage*","Nonskill","","","","","ManualTask"
"Empty apples(5) for a basket","Nonskill","","","","","ManualTask"
"Empty bananas(5) for a basket","Nonskill","","","","","ManualTask"
"Empty oranges(5) for a basket","Nonskill","","","","","ManualTask"
"Empty strawberries(5) for a basket","Nonskill","","","","","ManualTask"
"Empty tomatoes(5) for a basket","Nonskill","","","","","ManualTask"
"Empty apples(5)","Nonskill","","","","","ManualTask"
"Empty bananas(5)","Nonskill","","","","","ManualTask"
"Empty oranges(5)","Nonskill","","","","","ManualTask"
"Empty strawberries(5)","Nonskill","","","","","ManualTask"
"Empty tomatoes(5)","Nonskill","","","","","ManualTask"
"Fill a basket with apples","Nonskill","","","","","ManualTask"
"Fill a basket with bananas","Nonskill","","","","","ManualTask"
"Fill a basket with oranges","Nonskill","","","","","ManualTask"
"Fill a basket with strawberries","Nonskill","","","","","ManualTask"
"Fill a basket with tomatoes*","Nonskill","","","","","ManualTask"
"Take a bucket from the Pile of Buckets in the Giants' Foundry","Nonskill","","","","","ManualTask"
"Access an altar via Abyss","Nonskill","","","","","ManualTask"
"Access Air altar via 11827","Nonskill","","","","","ManualTask"
"Access Water altar via 12593","Nonskill","","","","","ManualTask"
"Access Earth altar via 13110","Nonskill","","","","","ManualTask"
"Access Fire altar via 13106","Nonskill","","","","","ManualTask"
"Access Mind altar via 11830","Nonskill","","","","","ManualTask"
"Access Body altar via 12085","Nonskill","","","","","ManualTask"
"Access Cosmic altar via Zanaris","Nonskill","","","","","ManualTask"
"Access Chaos altar via 12088","Nonskill","","","","","ManualTask"
"Access Chaos altar via Tunnel of Chaos","Nonskill","","","","","ManualTask"
"Access Nature altar via 11311","Nonskill","","","","","ManualTask"
"Access Law altar via 11316","Nonskill","","","","","ManualTask"
"Access Death altar via Mourner Tunnels & Temple of Light","Nonskill","","","","","ManualTask"
"Access Blood altar via Meiyerditch Laboratories","Nonskill","","","","","ManualTask"
"Access Wrath altar via 9772","Nonskill","","","","","ManualTask"
"Access Abyssal Nexus via Abyss","Nonskill","","","","","ManualTask"
"Access Abyssal Nexus via Zanaris","Nonskill","","","","","ManualTask"
"Access Lumbridge Swamp Caves via 12593","Nonskill","","","","","ManualTask"
"Access Lumbridge Swamp Caves via Lumbridge Castle Cellar","Nonskill","","","","","ManualTask"
"Access Kalphite Lair via 12848","Nonskill","","","","","ManualTask"
"Access Kalphite Lair via Dorgesh-Kaan South Dungeon","Nonskill","","","","","ManualTask"
"Access Keldagrim via quest","Nonskill","","","","","ManualTask"
"Access Keldagrim via entrance","Nonskill","","","","","ManualTask"
"Access Varrock Sewers via 12854","Nonskill","","","","","ManualTask"
"Access Varrock Sewers via ~|Edgeville Dungeon|~","Nonskill","","","","","ManualTask"
"Access Edgeville Dungeon via 12342","Nonskill","","","","","ManualTask"
"Access Edgeville Dungeon via ~|Varrock Sewers|~","Nonskill","","","","","ManualTask"
"Slash a web","Nonskill","","","","","ManualTask"
"Light source","Nonskill","","","","","ManualTask"
"Nerf Defence Weapon","Nonskill","","","","","ManualTask"
"Nerf Defence Spell","Nonskill","","","","","ManualTask"
"Intentionally burn cooked meat*","Nonskill","","","","","ManualTask"
"Intentionally burn cooked mystery meat*","Nonskill","","","","","ManualTask"
"Buy a rake from Gardener Gunnhild*","Nonskill","","","","","ManualTask"
"Buy an iron sickle from Gardener Gunnhild*","Nonskill","","","","","ManualTask"
"Trade Phileas for an amulet of the eye*","Nonskill","","","","","ManualTask"
"Intricate pouch loot*","Nonskill","","","","","ManualTask"
"Ore pack (Giants' Foundry) loot*","Nonskill","","","","","ManualTask"
"Ore pack (Volcanic Mine) loot*","Nonskill","","","","","ManualTask"
"Animate adamant armour","Nonskill","","","","","ManualTask"
"Animate black armour","Nonskill","","","","","ManualTask"
"Animate bronze armour","Nonskill","","","","","ManualTask"
"Animate iron armour","Nonskill","","","","","ManualTask"
"Animate mithril armour","Nonskill","","","","","ManualTask"
"Animate rune armour","Nonskill","","","","","ManualTask"
"Animate steel armour","Nonskill","","","","","ManualTask"
"Complete the Varrock Museum quiz","Nonskill","","","","","ManualTask"
"~|Raetul and Co's Cloth Store.#Post-Contact!|~*","Nonskill","","","","","ManualTask"
"Get a bronze pickaxe from Anna Jones","Nonskill","","","","","ManualTask"
"Grab a hammer from the crate in the Motherlode Mine*","Nonskill","","","","","ManualTask"
"Grab a tinderbox from the house in upstairs Corsair Cove*","Nonskill","","","","","ManualTask"
"Grab a spade from the beach in Corsair Cove*","Nonskill","","","","","ManualTask"
"Grab seaweed from the nets in the Piscatoris Fishing Colony*","Nonskill","","","","","ManualTask"
"Obtain a pile of salt*","Nonskill","","","","","ManualTask"
"Trade Bardur a Fremennik blade*","Nonskill","","","","","ManualTask"
"Trade Bardur a Fremennik shield*","Nonskill","","","","","ManualTask"
"Trade Bardur a Fremennik helm*","Nonskill","","","","","ManualTask"
"Ardougne guard","Nonskill","","","","","ManualTask"
"Ardougne guard dog","Nonskill","","","","","ManualTask"
"Ardougne monk","Nonskill","","","","","ManualTask"
"Lighthouse dagannoth","Nonskill","","","","","ManualTask"
"Chasm of fire demons","Nonskill","","","","","ManualTask"
"Wilderness chunks","Nonskill","","","","","ManualTask"
"Wilderness ankou","Nonskill","","","","","ManualTask"
"12601 zombie","Nonskill","","","","","ManualTask"
"Wilderness Slayer Cave drops","Nonskill","","","","","ManualTask"
"Escape Caves drops","Nonskill","","","","","ManualTask"
"Catacombs drops","Nonskill","","","","","ManualTask"
"Dwarven Mine scorpions","Nonskill","","","","","ManualTask"
"Catacombs or Giants Den drops","Nonskill","","","","","ManualTask"
"Iorwerth Dungeon drops","Nonskill","","","","","ManualTask"
"Wilderness GWD Drops","Nonskill","","","","","ManualTask"
"Stronghold drops","Nonskill","","","","","ManualTask"
"Forthos drops","Nonskill","","","","","ManualTask"
"Warriors' Guild drops","Nonskill","","","","","ManualTask"
"Warriors' Guild Basement drops","Nonskill","","","","","ManualTask"
"Wilderness bandit","Nonskill","","","","","ManualTask"
"Wilderness black demon","Nonskill","","","","","ManualTask"
"Wilderness black dragon","Nonskill","","","","","ManualTask"
"Wilderness dark wizard","Nonskill","","","","","ManualTask"
"Wilderness green dragon","Nonskill","","","","","ManualTask"
"Wilderness greater demon","Nonskill","","","","","ManualTask"
"Wilderness hellhound","Nonskill","","","","","ManualTask"
"Wilderness ice giant","Nonskill","","","","","ManualTask"
"Wilderness ice spider","Nonskill","","","","","ManualTask"
"Wilderness ice warrior","Nonskill","","","","","ManualTask"
"Wilderness king scorpion","Nonskill","","","","","ManualTask"
"Wilderness lesser demon","Nonskill","","","","","ManualTask"
"Wilderness magic axe","Nonskill","","","","","ManualTask"
"Wilderness man","Nonskill","","","","","ManualTask"
"Wilderness monk of zamorak","Nonskill","","","","","ManualTask"
"Wilderness moss giant","Nonskill","","","","","ManualTask"
"Wilderness pirate","Nonskill","","","","","ManualTask"
"Wilderness poison spider","Nonskill","","","","","ManualTask"
"Wilderness rat","Nonskill","","","","","ManualTask"
"Wilderness scorpion","Nonskill","","","","","ManualTask"
"Wilderness shadow spider","Nonskill","","","","","ManualTask"
"Wilderness spider","Nonskill","","","","","ManualTask"
"Wilderness white wolf","Nonskill","","","","","ManualTask"
"Wilderness wolf","Nonskill","","","","","ManualTask"
"Wilderness skeleton","Nonskill","","","","","ManualTask"
"Wilderness ancient wizard","Nonskill","","","","","ManualTask"
"Wilderness armadylean guard","Nonskill","","","","","ManualTask"
"Wilderness black knight","Nonskill","","","","","ManualTask"
"Wilderness black unicorn","Nonskill","","","","","ManualTask"
"Wilderness brassican mage","Nonskill","","","","","ManualTask"
"Wilderness chaos druid","Nonskill","","","","","ManualTask"
"Wilderness chaos dwarf","Nonskill","","","","","ManualTask"
"Wilderness deadly red spider","Nonskill","","","","","ManualTask"
"Wilderness ent","Nonskill","","","","","ManualTask"
"Wilderness fire giant","Nonskill","","","","","ManualTask"
"Wilderness ghost","Nonskill","","","","","ManualTask"
"Wilderness giant bat","Nonskill","","","","","ManualTask"
"Wilderness giant rat","Nonskill","","","","","ManualTask"
"Wilderness giant spider","Nonskill","","","","","ManualTask"
"Wilderness grizzly bear","Nonskill","","","","","ManualTask"
"Wilderness hill giant","Nonskill","","","","","ManualTask"
"Wilderness hobgoblin","Nonskill","","","","","ManualTask"
"Karamja hobgoblin","Nonskill","","","","","ManualTask"
"Non-Karamja hobgoblin","Nonskill","","","","","ManualTask"
"F2P Farmer","Nonskill","","","","","ManualTask"
"Kalphite task","Nonskill","","","","","ManualTask"
"Aberrant spectre task","Nonskill","","","","","ManualTask"
"Ankou task","Nonskill","","","","","ManualTask"
"Bloodveld task","Nonskill","","","","","ManualTask"
"Fire giant task","Nonskill","","","","","ManualTask"
"Hellhound task","Nonskill","","","","","ManualTask"
"Gargoyle task","Nonskill","","","","","ManualTask"
"Nechryael task","Nonskill","","","","","ManualTask"
"Abyssal demon task","Nonskill","","","","","ManualTask"
"Abyssal demon wilderness task","Nonskill","","","","","ManualTask"
"Dust devil wilderness task","Nonskill","","","","","ManualTask"
"Jelly wilderness task","Nonskill","","","","","ManualTask"
"Nechryael wilderness task","Nonskill","","","","","ManualTask"
"Black demon task","Nonskill","","","","","ManualTask"
"Greater demon task","Nonskill","","","","","ManualTask"
"Lesser demon task","Nonskill","","","","","ManualTask"
"Lizardman task","Nonskill","","","","","ManualTask"
"Kraken task","Nonskill","","","","","ManualTask"
"Waterfiend task","Nonskill","","","","","ManualTask"
"Smoke devil task","Nonskill","","","","","ManualTask"
"Fossil Island Wyvern task","Nonskill","","","","","ManualTask"
"Black dragon task","Nonskill","","","","","ManualTask"
"Hydra task","Nonskill","","","","","ManualTask"
"Barbarian fishing training","Nonskill","","","","","ManualTask"
"Shaikahan weapon","Nonskill","","","","","ManualTask"
"Buy the achievement diary cape*","Nonskill","","","","","ManualTask"
"Grab a garden cane from Fenkenstrain's Castle*","Nonskill","","","","","ManualTask"
"Grab a rake from inside the Lumbridge Swamp shack*","Nonskill","","","","","ManualTask"
"Charge a craw's bow (u)","Nonskill","","","","","ManualTask"
"Charge a thammaron's sceptre (u)","Nonskill","","","","","ManualTask"
"Charge a viggora's chainmace (u)","Nonskill","","","","","ManualTask"
"Charge a webweaver bow (u)","Nonskill","","","","","ManualTask"
"Charge an accursed sceptre (u)","Nonskill","","","","","ManualTask"
"Charge an ursine chainmace (u)","Nonskill","","","","","ManualTask"
"Grab a spade from inside the Lumbridge Swamp shack*","Nonskill","","","","","ManualTask"
"Break down a bandos chestplate","Nonskill","","","","","ManualTask"
"Break down bandos tassets","Nonskill","","","","","ManualTask"
"Combine both halves of the moon key","Nonskill","","","","","ManualTask"
"Moon chest loot*","Nonskill","","","","","ManualTask"
"Combine ecumenical key shards into a key","Nonskill","","","","","ManualTask"
"Grind a nihil shard","Nonskill","","","","","ManualTask"
"Make a zaryte crossbow","Nonskill","","","","","ManualTask"
"Attach Ancient hilt","Nonskill","","","","","ManualTask"
"Have the Apothecary make a strength potion","Nonskill","","","","","ManualTask"
"Have the Apothecary make an energy potion","Nonskill","","","","","ManualTask"
"Have the Apothecary make an antipoison potion","Nonskill","","","","","ManualTask"
"Make an arclight","Nonskill","","","","","ManualTask"
"Empty sweetcorn (bowl)","Nonskill","","","","","ManualTask"
"Empty stew","Nonskill","","","","","ManualTask"
"Empty chopped garlic","Nonskill","","","","","ManualTask"
"Empty chopped onion","Nonskill","","","","","ManualTask"
"Empty sliced mushrooms","Nonskill","","","","","ManualTask"
"Empty curry","Nonskill","","","","","ManualTask"
"Empty fried mushrooms","Nonskill","","","","","ManualTask"
"Empty banana stew","Nonskill","","","","","ManualTask"
"Buy silk from the silk trader*","Nonskill","","","","","ManualTask"
"Fishing Trawler loot 1*","Nonskill","","","","","ManualTask"
"Fishing Trawler loot 2*","Nonskill","","","","","ManualTask"
"Fishing Trawler loot 3*","Nonskill","","","","","ManualTask"
"Fishing Trawler loot 4*","Nonskill","","","","","ManualTask"
"Fishing Trawler loot 5*","Nonskill","","","","","ManualTask"
"Fishing Trawler loot 6*","Nonskill","","","","","ManualTask"
"Guardians of the Rift loot*","Nonskill","","","","","ManualTask"
"Coffin (Hallowed Sepulchre) loot*","Nonskill","","","","","ManualTask"
"Grand Hallowed Coffin loot*","Nonskill","","","","","ManualTask"
"Rogues' Den loot*","Nonskill","","","","","ManualTask"
"Kill chompies for the pet*","Nonskill","","","","","ManualTask"
"Pull toad's legs off of a toad","Nonskill","","","","","ManualTask"
"Bronze spear materials","Nonskill","","","","","ManualTask"
"Iron spear materials","Nonskill","","","","","ManualTask"
"Steel spear materials","Nonskill","","","","","ManualTask"
"Mithril spear materials","Nonskill","","","","","ManualTask"
"Adamantite spear materials","Nonskill","","","","","ManualTask"
"Runite spear materials","Nonskill","","","","","ManualTask"
"Pluming stand materials","Nonskill","","","","","ManualTask"
"Wooden shelves 1 materials","Nonskill","","","","","ManualTask"
"Wooden shelves 2 materials","Nonskill","","","","","ManualTask"
"Wooden shelves 3 materials","Nonskill","","","","","ManualTask"
"Oak shelves 1 materials","Nonskill","","","","","ManualTask"
"Oak shelves 2 materials","Nonskill","","","","","ManualTask"
"Teak shelves 1 materials","Nonskill","","","","","ManualTask"
"Teak shelves 2 materials","Nonskill","","","","","ManualTask"
"Sink materials","Nonskill","","","","","ManualTask"
"Gold sink materials","Nonskill","","","","","ManualTask"
"Stove materials","Nonskill","","","","","ManualTask"
"Wooden larder materials","Nonskill","","","","","ManualTask"
"Oak larder materials","Nonskill","","","","","ManualTask"
"Teak larder materials","Nonskill","","","","","ManualTask"
"Crafting Table 1 materials","Nonskill","","","","","ManualTask"
"Crafting Table 2 materials","Nonskill","","","","","ManualTask"
"Armour stand materials","Nonskill","","","","","ManualTask"
"Repair bench materials","Nonskill","","","","","ManualTask"
"Oak pet house materials","Nonskill","","","","","ManualTask"
"Recolour a graceful hood (Agility Arena)","Nonskill","","","","","ManualTask"
"Recolour a graceful top (Agility Arena)","Nonskill","","","","","ManualTask"
"Recolour graceful legs (Agility Arena)","Nonskill","","","","","ManualTask"
"Recolour a graceful cape (Agility Arena)","Nonskill","","","","","ManualTask"
"Recolour graceful gloves (Agility Arena)","Nonskill","","","","","ManualTask"
"Recolour graceful boots (Agility Arena)","Nonskill","","","","","ManualTask"
"Recolour a graceful hood (Arceuus)","Nonskill","","","","","ManualTask"
"Recolour a graceful top (Arceuus)","Nonskill","","","","","ManualTask"
"Recolour graceful legs (Arceuus)","Nonskill","","","","","ManualTask"
"Recolour a graceful cape (Arceuus)","Nonskill","","","","","ManualTask"
"Recolour graceful gloves (Arceuus)","Nonskill","","","","","ManualTask"
"Recolour graceful boots (Arceuus)","Nonskill","","","","","ManualTask"
"Recolour a graceful hood (Hallowed)","Nonskill","","","","","ManualTask"
"Recolour a graceful top (Hallowed)","Nonskill","","","","","ManualTask"
"Recolour graceful legs (Hallowed)","Nonskill","","","","","ManualTask"
"Recolour a graceful cape (Hallowed)","Nonskill","","","","","ManualTask"
"Recolour graceful gloves (Hallowed)","Nonskill","","","","","ManualTask"
"Recolour graceful boots (Hallowed)","Nonskill","","","","","ManualTask"
"Recolour a graceful hood (Hosidius)","Nonskill","","","","","ManualTask"
"Recolour a graceful top (Hosidius)","Nonskill","","","","","ManualTask"
"Recolour graceful legs (Hosidius)","Nonskill","","","","","ManualTask"
"Recolour a graceful cape (Hosidius)","Nonskill","","","","","ManualTask"
"Recolour graceful gloves (Hosidius)","Nonskill","","","","","ManualTask"
"Recolour graceful boots (Hosidius)","Nonskill","","","","","ManualTask"
"Recolour a graceful hood (Kourend)","Nonskill","","","","","ManualTask"
"Recolour a graceful top (Kourend)","Nonskill","","","","","ManualTask"
"Recolour graceful legs (Kourend)","Nonskill","","","","","ManualTask"
"Recolour a graceful cape (Kourend)","Nonskill","","","","","ManualTask"
"Recolour graceful gloves (Kourend)","Nonskill","","","","","ManualTask"
"Recolour graceful boots (Kourend)","Nonskill","","","","","ManualTask"
"Recolour a graceful hood (Lovakengj)","Nonskill","","","","","ManualTask"
"Recolour a graceful top (Lovakengj)","Nonskill","","","","","ManualTask"
"Recolour graceful legs (Lovakengj)","Nonskill","","","","","ManualTask"
"Recolour a graceful cape (Lovakengj)","Nonskill","","","","","ManualTask"
"Recolour graceful gloves (Lovakengj)","Nonskill","","","","","ManualTask"
"Recolour graceful boots (Lovakengj)","Nonskill","","","","","ManualTask"
"Recolour a graceful hood (Piscarilius)","Nonskill","","","","","ManualTask"
"Recolour a graceful top (Piscarilius)","Nonskill","","","","","ManualTask"
"Recolour graceful legs (Piscarilius)","Nonskill","","","","","ManualTask"
"Recolour a graceful cape (Piscarilius)","Nonskill","","","","","ManualTask"
"Recolour graceful gloves (Piscarilius)","Nonskill","","","","","ManualTask"
"Recolour graceful boots (Piscarilius)","Nonskill","","","","","ManualTask"
"Recolour a graceful hood (Shayzien)","Nonskill","","","","","ManualTask"
"Recolour a graceful top (Shayzien)","Nonskill","","","","","ManualTask"
"Recolour graceful legs (Shayzien)","Nonskill","","","","","ManualTask"
"Recolour a graceful cape (Shayzien)","Nonskill","","","","","ManualTask"
"Recolour graceful gloves (Shayzien)","Nonskill","","","","","ManualTask"
"Recolour graceful boots (Shayzien)","Nonskill","","","","","ManualTask"
"Recolour a graceful hood (Varlamore)","Nonskill","","","","","ManualTask"
"Recolour a graceful top (Varlamore)","Nonskill","","","","","ManualTask"
"Recolour graceful legs (Varlamore)","Nonskill","","","","","ManualTask"
"Recolour a graceful cape (Varlamore)","Nonskill","","","","","ManualTask"
"Recolour graceful gloves (Varlamore)","Nonskill","","","","","ManualTask"
"Recolour graceful boots (Varlamore)","Nonskill","","","","","ManualTask"
"Combine flippers and a dark claw","Nonskill","","","","","ManualTask"
"Use a twisted kit on an ancestral hat","Nonskill","","","","","ManualTask"
"Use a twisted kit on an ancestral robe top","Nonskill","","","","","ManualTask"
"Use a twisted kit on an ancestral robe bottom","Nonskill","","","","","ManualTask"
"Oak armour case materials","Nonskill","","","","","ManualTask"
"Oak magic wardrobe materials","Nonskill","","","","","ManualTask"
"Oak cape rack materials","Nonskill","","","","","ManualTask"
"Teak cape rack materials","Nonskill","","","","","ManualTask"
"Access LMS via Quest Points","Nonskill","","","","","ManualTask"
"Access LMS via total level","Nonskill","","","","","ManualTask"
"Access Justine's shop","Nonskill","","","","","ManualTask"
"Access Zanaris Marketplace","Nonskill","","","","","ManualTask"
"Access Bounty Hunter Store","Nonskill","","","","","ManualTask"
"Access Alry the Angler's shop","Nonskill","","","","","ManualTask"
"Access Grace's shop","Nonskill","","","","","ManualTask"
"Access the Mahogany Homes Reward Shop","Nonskill","","","","","ManualTask"
"Access Worm Tounge's Wares","Nonskill","","","","","ManualTask"
"Access ~|Martin Thwait|~'s shop","Nonskill","","","","","ManualTask"
"Make a skewer stick","Nonskill","","","","","ManualTask"
"Buy a tinderbox from a Sophanem Guard above the Sophanem Dungeon*","Nonskill","","","","","ManualTask"
"Buy an unlit torch from a Sophanem Guard above the Sophanem Dungeon*","Nonskill","","","","","ManualTask"
"Grab a spade from makeshift campsite north of Necropolis*","Nonskill","","","","","ManualTask"
"Grab a tinderbox from camping equipment north of Necropolis*","Nonskill","","","","","ManualTask"
"Search a crate in the basement of the Witch's House*","Nonskill","","","","","ManualTask"
"Grab a hammer from the wrecked boat near Weiss*","Nonskill","","","","","ManualTask"
"Grab a small fishing net from the wrecked boat near Weiss*","Nonskill","","","","","ManualTask"
"Grab a bronze pickaxe from the rock underneath Crandor*","Nonskill","","","","","ManualTask"
"Grab a bronze pickaxe from the wrecked boat near Weiss*","Nonskill","","","","","ManualTask"
"Grab a rope from the wrecked boat near Weiss*","Nonskill","","","","","ManualTask"
"Grab a bronze pickaxe from the Kebos Lowlands mine rocks*","Nonskill","","","","","ManualTask"
"Grab a bronze pickaxe from the Desert Quarry rock*","Nonskill","","","","","ManualTask"
"Grab a bronze axe from the Nemus Retreat logs*","Nonskill","","","","","ManualTask"
"Grab a bronze axe from the Prifddinas logs*","Nonskill","","","","","ManualTask"
"Grab a bronze axe from the Hunting expert's logs*","Nonskill","","","","","ManualTask"
"Grab a bronze axe from the Seers' Village Friendly Forester's logs*","Nonskill","","","","","ManualTask"
"Grab a bronze axe from the Draynor Village Friendly Forester's logs*","Nonskill","","","","","ManualTask"
"Grab a bronze axe from Fred the Farmer's stump*","Nonskill","","","","","ManualTask"
"Grab a bronze axe from Seth Groat's stump*","Nonskill","","","","","ManualTask"
"Dig up saltpetre*","Nonskill","","","","","ManualTask"
"Participate in the PvP Arena","Nonskill","","","","","ManualTask"
"Champions Guild Questpoints","Nonskill","","","","","ManualTask"
"RFD Chest 1 Subquest","Nonskill","","","","","ManualTask"
"RFD Chest 2 Subquest","Nonskill","","","","","ManualTask"
"RFD Chest 3 Subquest","Nonskill","","","","","ManualTask"
"RFD Chest 4 Subquest","Nonskill","","","","","ManualTask"
"RFD Chest 5 Subquest","Nonskill","","","","","ManualTask"
"RFD Chest 6 Subquest","Nonskill","","","","","ManualTask"
"RFD Chest 7 Subquest","Nonskill","","","","","ManualTask"
"RFD Chest 8 Subquest","Nonskill","","","","","ManualTask"
"Dig up a red vine worm*","Nonskill","","","","","ManualTask"
"Crush a gem","Nonskill","","","","","ManualTask"
"Kill monsters for a dark totem top*","Nonskill","","","","","ManualTask"
"Kill monsters for a dark totem middle*","Nonskill","","","","","ManualTask"
"Kill monsters for a dark totem base*","Nonskill","","","","","ManualTask"
"Kill monsters for an ancient shard*","Nonskill","","","","","ManualTask"
"Buy a crystal halberd from Islwyn*","Nonskill","","","","","ManualTask"
"Have Zahur clean a grimy guam leaf","Nonskill","","","","","ManualTask"
"Have Zahur clean a grimy marrentill","Nonskill","","","","","ManualTask"
"Have Zahur clean a grimy tarromin","Nonskill","","","","","ManualTask"
"Have Zahur clean a grimy harralander","Nonskill","","","","","ManualTask"
"Have Zahur clean a grimy ranarr weed","Nonskill","","","","","ManualTask"
"Have Zahur clean a grimy toadflax","Nonskill","","","","","ManualTask"
"Have Zahur clean a grimy irit leaf","Nonskill","","","","","ManualTask"
"Have Zahur clean a grimy avantoe","Nonskill","","","","","ManualTask"
"Have Zahur clean a grimy kwuarm","Nonskill","","","","","ManualTask"
"Have Zahur clean a grimy snapdragon","Nonskill","","","","","ManualTask"
"Have Zahur clean a grimy cadantine","Nonskill","","","","","ManualTask"
"Have Zahur clean a grimy lantadyme","Nonskill","","","","","ManualTask"
"Have Zahur clean a grimy dwarf weed","Nonskill","","","","","ManualTask"
"Have Zahur clean a grimy torstol","Nonskill","","","","","ManualTask"
"Have Zahur mix a guam potion (unf)","Nonskill","","","","","ManualTask"
"Have Zahur mix a marrentill potion (unf)","Nonskill","","","","","ManualTask"
"Have Zahur mix a tarromin potion (unf)","Nonskill","","","","","ManualTask"
"Have Zahur mix a harralander potion (unf)","Nonskill","","","","","ManualTask"
"Have Zahur mix a ranarr potion (unf)","Nonskill","","","","","ManualTask"
"Have Zahur mix a toadflax potion (unf)","Nonskill","","","","","ManualTask"
"Have Zahur mix a irit potion (unf)","Nonskill","","","","","ManualTask"
"Have Zahur mix a avantoe potion (unf)","Nonskill","","","","","ManualTask"
"Have Zahur mix a kwuarm potion (unf)","Nonskill","","","","","ManualTask"
"Have Zahur mix a snapdragon potion (unf)","Nonskill","","","","","ManualTask"
"Have Zahur mix a cadantine potion (unf)","Nonskill","","","","","ManualTask"
"Have Zahur mix a lantadyme potion (unf)","Nonskill","","","","","ManualTask"
"Have Zahur mix a dwarf weed potion (unf)","Nonskill","","","","","ManualTask"
"Have Zahur mix a torstol potion (unf)","Nonskill","","","","","ManualTask"
"~|Zaff's Superior Staffs!|~*","Nonskill","","","","","ManualTask"
"Ancient globe kudos","Nonskill","","","","","ManualTask"
"Ancient ledger kudos","Nonskill","","","","","ManualTask"
"Ancient astroscope kudos","Nonskill","","","","","ManualTask"
"Ancient treatise kudos","Nonskill","","","","","ManualTask"
"Ancient carcanet kudos","Nonskill","","","","","ManualTask"
"Natural history quiz kudos","Nonskill","","","","","ManualTask"
"Digsite finds kudos","Nonskill","","","","","ManualTask"
"Small fossils kudos","Nonskill","","","","","ManualTask"
"Medium fossils kudos","Nonskill","","","","","ManualTask"
"Large fossils kudos","Nonskill","","","","","ManualTask"
"Demon Slayer kudos","Nonskill","","","","","ManualTask"
"Rune Mysteries kudos","Nonskill","","","","","ManualTask"
"Shield of Arrav kudos","Nonskill","","","","","ManualTask"
"Defender of Varrock kudos","Nonskill","","","","","ManualTask"
"The Grand Tree kudos","Nonskill","","","","","ManualTask"
"Hazeel Cult kudos","Nonskill","","","","","ManualTask"
"In Aid of the Myreque kudos","Nonskill","","","","","ManualTask"
"Making History kudos","Nonskill","","","","","ManualTask"
"Merlin's Crystal kudos","Nonskill","","","","","ManualTask"
"Observatory Quest kudos","Nonskill","","","","","ManualTask"
"Priest in Peril kudos","Nonskill","","","","","ManualTask"
"A Tail of Two Cats kudos","Nonskill","","","","","ManualTask"
"Temple of Ikov kudos","Nonskill","","","","","ManualTask"
"What Lies Below kudos","Nonskill","","","","","ManualTask"
"Curse of the Empty Lord kudos","Nonskill","","","","","ManualTask"
"Enchant a salve amulet","Nonskill","","","","","ManualTask"
"Buy a law talisman from Dunstan after Troll Stronghold*","Nonskill","","","","","ManualTask"
"Have Otto convert your zamorakian spear","Nonskill","","","","","ManualTask"
"Have Otto convert fix your broken dragon hasta","Nonskill","","","","","ManualTask"
"Have Thormac enchant an air battlestaff","Nonskill","","","","","ManualTask"
"Have Thormac enchant a water battlestaff","Nonskill","","","","","ManualTask"
"Have Thormac enchant an earth battlestaff","Nonskill","","","","","ManualTask"
"Have Thormac enchant a fire battlestaff","Nonskill","","","","","ManualTask"
"Have Thormac enchant a dust battlestaff","Nonskill","","","","","ManualTask"
"Have Thormac enchant a lava battlestaff","Nonskill","","","","","ManualTask"
"Have Thormac enchant a mist battlestaff","Nonskill","","","","","ManualTask"
"Have Thormac enchant a mud battlestaff","Nonskill","","","","","ManualTask"
"Have Thormac enchant a smoke battlestaff","Nonskill","","","","","ManualTask"
"Have Thormac enchant a steam battlestaff","Nonskill","","","","","ManualTask"
"Get an unholy symbol blessed by the Spirit of Scorpius*","Nonskill","","","","","ManualTask"
"Get a holy symbol blessed by Brother Jered*","Nonskill","","","","","ManualTask"
"Get an unholy mould from the Spirit of Scorpius*","Nonskill","","","","","ManualTask"
"Create a neitiznot faceguard","Nonskill","","","","","ManualTask"
"Buy an ava's assembler*","Nonskill","","","","","ManualTask"
"Get warrior guild tokens*","Nonskill","","","","","ManualTask"
"Buy red hot sauce*","Nonskill","","","","","ManualTask"
"Extract a bucket of wax*","Nonskill","","","","","ManualTask"
"Extract a bucket of sap*","Nonskill","","","","","ManualTask"
"Grind an astral rune","Nonskill","","","","","ManualTask"
"Collect a mort myre fungus*","Nonskill","","","","","ManualTask"
"Collect a mort myre pear*","Nonskill","","","","","ManualTask"
"Collect a mort myre stem*","Nonskill","","","","","ManualTask"
"Trade Thorgel for a death talisman*","Nonskill","","","","","ManualTask"
"Get an ogre bow from Rantz*","Nonskill","","","","","ManualTask"
"Prime a mind bar*","Nonskill","","","","","ManualTask"
"Get a strange device (beginner) from Reldo*","Nonskill","","","","","ManualTask"
"Get a strange device (master) from Jorral*","Nonskill","","","","","ManualTask"
"Get air runes from the magic combat tutor*","Nonskill","","","","","ManualTask"
"Get mind runes from the magic combat tutor*","Nonskill","","","","","ManualTask"
"Get training arrows from the ranged combat tutor*","Nonskill","","","","","ManualTask"
"Make a fish sack barrel","Nonskill","","","","","ManualTask"
"Buy a trapper's tipple from Huntmaster Gilman (Novice)*","Nonskill","","","","","ManualTask"
"Buy a stew from Huntmaster Gilman (Novice)*","Nonskill","","","","","ManualTask"
"Buy a kebab from Karim*","Nonskill","","","","","ManualTask"
"Buy a cabbage from the Blue Moon Inn cook*","Nonskill","","","","","ManualTask"
"Get a bronze pickaxe from the mining tutor*","Nonskill","","","","","ManualTask"
"Get a small fishing net from the fishing tutor*","Nonskill","","","","","ManualTask"
"Search the bookshelf in the Wise Old Man's house for a tinderbox*","Nonskill","","","","","ManualTask"
"Search the crate in the Temple of Marimbo Dungeon for a bronze scimitar*","Nonskill","","","","","ManualTask"
"Search the crate in the Temple of Marimbo Dungeon for a needle*","Nonskill","","","","","ManualTask"
"Search the crate in the Temple of Marimbo Dungeon for an iron scimitar*","Nonskill","","","","","ManualTask"
"Search the crate in the Temple of Marimbo Dungeon for a banana*","Nonskill","","","","","ManualTask"
"Search the crate in the Temple of Marimbo Dungeon for an eye of gnome*","Nonskill","","","","","ManualTask"
"Search the crate in the Temple of Marimbo Dungeon for thread*","Nonskill","","","","","ManualTask"
"Search the crate in the Temple of Marimbo Dungeon for a tinderbox*","Nonskill","","","","","ManualTask"
"Search the crate in the Temple of Marimbo Dungeon for a chisel*","Nonskill","","","","","ManualTask"
"Search the crate in the Temple of Marimbo Dungeon for a hammer*","Nonskill","","","","","ManualTask"
"Search the crate in the Temple of Marimbo Dungeon for a m'amulet mould*","Nonskill","","","","","ManualTask"
"Enter the ~|Wilderness God Wars Dungeon|~ via Strength","Nonskill","","","","","ManualTask"
"Enter the ~|Wilderness God Wars Dungeon|~ via Agility","Nonskill","","","","","ManualTask"
"Enter the ~|God Wars Dungeon|~ via Strength","Nonskill","","","","","ManualTask"
"Enter the ~|God Wars Dungeon|~ via Agility","Nonskill","","","","","ManualTask"
"Be eligible to buy a ~|herb pack|~","Nonskill","","","","","ManualTask"
"Make a skull sceptre","Nonskill","","","","","ManualTask"
"Loot stronghold notes from the dead explorer*","Nonskill","","","","","ManualTask"
"Make a dark totem","Nonskill","","","","","ManualTask"
"Make a wrapped oomlie","Nonskill","","","","","ManualTask"
"Shake a leafy palm tree*","Nonskill","","","","","ManualTask"
"Eat an admiral pie*","Nonskill","","","","","ManualTask"
"Eat a fish pie*","Nonskill","","","","","ManualTask"
"Eat a redberry pie*","Nonskill","","","","","ManualTask"
"Eat a meat pie*","Nonskill","","","","","ManualTask"
"Eat a apple pie*","Nonskill","","","","","ManualTask"
"Eat a half an apple pie*","Nonskill","","","","","ManualTask"
"Eat a garden pie*","Nonskill","","","","","ManualTask"
"Eat a botanical pie*","Nonskill","","","","","ManualTask"
"Eat a mushroom pie*","Nonskill","","","","","ManualTask"
"Eat a dragonfruit pie*","Nonskill","","","","","ManualTask"
"Eat a wild pie*","Nonskill","","","","","ManualTask"
"Eat a summer pie*","Nonskill","","","","","ManualTask"
"Search the crate in Wintertodt for a bronze axe*","Nonskill","","","","","ManualTask"
"Search the crate in Wintertodt for a hammer*","Nonskill","","","","","ManualTask"
"Search the crate in Wintertodt for a knife*","Nonskill","","","","","ManualTask"
"Search the crate in Wintertodt for a tinderbox*","Nonskill","","","","","ManualTask"
"Search the crate in Wintertodt for a rejuvenation potion (unf)*","Nonskill","","","","","ManualTask"
"Empty a bucket of compost*","Nonskill","","","","","ManualTask"
"Empty a bucket of slime*","Nonskill","","","","","ManualTask"
"Empty a bucket of water*","Nonskill","","","","","ManualTask"
"Empty a bucket of sand*","Nonskill","","","","","ManualTask"
"Empty a bucket of milk*","Nonskill","","","","","ManualTask"
"Empty a bucket of supercompost*","Nonskill","","","","","ManualTask"
"Empty a vial of water*","Nonskill","","","","","ManualTask"
"Empty a plant cure*","Nonskill","","","","","ManualTask"
"Empty a bowl of water*","Nonskill","","","","","ManualTask"
"Empty a jug of water*","Nonskill","","","","","ManualTask"
"Pick grimy snake weed off a vine*","Nonskill","","","","","ManualTask"
"Pick grimy ardrigal from a tree*","Nonskill","","","","","ManualTask"
"Pick grimy sito foil from the scorched earth*","Nonskill","","","","","ManualTask"
"Pick grimy volencia moss from a rock*","Nonskill","","","","","ManualTask"
"Pick grimy rogue's purse from the wall*","Nonskill","","","","","ManualTask"
"String a salve shard","Nonskill","","","","","ManualTask"
"Chisel off a salve shard*","Nonskill","","","","","ManualTask"
"Pick damiana leaves from a damiana bush*","Nonskill","","","","","ManualTask"
"Pick redberries from a bush*","Nonskill","","","","","ManualTask"
"Pick cadava berries from a bush*","Nonskill","","","","","ManualTask"
"Pick pharmakos berries from a bush*","Nonskill","","","","","ManualTask"
"Make raw swamp paste","Nonskill","","","","","ManualTask"
"Add a lens to a bullseye lantern (unf)","Nonskill","","","","","ManualTask"
"Add a black candle to an empty candle lantern","Nonskill","","","","","ManualTask"
"Add lamp oil to an empty oil lantern","Nonskill","","","","","ManualTask"
"Add lamp oil to an empty oil lamp","Nonskill","","","","","ManualTask"
"Add lamp oil to an bullseye lantern (empty)","Nonskill","","","","","ManualTask"
"Activate a vesta's blighted longsword","Nonskill","","","","","ManualTask"
"Imbue a black mask at ~|Dom Onion's Reward Shop|~","Nonskill","","","","","ManualTask"
"Imbue a slayer helmet at ~|Dom Onion's Reward Shop|~","Nonskill","","","","","ManualTask"
"Imbue a salve amulet at ~|Dom Onion's Reward Shop|~","Nonskill","","","","","ManualTask"
"Imbue a salve amulet (e) at ~|Dom Onion's Reward Shop|~","Nonskill","","","","","ManualTask"
"Imbue a ring of the gods at ~|Dom Onion's Reward Shop|~","Nonskill","","","","","ManualTask"
"Imbue a ring of suffering at ~|Dom Onion's Reward Shop|~","Nonskill","","","","","ManualTask"
"Imbue a berserker ring at ~|Dom Onion's Reward Shop|~","Nonskill","","","","","ManualTask"
"Imbue a warrior ring at ~|Dom Onion's Reward Shop|~","Nonskill","","","","","ManualTask"
"Imbue a archers ring at ~|Dom Onion's Reward Shop|~","Nonskill","","","","","ManualTask"
"Imbue a seers ring at ~|Dom Onion's Reward Shop|~","Nonskill","","","","","ManualTask"
"Imbue a tyrannical ring at ~|Dom Onion's Reward Shop|~","Nonskill","","","","","ManualTask"
"Imbue a treasonous ring at ~|Dom Onion's Reward Shop|~","Nonskill","","","","","ManualTask"
"Imbue a granite ring at ~|Dom Onion's Reward Shop|~","Nonskill","","","","","ManualTask"
"Imbue a black mask via a scroll of imbuing","Nonskill","","","","","ManualTask"
"Imbue a slayer helmet via a scroll of imbuing","Nonskill","","","","","ManualTask"
"Imbue a salve amulet via a scroll of imbuing","Nonskill","","","","","ManualTask"
"Imbue a salve amulet (e) via a scroll of imbuing","Nonskill","","","","","ManualTask"
"Imbue a ring of the gods via a scroll of imbuing","Nonskill","","","","","ManualTask"
"Imbue a ring of suffering via a scroll of imbuing","Nonskill","","","","","ManualTask"
"Imbue a berserker ring via a scroll of imbuing","Nonskill","","","","","ManualTask"
"Imbue a warrior ring via a scroll of imbuing","Nonskill","","","","","ManualTask"
"Imbue a archers ring via a scroll of imbuing","Nonskill","","","","","ManualTask"
"Imbue a seers ring via a scroll of imbuing","Nonskill","","","","","ManualTask"
"Imbue a tyrannical ring via a scroll of imbuing","Nonskill","","","","","ManualTask"
"Imbue a treasonous ring via a scroll of imbuing","Nonskill","","","","","ManualTask"
"Imbue a granite ring via a scroll of imbuing","Nonskill","","","","","ManualTask"
"Ask Murky Matt to enchant a ruby ring*","Nonskill","","","","","ManualTask"
"Buy climbing boots from ~|Tenzing|~*","Nonskill","","","","","ManualTask"
"Buy a candle from the ~|candle seller|~*","Nonskill","","","","","ManualTask"
"Search the crate in Land's End for a bird snare*","Nonskill","","","","","ManualTask"
"Search the crate in Land's End for a box trap*","Nonskill","","","","","ManualTask"
"Search the crate in Land's End for a butterfly net*","Nonskill","","","","","ManualTask"
"Search the shelves in the Sorceress's House for a beer glass*","Nonskill","","","","","ManualTask"
"Search the cupboard in Draynor Village for garlic*","Nonskill","","","","","ManualTask"
"Search the chest underneath the Burgh de Rott pub for garlic*","Nonskill","","","","","ManualTask"
"Loot fancy boots*","Nonskill","","","","","ManualTask"
"Loot fighting boots*","Nonskill","","","","","ManualTask"
"Loot fancier boots*","Nonskill","","","","","ManualTask"
"Trade bird's eggs for nests*","Nonskill","","","","","ManualTask"
"Newtroost","Nonskill","","","","","ManualTask"
"Unicow","Nonskill","","","","","ManualTask"
"Spidine","Nonskill","","","","","ManualTask"
"Swordchick","Nonskill","","","","","ManualTask"
"Jubster","Nonskill","","","","","ManualTask"
"Frogeel","Nonskill","","","","","ManualTask"
"Claim the champion's cape*","Nonskill","","","","","ManualTask"
"Exchange for elite void top*","Nonskill","","","","","ManualTask"
"Exchange for elite void robe*","Nonskill","","","","","ManualTask"
"~|Slayer Equipment (shop)#Spria|~*","Nonskill","","","","","ManualTask"
"~|Ali's Discount Wares.#Runes|~*","Nonskill","","","","","ManualTask"
"~|Ali's Discount Wares.#Blackjacks|~*","Nonskill","","","","","ManualTask"
"~|Ali's Discount Wares.#Clothing|~*","Nonskill","","","","","ManualTask"
"Craft a toxic staff of the dead","Nonskill","","","","","ManualTask"
"Craft a trident of the swamp","Nonskill","","","","","ManualTask"
"Have Zaff make you a bryophyta's staff","Nonskill","","","","","ManualTask"
"Have Historian Aldo make you a bone mace","Nonskill","","","","","ManualTask"
"Have Historian Aldo make you a bone shortbow","Nonskill","","","","","ManualTask"
"Have Historian Aldo make you a bone staff","Nonskill","","","","","ManualTask"
"Have Derse Venator make you a webweaver bow","Nonskill","","","","","ManualTask"
"Have Andros Mai make you an ursine chainmace","Nonskill","","","","","ManualTask"
"Have Phabelle Bile make you an accursed sceptre","Nonskill","","","","","ManualTask"
"Have Madam Sikaro make you a voidwaker","Nonskill","","","","","ManualTask"
"Make an avernic defender","Nonskill","","","","","ManualTask"
"Claim the pure essence reward from Temple Trekking*","Nonskill","","","","","ManualTask"
"Claim the bow string reward from Temple Trekking*","Nonskill","","","","","ManualTask"
"Claim the silver bar reward from Temple Trekking*","Nonskill","","","","","ManualTask"
"Claim the herb reward from Temple Trekking*","Nonskill","","","","","ManualTask"
"Claim the ore reward from Temple Trekking*","Nonskill","","","","","ManualTask"
"Claim the watermelon seed reward from Temple Trekking*","Nonskill","","","","","ManualTask"
"Claim the raw lobster reward from Temple Trekking*","Nonskill","","","","","ManualTask"
"Add a candle to an empty candle lantern","Nonskill","","","","","ManualTask"
"Buy mixed flowers from the flower girl*","Nonskill","","","","","ManualTask"
"Make blamish snail slime","Nonskill","","","","","ManualTask"
"Make an oily pearl fishing rod","Nonskill","","","","","ManualTask"
"Make an oily fishing rod","Nonskill","","","","","ManualTask"
"Get a pharaoh's sceptre*","Nonskill","","","","","ManualTask"
"Get pink dye","Nonskill","","","","","ManualTask"
"Plant a spirit seed","Nonskill","","","","","ManualTask"
"Get brown spice*","Nonskill","","","","","ManualTask"
"Get orange spice*","Nonskill","","","","","ManualTask"
"Get red spice*","Nonskill","","","","","ManualTask"
"Get yellow spice*","Nonskill","","","","","ManualTask"
"Get a gnome child icon*","Nonskill","","","","","ManualTask"
"Get an ancient signet*","Nonskill","","","","","ManualTask"
"Get a lunar signet*","Nonskill","","","","","ManualTask"
"Get an arceuus signet*","Nonskill","","","","","ManualTask"
"Charge a ring of wealth","Nonskill","","","","","ManualTask"
"Charge a skills necklace","Nonskill","","","","","ManualTask"
"Charge a combat bracelet","Nonskill","","","","","ManualTask"
"Charge an amulet of glory","Nonskill","","","","","ManualTask"
"Charge an amulet of glory at the fountain of rune","Nonskill","","","","","ManualTask"
"Open vale offerings*","Nonskill","","","","","ManualTask"
"Open an adept potion pack*","Nonskill","","","","","ManualTask"
"Open an apprentice potion pack*","Nonskill","","","","","ManualTask"
"Open an expert potion pack*","Nonskill","","","","","ManualTask"
"Open a giant egg sack","Nonskill","","","","","ManualTask"
"Open a bale of flax*","Nonskill","","","","","ManualTask"
"Clean dirty arrowtips*","Nonskill","","","","","ManualTask"
"Charge a scythe of vitur","Nonskill","","","","","ManualTask"
"Charge a sanguinesti staff","Nonskill","","","","","ManualTask"
"Exchange for a spirit angler headband","Nonskill","","","","","ManualTask"
"Exchange for a spirit angler top","Nonskill","","","","","ManualTask"
"Exchange for spirit angler waders","Nonskill","","","","","ManualTask"
"Exchange for spirit angler boots","Nonskill","","","","","ManualTask"
"Train Prayer for ecto-tokens*","Nonskill","","","","","ManualTask"
"Get a banana from a tree*","Nonskill","","","","","ManualTask"
"Get woad leaves from Wyson*","Nonskill","","","","","ManualTask"
"Combine dyes into a green dye","Nonskill","","","","","ManualTask"
"Combine dyes into an orange dye","Nonskill","","","","","ManualTask"
"Combine dyes into a purple dye","Nonskill","","","","","ManualTask"
"Pick a black mushroom*","Nonskill","","","","","ManualTask"
"Make black dye","Nonskill","","","","","ManualTask"
"Trade for blue dye","Nonskill","","","","","ManualTask"
"Trade for yellow dye","Nonskill","","","","","ManualTask"
"Trade for red dye","Nonskill","","","","","ManualTask"
"Trade in an unsired*","Nonskill","","","","","ManualTask"
"Combine Abyssal Bludgeon pieces","Nonskill","","","","","ManualTask"
"Combine barronite mace pieces*","Nonskill","","","","","ManualTask"
"Fix imcando hammer*","Nonskill","","","","","ManualTask"
"Air rune pack","Nonskill","","","","","ManualTask"
"Amylase pack","Nonskill","","","","","ManualTask"
"Press cooking apples","Nonskill","","","","","ManualTask"
"Attach arcane sigil","Nonskill","","","","","ManualTask"
"Attach Armadyl hilt","Nonskill","","","","","ManualTask"
"Buy Arthur portrait*","Nonskill","","","","","ManualTask"
"Cache of runes loot*","Nonskill","","","","","ManualTask"
"Frozen cache loot*","Nonskill","","","","","ManualTask"
"Bag full of gems loot","Nonskill","","","","","ManualTask"
"Attach Bandos hilt","Nonskill","","","","","ManualTask"
"Barbarian Assault rewards*","Nonskill","","","","","ManualTask"
"Cook barley","Nonskill","","","","","ManualTask"
"Loot from barrel of cooking apples*","Nonskill","","","","","ManualTask"
"Loot from barrel of rotten apples*","Nonskill","","","","","ManualTask"
"Bird snare pack","Nonskill","","","","","ManualTask"
"Tan black dragonhide","Nonskill","","","","","ManualTask"
"Tan black dragonhide via Mary after Getting Ahead","Nonskill","","","","","ManualTask"
"Black key loot*","Nonskill","","","","","ManualTask"
"Tan blue dragonhide","Nonskill","","","","","ManualTask"
"Tan blue dragonhide via Mary after Getting Ahead","Nonskill","","","","","ManualTask"
"Bone bolt pack","Nonskill","","","","","ManualTask"
"Craft boots of brimstone","Nonskill","","","","","ManualTask"
"Combine fried mushroom and onion into mushroom & onion","Nonskill","","","","","ManualTask"
"Combine chopped onion with tomato","Nonskill","","","","","ManualTask"
"Combine chopped tomato with onion","Nonskill","","","","","ManualTask"
"Combine onion & tomato and ugthanki meat","Nonskill","","","","","ManualTask"
"Combine sweetcorn and tuna into tuna and corn","Nonskill","","","","","ManualTask"
"Combine scrambled egg and tomato into egg and tomato","Nonskill","","","","","ManualTask"
"Bowl of fish loot*","Nonskill","","","","","ManualTask"
"Heat bowl of water","Nonskill","","","","","ManualTask"
"Fill bowl with water*","Nonskill","","","","","ManualTask"
"Box trap pack","Nonskill","","","","","ManualTask"
"Make bread dough","Nonskill","","","","","ManualTask"
"Broad arrowheads pack","Nonskill","","","","","ManualTask"
"Broken staff loot*","Nonskill","","","","","ManualTask"
"Bronze key loot*","Nonskill","","","","","ManualTask"
"Bucket pack","Nonskill","","","","","ManualTask"
"Milk dairy buffalo*","Nonskill","","","","","ManualTask"
"Milk dairy cow*","Nonskill","","","","","ManualTask"
"Fill bucket with sand*","Nonskill","","","","","ManualTask"
"Fill bucket with sand from a sand pile*","Nonskill","","","","","ManualTask"
"Fill bucket with slime*","Nonskill","","","","","ManualTask"
"Fill bucket with water*","Nonskill","","","","","ManualTask"
"Pick sweetcorn*","Nonskill","","","","","ManualTask"
"Pick cabbage*","Nonskill","","","","","ManualTask"
"Pick draynor manor cabbage*","Nonskill","","","","","ManualTask"
"Take rotten apple from rotten apple pile*","Nonskill","","","","","ManualTask"
"Casket loot*","Nonskill","","","","","ManualTask"
"Slice barbarian fish for caviar*","Nonskill","","","","","ManualTask"
"Chambers of Xeric loot*","Nonskill","","","","","ManualTask"
"Perilous Moons loot*","Nonskill","","","","","ManualTask"
"Bryophyta's chest loot*","Nonskill","","","","","ManualTask"
"Obor's chest loot*","Nonskill","","","","","ManualTask"
"Fortis Colosseum loot*","Nonskill","","","","","ManualTask"
"Chaos rune pack","Nonskill","","","","","ManualTask"
"Chest Barrows loot*","Nonskill","","","","","ManualTask"
"Grind chocolate bar","Nonskill","","","","","ManualTask"
"Grind silver bar","Nonskill","","","","","ManualTask"
"Chop garlic","Nonskill","","","","","ManualTask"
"Chop onion","Nonskill","","","","","ManualTask"
"Chop tomato","Nonskill","","","","","ManualTask"
"Fill vial with coconut milk","Nonskill","","","","","ManualTask"
"Crack coconut","Nonskill","","","","","ManualTask"
"Compost pack","Nonskill","","","","","ManualTask"
"Fill compost from bin*","Nonskill","","","","","ManualTask"
"Crush bird nest","Nonskill","","","","","ManualTask"
"Crush superior dragon bones","Nonskill","","","","","ManualTask"
"Grind crystal shard","Nonskill","","","","","ManualTask"
"Combine crystal key halves","Nonskill","","","","","ManualTask"
"Crystal chest loot*","Nonskill","","","","","ManualTask"
"Fill cup with hot water","Nonskill","","","","","ManualTask"
"Fill cup with water","Nonskill","","","","","ManualTask"
"Heat cup of water","Nonskill","","","","","ManualTask"
"Trade-in for curator's medallion*","Nonskill","","","","","ManualTask"
"Cure yak-hide","Nonskill","","","","","ManualTask"
"Damaged armour loot*","Nonskill","","","","","ManualTask"
"Dark chest loot*","Nonskill","","","","","ManualTask"
"Buy desert camo legs","Nonskill","","","","","ManualTask"
"Buy desert camo top","Nonskill","","","","","ManualTask"
"Buy desert painting*","Nonskill","","","","","ManualTask"
"Grind blue dragon scale","Nonskill","","","","","ManualTask"
"Make dynamite","Nonskill","","","","","ManualTask"
"Earth rune pack","Nonskill","","","","","ManualTask"
"Buy Elena portrait*","Nonskill","","","","","ManualTask"
"Elven crystal chest loot","Nonskill","","","","","ManualTask"
"Attach elysian sigil","Nonskill","","","","","ManualTask"
"Combine mining gloves*","Nonskill","","","","","ManualTask"
"Eye of newt pack","Nonskill","","","","","ManualTask"
"Feather pack","Nonskill","","","","","ManualTask"
"Craft ferocious gloves","Nonskill","","","","","ManualTask"
"Craft a dragon hunter lance","Nonskill","","","","","ManualTask"
"Fire rune pack","Nonskill","","","","","ManualTask"
"Slice barbarian fish for offcuts","Nonskill","","","","","ManualTask"
"Fishing bait pack","Nonskill","","","","","ManualTask"
"Pick flax*","Nonskill","","","","","ManualTask"
"Giant egg sac loot*","Nonskill","","","","","ManualTask"
"Buy gloves of silence","Nonskill","","","","","ManualTask"
"Gnome Restaurant loot (any)*","Nonskill","","","","","ManualTask"
"Gnome Restaurant loot (Ninto)*","Nonskill","","","","","ManualTask"
"Gnome Restaurant loot (Daerkin)*","Nonskill","","","","","ManualTask"
"Gnome Restaurant loot (Wingstone)*","Nonskill","","","","","ManualTask"
"Gnome Restaurant loot (Penwie)*","Nonskill","","","","","ManualTask"
"Gnome Restaurant loot (Brambickle)*","Nonskill","","","","","ManualTask"
"Gnome Restaurant loot (Manglethorp)*","Nonskill","","","","","ManualTask"
"Gnome Restaurant loot (Imblewyn)*","Nonskill","","","","","ManualTask"
"Gnome Restaurant loot (Onglewip)*","Nonskill","","","","","ManualTask"
"Grind desert goat horn","Nonskill","","","","","ManualTask"
"Gold key loot*","Nonskill","","","","","ManualTask"
"Grind gorak claws","Nonskill","","","","","ManualTask"
"Goutweed loot*","Nonskill","","","","","ManualTask"
"Buy graahk headdress","Nonskill","","","","","ManualTask"
"Buy graahk legs","Nonskill","","","","","ManualTask"
"Buy graahk top","Nonskill","","","","","ManualTask"
"Pick wheat*","Nonskill","","","","","ManualTask"
"Tan green dragonhide","Nonskill","","","","","ManualTask"
"Tan green dragonhide via Mary after Getting Ahead","Nonskill","","","","","ManualTask"
"Muddy chest loot*","Nonskill","","","","","ManualTask"
"Larran's small chest loot*","Nonskill","","","","","ManualTask"
"Larran's big chest loot*","Nonskill","","","","","ManualTask"
"Larran's small chest loot (non-slayer)*","Nonskill","","","","","ManualTask"
"Larran's big chest loot (non-slayer)*","Nonskill","","","","","ManualTask"
"Brimstone chest loot*","Nonskill","","","","","ManualTask"
"Zombie Pirate's Locker loot*","Nonskill","","","","","ManualTask"
"Grubby chest loot*","Nonskill","","","","","ManualTask"
"Craft guardian boots","Nonskill","","","","","ManualTask"
"Hallowed sack loot*","Nonskill","","","","","ManualTask"
"Trade in stardust*","Nonskill","","","","","ManualTask"
"~|Pizazz points|~*","Nonskill","","","","","ManualTask"
"~|Castle Wars Ticket Exchange|~","Nonskill","","","","","ManualTask"
"~|Void Knight commendation points|~","Nonskill","","","","","ManualTask"
"~|Honest Jimmy's House of Stuff.|~","Nonskill","","","","","ManualTask"
"Open herb pack*","Nonskill","","","","","ManualTask"
"Open mineral pack*","Nonskill","","","","","ManualTask"
"Open seed pack (Pest Control)*","Nonskill","","","","","ManualTask"
"Open seed pack*","Nonskill","","","","","ManualTask"
"Tan hard leather","Nonskill","","","","","ManualTask"
"Tan hard leather via Mary after Getting Ahead","Nonskill","","","","","ManualTask"
"Empty cabbages(10) for a sack","Nonskill","","","","","ManualTask"
"Empty onions(10) for a sack","Nonskill","","","","","ManualTask"
"Empty potatoes(10) for a sack","Nonskill","","","","","ManualTask"
"Empty cabbages(10)","Nonskill","","","","","ManualTask"
"Empty onions(10)","Nonskill","","","","","ManualTask"
"Empty potatoes(10)","Nonskill","","","","","ManualTask"
"Fill a sack with hay*","Nonskill","","","","","ManualTask"
"Fill a sack with cabbages*","Nonskill","","","","","ManualTask"
"Fill a sack with onions*","Nonskill","","","","","ManualTask"
"Fill a sack with potatoes*","Nonskill","","","","","ManualTask"
"Haystack loot*","Nonskill","","","","","ManualTask"
"Herb box loot*","Nonskill","","","","","ManualTask"
"Hunter kit loot*","Nonskill","","","","","ManualTask"
"Craft impling jar*","Nonskill","","","","","ManualTask"
"Get a butterfly net from Elnock","Nonskill","","","","","ManualTask"
"Get impling jars from Elnock","Nonskill","","","","","ManualTask"
"Buy a magic butterfly net from Elnock","Nonskill","","","","","ManualTask"
"Buy imp repellent from Elnock","Nonskill","","","","","ManualTask"
"Buy a jar generator from Elnock","Nonskill","","","","","ManualTask"
"Infernal eel loot*","Nonskill","","","","","ManualTask"
"Buy Isafdar painting*","Nonskill","","","","","ManualTask"
"Jug pack","Nonskill","","","","","ManualTask"
"Fill jug with water*","Nonskill","","","","","ManualTask"
"Buy jungle camo legs","Nonskill","","","","","ManualTask"
"Buy jungle camo top","Nonskill","","","","","ManualTask"
"Process juniper logs*","Nonskill","","","","","ManualTask"
"Buy Karamja painting*","Nonskill","","","","","ManualTask"
"Grind kebbit teeth","Nonskill","","","","","ManualTask"
"Buy Keldagrim portrait*","Nonskill","","","","","ManualTask"
"Combine kodai insignia","Nonskill","","","","","ManualTask"
"Buy kyatt hat","Nonskill","","","","","ManualTask"
"Buy kyatt legs","Nonskill","","","","","ManualTask"
"Buy kyatt top","Nonskill","","","","","ManualTask"
"Buy large map (item)*","Nonskill","","","","","ManualTask"
"Buy larupia hat","Nonskill","","","","","ManualTask"
"Buy larupia legs","Nonskill","","","","","ManualTask"
"Buy larupia top","Nonskill","","","","","ManualTask"
"Grind lava scale","Nonskill","","","","","ManualTask"
"Tan leather","Nonskill","","","","","ManualTask"
"Tan leather via Mary after Getting Ahead","Nonskill","","","","","ManualTask"
"Cut lemon chunks","Nonskill","","","","","ManualTask"
"Cut lemon slices","Nonskill","","","","","ManualTask"
"Cut lime chunks","Nonskill","","","","","ManualTask"
"Cut lime slices","Nonskill","","","","","ManualTask"
"Buy Lumbridge painting*","Nonskill","","","","","ManualTask"
"Magic imp box pack","Nonskill","","","","","ManualTask"
"Process mahogany logs","Nonskill","","","","","ManualTask"
"Forge malediction ward","Nonskill","","","","","ManualTask"
"Buy medium map (item)*","Nonskill","","","","","ManualTask"
"Mind rune pack","Nonskill","","","","","ManualTask"
"Buy Misc. portrait*","Nonskill","","","","","ManualTask"
"Trade-in mole part*","Nonskill","","","","","ManualTask"
"Bird nest (Wyson) loot","Nonskill","","","","","ManualTask"
"Bird nest (seeds) loot","Nonskill","","","","","ManualTask"
"Bird nest (ring) loot","Nonskill","","","","","ManualTask"
"Bird nest (egg) loot","Nonskill","","","","","ManualTask"
"Buy Morytania painting*","Nonskill","","","","","ManualTask"
"Museum camp loot*","Nonskill","","","","","ManualTask"
"Process oak logs","Nonskill","","","","","ManualTask"
"Forge odium ward","Nonskill","","","","","ManualTask"
"Olive oil pack","Nonskill","","","","","ManualTask"
"Pick onion*","Nonskill","","","","","ManualTask"
"Cut orange chunks","Nonskill","","","","","ManualTask"
"Cut orange slices","Nonskill","","","","","ManualTask"
"Oyster loot*","Nonskill","","","","","ManualTask"
"Make pastry dough","Nonskill","","","","","ManualTask"
"Cut pineapple chunks","Nonskill","","","","","ManualTask"
"Cut pineapple ring","Nonskill","","","","","ManualTask"
"Make pitta dough","Nonskill","","","","","ManualTask"
"Make pizza base","Nonskill","","","","","ManualTask"
"Process logs","Nonskill","","","","","ManualTask"
"Buy polar camo legs","Nonskill","","","","","ManualTask"
"Buy polar camo top","Nonskill","","","","","ManualTask"
"Fill pot with flour","Nonskill","","","","","ManualTask"
"Fill pot with flour from barrel","Nonskill","","","","","ManualTask"
"Pick potato*","Nonskill","","","","","ManualTask"
"Pick nettles*","Nonskill","","","","","ManualTask"
"Tan red dragonhide","Nonskill","","","","","ManualTask"
"Tan red dragonhide via Mary after Getting Ahead","Nonskill","","","","","ManualTask"
"Reward chest The Gauntlet loot*","Nonskill","","","","","ManualTask"
"Buy rock-shell helm","Nonskill","","","","","ManualTask"
"Buy rock-shell legs","Nonskill","","","","","ManualTask"
"Buy rock-shell plate","Nonskill","","","","","ManualTask"
"Slice barbarian fish for roe*","Nonskill","","","","","ManualTask"
"Rope from Ned","Nonskill","","","","","ManualTask"
"Rusty sword loot from house*","Nonskill","","","","","ManualTask"
"Rusty sword loot from marchant*","Nonskill","","","","","ManualTask"
"Add an emerald lens to a bullseye lantern","Nonskill","","","","","ManualTask"
"Add a sapphire lens to a bullseye lantern","Nonskill","","","","","ManualTask"
"Attach Saradomin hilt","Nonskill","","","","","ManualTask"
"Serum 207 loot*","Nonskill","","","","","ManualTask"
"Serum 208 loot*","Nonskill","","","","","ManualTask"
"Silver key loot*","Nonskill","","","","","ManualTask"
"Sinister chest loot*","Nonskill","","","","","ManualTask"
"Buy skeletal bottoms","Nonskill","","","","","ManualTask"
"Buy skeletal helm","Nonskill","","","","","ManualTask"
"Buy skeletal top","Nonskill","","","","","ManualTask"
"Enchant slayer's staff","Nonskill","","","","","ManualTask"
"Slice mushroom","Nonskill","","","","","ManualTask"
"Small chest loot*","Nonskill","","","","","ManualTask"
"Buy small map (item)*","Nonskill","","","","","ManualTask"
"Tan normal snake hide","Nonskill","","","","","ManualTask"
"Tan normal snake hide via Mary after Getting Ahead","Nonskill","","","","","ManualTask"
"Tan swamp snake hide","Nonskill","","","","","ManualTask"
"Tan swamp snake hide via Mary after Getting Ahead","Nonskill","","","","","ManualTask"
"Cook seaweed","Nonskill","","","","","ManualTask"
"Wet clay with item","Nonskill","","","","","ManualTask"
"Wet clay with object","Nonskill","","","","","ManualTask"
"Soft clay pack","Nonskill","","","","","ManualTask"
"Attach spectral sigil","Nonskill","","","","","ManualTask"
"Buy spined body","Nonskill","","","","","ManualTask"
"Buy spined chaps","Nonskill","","","","","ManualTask"
"Buy spined helm","Nonskill","","","","","ManualTask"
"Buy splitbark body","Nonskill","","","","","ManualTask"
"Buy splitbark boots","Nonskill","","","","","ManualTask"
"Buy splitbark gauntlets","Nonskill","","","","","ManualTask"
"Buy splitbark helm","Nonskill","","","","","ManualTask"
"Buy splitbark legs","Nonskill","","","","","ManualTask"
"Spoils of war loot*","Nonskill","","","","","ManualTask"
"Buy spotted cape","Nonskill","","","","","ManualTask"
"Buy spottier cape","Nonskill","","","","","ManualTask"
"Attach Guthixian icon","Nonskill","","","","","ManualTask"
"Attach Saradomin's light","Nonskill","","","","","ManualTask"
"Steel key loot*","Nonskill","","","","","ManualTask"
"Stuff abyssal head","Nonskill","","","","","ManualTask"
"Stuff basilisk head","Nonskill","","","","","ManualTask"
"Stuff big bass","Nonskill","","","","","ManualTask"
"Stuff big shark","Nonskill","","","","","ManualTask"
"Stuff big swordfish","Nonskill","","","","","ManualTask"
"Stuff cockatrice head","Nonskill","","","","","ManualTask"
"Stuff crawling hand","Nonskill","","","","","ManualTask"
"Stuff Alchemical hydra heads","Nonskill","","","","","ManualTask"
"Stuff kbd heads","Nonskill","","","","","ManualTask"
"Stuff kq head","Nonskill","","","","","ManualTask"
"Stuff tattered kq head","Nonskill","","","","","ManualTask"
"Stuff kurask head","Nonskill","","","","","ManualTask"
"Fill supercompost from bin*","Nonskill","","","","","ManualTask"
"Reward pool loot*","Nonskill","","","","","ManualTask"
"Casket (Reward pool) loot*","Nonskill","","","","","ManualTask"
"Castle wars supply crate loot*","Nonskill","","","","","ManualTask"
"Supply crate loot*","Nonskill","","","","","ManualTask"
"Supply crate Mahogany Homes loot*","Nonskill","","","","","ManualTask"
"Process teak logs","Nonskill","","","","","ManualTask"
"Theatre of Blood loot*","Nonskill","","","","","ManualTask"
"Tombs of Amascut loot*","Nonskill","","","","","ManualTask"
"Buy training bow","Nonskill","","","","","ManualTask"
"Buy training shield","Nonskill","","","","","ManualTask"
"Buy training sword","Nonskill","","","","","ManualTask"
"Charge trident of the seas","Nonskill","","","","","ManualTask"
"Search the sacks in the digsite for a specimen jar*","Nonskill","","","","","ManualTask"
"Uncleaned find loot*","Nonskill","","","","","ManualTask"
"Craft uncut zenyte","Nonskill","","","","","ManualTask"
"Unfinished broad bolts pack","Nonskill","","","","","ManualTask"
"Grind unicorn horn","Nonskill","","","","","ManualTask"
"Vampyre juvenile loot*","Nonskill","","","","","ManualTask"
"Vampyre juvinate loot*","Nonskill","","","","","ManualTask"
"Vial pack","Nonskill","","","","","ManualTask"
"Vial of water pack","Nonskill","","","","","ManualTask"
"Fill vial with water*","Nonskill","","","","","ManualTask"
"Stuff Vorkath's head","Nonskill","","","","","ManualTask"
"Water rune pack","Nonskill","","","","","ManualTask"
"Wise old man tasks*","Nonskill","","","","","ManualTask"
"Buy wood camo legs","Nonskill","","","","","ManualTask"
"Buy wood camo top","Nonskill","","","","","ManualTask"
"Shear alpaca*","Nonskill","","","","","ManualTask"
"Shear sheep*","Nonskill","","","","","ManualTask"
"Attach Zamorak hilt","Nonskill","","","","","ManualTask"
"Buy the ~|Quest point cape|~","Nonskill","","","","","ManualTask"
"Buy the ~|Quest point cape (t)|~","Nonskill","","","","","ManualTask"
"Access Yanille Agility Dungeon#Section 1 1","Nonskill","","","","","ManualTask"
"Access Yanille Agility Dungeon#Section 1 2","Nonskill","","","","","ManualTask"
"Access Yanille Agility Dungeon#Section 1 3","Nonskill","","","","","ManualTask"
"Access Yanille Agility Dungeon#Section 2 1","Nonskill","","","","","ManualTask"
"Access Yanille Agility Dungeon#Section 2 2","Nonskill","","","","","ManualTask"
"Access Yanille Agility Dungeon#Section 2 3","Nonskill","","","","","ManualTask"
"Access Yanille Agility Dungeon#Section 4 1","Nonskill","","","","","ManualTask"
"Access Yanille Agility Dungeon#Section 4 2","Nonskill","","","","","ManualTask"
"Access Yanille Agility Dungeon#Section 4 3","Nonskill","","","","","ManualTask"
"Access Zanaris via 12849","Nonskill","","","","","ManualTask"
"Access Zanaris via a fairy ring","Nonskill","","","","","ManualTask"
"Access the upper floor of the ~|Edgeville Monastery|~","Prayer","","","","","ManualTask"
"Activate ~|Thick Skin|~","Prayer","","","","","ManualTask"
"Activate ~|Burst of Strength|~","Prayer","","","","","ManualTask"
"Activate ~|Clarity of Thought|~","Prayer","","","","","ManualTask"
"Activate ~|Sharp Eye|~","Prayer","","","","","ManualTask"
"Activate ~|Mystic Will|~","Prayer","","","","","ManualTask"
"Activate ~|Rock Skin|~","Prayer","","","","","ManualTask"
"Activate ~|Superhuman Strength|~","Prayer","","","","","ManualTask"
"Activate ~|Improved Reflexes|~","Prayer","","","","","ManualTask"
"Activate ~|Rapid Restore|~","Prayer","","","","","ManualTask"
"Activate ~|Rapid Heal|~","Prayer","","","","","ManualTask"
"Activate ~|Protect Item|~","Prayer","","","","","ManualTask"
"Activate ~|Hawk Eye|~","Prayer","","","","","ManualTask"
"Activate ~|Mystic Lore|~","Prayer","","","","","ManualTask"
"Activate ~|Steel Skin|~","Prayer","","","","","ManualTask"
"Activate ~|Ultimate Strength|~","Prayer","","","","","ManualTask"
"Activate ~|Incredible Reflexes|~","Prayer","","","","","ManualTask"
"Activate ~|Protect from Magic|~","Prayer","","","","","ManualTask"
"Activate ~|Protect from Missiles|~","Prayer","","","","","ManualTask"
"Activate ~|Protect from Melee|~","Prayer","","","","","ManualTask"
"Activate ~|Eagle Eye|~","Prayer","","","","","ManualTask"
"Activate ~|Mystic Might|~","Prayer","","","","","ManualTask"
"Activate ~|Retribution|~","Prayer","","","","","ManualTask"
"Activate ~|Redemption|~","Prayer","","","","","ManualTask"
"Activate ~|Smite|~","Prayer","","","","","ManualTask"
"Unlock the ability to use ~|Deadeye|~","Prayer","","","","","ManualTask"
"Unlock the ability to use ~|Mystic Vigour|~","Prayer","","","","","ManualTask"
"Activate ~|Deadeye|~","Prayer","","","","","ManualTask"
"Activate ~|Mystic Vigour|~","Prayer","","","","","ManualTask"
"Activate ~|Preserve|~","Prayer","","","","","ManualTask"
"Add a ~|spectral sigil|~ to a blessed spirit shield","Prayer","","","","","ManualTask"
"Add an ~|arcane sigil|~ to a blessed spirit shield","Prayer","","","","","ManualTask"
"Create an ~|elidinis' ward (f)|~","Prayer","","","","","ManualTask"
"Add an ~|elysian sigil|~ to a blessed spirit shield","Prayer","","","","","ManualTask"
"Bless a ~|spirit shield|~","Prayer","","","","","ManualTask"
"Buy the ~|Prayer cape|~","Prayer","","","","","ManualTask"
"Change your family crest at ~|Sir Renitee|~ to a Guthix crest","Prayer","","","","","ManualTask"
"Change your family crest at ~|Sir Renitee|~ to a Saradomin crest","Prayer","","","","","ManualTask"
"Change your family crest at ~|Sir Renitee|~ to a Zamorak crest","Prayer","","","","","ManualTask"
"Offer a ~|blessed bone shards|~ at the libation bowl","Prayer","","","","","ManualTask"
"Offer a ~|catfish|~","Prayer","","","","","ManualTask"
"Offer a ~|cavefish|~","Prayer","","","","","ManualTask"
"Offer a ~|guppy|~","Prayer","","","","","ManualTask"
"Offer a ~|tetra|~","Prayer","","","","","ManualTask"
"Sacrifice Vampyre dust in the ~|Hallowed Sepulchre|~","Prayer","","","","","ManualTask"
"Unlock the ability to buy ~|bologa's blessings|~","Prayer","","","","","ManualTask"
"Use ~|superior dragon bones|~","Prayer","","","","","ManualTask"
"Create a ~|jug of blessed wine|~","Prayer","","","","","ManualTask"
"Create a ~|jug of blessed sunfire wine|~","Prayer","","","","","ManualTask"
"Create ~|blessed bones|~","Prayer","","","","","ManualTask"
"Create ~|blessed bat bones|~","Prayer","","","","","ManualTask"
"Create ~|blessed big bones|~","Prayer","","","","","ManualTask"
"Create ~|blessed zogre bones|~","Prayer","","","","","ManualTask"
"Create ~|blessed babywyrm bones|~","Prayer","","","","","ManualTask"
"Create ~|blessed babydragon bones|~","Prayer","","","","","ManualTask"
"Create ~|blessed wyrm bones|~","Prayer","","","","","ManualTask"
"Create ~|blessed wyvern bones|~","Prayer","","","","","ManualTask"
"Create ~|blessed dragon bones|~","Prayer","","","","","ManualTask"
"Create ~|blessed drake bones|~","Prayer","","","","","ManualTask"
"Create ~|blessed fayrg bones|~","Prayer","","","","","ManualTask"
"Create ~|blessed lava dragon bones|~","Prayer","","","","","ManualTask"
"Create ~|blessed raurg bones|~","Prayer","","","","","ManualTask"
"Create ~|blessed hydra bones|~","Prayer","","","","","ManualTask"
"Create ~|dagannoth bones (blessed)|~","Prayer","","","","","ManualTask"
"Create ~|blessed ourg bones|~","Prayer","","","","","ManualTask"
"Create ~|blessed superior dragon bones|~","Prayer","","","","","ManualTask"
"Wear a ~|bonecrusher necklace|~","Prayer","","","","","ManualTask"
"Wear a ~|dragonbone necklace|~","Prayer","","","","","ManualTask"
"Wear a ~|soul cape|~","Prayer","","","","","ManualTask"
"Wield an ~|antler guard|~","Prayer","","","","","ManualTask"
"Access the ~|Ranging Guild|~","Ranged","","","","","ManualTask"
"Buy the ~|Ranging cape|~","Ranged","","","","","ManualTask"
"Wear a ~|coif|~","Ranged","","","","","ManualTask"
"Wear ~|black dragonhide armour|~","Ranged","","","","","ManualTask"
"Wear ~|Hueycoatl hide chaps|~","Ranged","","","","","ManualTask"
"Wear ~|Hueycoatl hide vambraces|~","Ranged","","","","","ManualTask"
"Wear ~|blue dragonhide armour|~","Ranged","","","","","ManualTask"
"Wear ~|green dragonhide armour|~","Ranged","","","","","ManualTask"
"Wear ~|red dragonhide armour|~","Ranged","","","","","ManualTask"
"Wear ~|studded chaps|~","Ranged","","","","","ManualTask"
"Wear ~|Dizana's quiver (uncharged)|~","Ranged","","","","","ManualTask"
"Wield a ~|zaryte crossbow|~","Ranged","","","","","ManualTask"
"Wield the ~|scorching bow|~","Ranged","","","","","ManualTask"
"Wield the ~|tonalztics of ralos (uncharged)|~","Ranged","","","","","ManualTask"
"Wield a ~|hunter's spear|~","Ranged","","","","","ManualTask"
"Wield a ~|bone shortbow|~","Ranged","","","","","ManualTask"
"Wield a ~|morrigan's throwing axe (bh)|~","Ranged","","","","","ManualTask"
"Wield a ~|morrigan's javelin (bh)|~","Ranged","","","","","ManualTask"
"Wield a ~|black chinchompa|~","Ranged","","","","","ManualTask"
"Wield a ~|black dart|~","Ranged","","","","","ManualTask"
"Wield a ~|black knife|~","Ranged","","","","","ManualTask"
"Wield a ~|blurite crossbow|~","Ranged","","","","","ManualTask"
"Wield a ~|bronze crossbow|~","Ranged","","","","","ManualTask"
"Wield a ~|bronze dart|~","Ranged","","","","","ManualTask"
"Wield a ~|bronze knife|~","Ranged","","","","","ManualTask"
"Wield a ~|bronze thrownaxe|~","Ranged","","","","","ManualTask"
"Wield a ~|chinchompa|~","Ranged","","","","","ManualTask"
"Wield a ~|comp ogre bow|~","Ranged","","","","","ManualTask"
"Wield a ~|craw's bow|~","Ranged","","","","","ManualTask"
"Wield a ~|webweaver bow|~","Ranged","","","","","ManualTask"
"Wield a ~|crossbow|~","Ranged","","","","","ManualTask"
"Wield a ~|dark bow|~","Ranged","","","","","ManualTask"
"Wield a ~|dorgeshuun crossbow|~","Ranged","","","","","ManualTask"
"Wield a ~|dragon crossbow|~","Ranged","","","","","ManualTask"
"Wield a ~|dragon dart|~","Ranged","","","","","ManualTask"
"Wield a ~|dragon hunter crossbow|~","Ranged","","","","","ManualTask"
"Wield a ~|dragon knife|~","Ranged","","","","","ManualTask"
"Wield a ~|dragon thrownaxe|~","Ranged","","","","","ManualTask"
"Wield a ~|heavy ballista|~","Ranged","","","","","ManualTask"
"Wield a ~|hunters' crossbow|~","Ranged","","","","","ManualTask"
"Wield a ~|Karil's crossbow|~","Ranged","","","","","ManualTask"
"Wield a ~|light ballista|~","Ranged","","","","","ManualTask"
"Wield a ~|longbow|~","Ranged","","","","","ManualTask"
"Wield a ~|magic longbow|~","Ranged","","","","","ManualTask"
"Wield a ~|magic shortbow|~","Ranged","","","","","ManualTask"
"Wield a ~|maple longbow|~","Ranged","","","","","ManualTask"
"Wield a ~|maple shortbow|~","Ranged","","","","","ManualTask"
"Wield a ~|mithril crossbow|~","Ranged","","","","","ManualTask"
"Wield a ~|mithril dart|~","Ranged","","","","","ManualTask"
"Wield a ~|mithril knife|~","Ranged","","","","","ManualTask"
"Wield a ~|mithril thrownaxe|~","Ranged","","","","","ManualTask"
"Wield a ~|phoenix crossbow|~","Ranged","","","","","ManualTask"
"Wield a ~|red chinchompa|~","Ranged","","","","","ManualTask"
"Wield a ~|rune crossbow|~","Ranged","","","","","ManualTask"
"Wield a ~|rune dart|~","Ranged","","","","","ManualTask"
"Wield a ~|rune knife|~","Ranged","","","","","ManualTask"
"Wield a ~|rune thrownaxe|~","Ranged","","","","","ManualTask"
"Wield a ~|seercull|~","Ranged","","","","","ManualTask"
"Wield a ~|shortbow|~","Ranged","","","","","ManualTask"
"Wield a ~|steel crossbow|~","Ranged","","","","","ManualTask"
"Wield a ~|steel dart|~","Ranged","","","","","ManualTask"
"Wield a ~|steel knife|~","Ranged","","","","","ManualTask"
"Wield a ~|steel thrownaxe|~","Ranged","","","","","ManualTask"
"Wield a ~|toktz-xil-ul|~","Ranged","","","","","ManualTask"
"Wield a ~|toxic blowpipe|~","Ranged","","","","","ManualTask"
"Wield a ~|training bow|~","Ranged","","","","","ManualTask"
"Wield a ~|twisted bow|~","Ranged","","","","","ManualTask"
"Wield a ~|venator bow|~","Ranged","","","","","ManualTask"
"Wield a ~|willow longbow|~","Ranged","","","","","ManualTask"
"Wield a ~|willow shortbow|~","Ranged","","","","","ManualTask"
"Wield a ~|yew longbow|~","Ranged","","","","","ManualTask"
"Wield a ~|yew shortbow|~","Ranged","","","","","ManualTask"
"Wield an ~|adamant crossbow|~","Ranged","","","","","ManualTask"
"Wield an ~|adamant dart|~","Ranged","","","","","ManualTask"
"Wield an ~|adamant knife|~","Ranged","","","","","ManualTask"
"Wield an ~|adamant thrownaxe|~","Ranged","","","","","ManualTask"
"Wield an ~|amethyst dart|~","Ranged","","","","","ManualTask"
"Wield an ~|armadyl crossbow|~","Ranged","","","","","ManualTask"
"Wield an ~|iron crossbow|~","Ranged","","","","","ManualTask"
"Wield an ~|iron dart|~","Ranged","","","","","ManualTask"
"Wield an ~|iron knife|~","Ranged","","","","","ManualTask"
"Wield an ~|iron thrownaxe|~","Ranged","","","","","ManualTask"
"Wield an ~|oak longbow|~","Ranged","","","","","ManualTask"
"Wield an ~|oak shortbow|~","Ranged","","","","","ManualTask"
"Wield an ~|ogre bow|~","Ranged","","","","","ManualTask"
"Wield ~|amethyst broad bolts|~","Ranged","","","","","ManualTask"
"Wield ~|broad arrows|~","Ranged","","","","","ManualTask"
"Wield ~|broad bolts|~","Ranged","","","","","ManualTask"
"Wield ~|onyx bolts (e)|~","Ranged","","","","","ManualTask"
"Wield ~|dragonstone bolts (e)|~","Ranged","","","","","ManualTask"
"Wield ~|dragon bolts|~","Ranged","","","","","ManualTask"
"Wield ~|castle wars bolts|~","Ranged","","","","","ManualTask"
"Wield ~|runite bolts|~","Ranged","","","","","ManualTask"
"Wield ~|adamant bolts|~","Ranged","","","","","ManualTask"
"Wield ~|mithril bolts|~","Ranged","","","","","ManualTask"
"Wield ~|iron bolts|~","Ranged","","","","","ManualTask"
"Buy the ~|Runecraft cape|~","Runecraft","","","","","ManualTask"
"Recolour a ~|radiant oathplate helm|~","Runecraft","","","","","ManualTask"
"Recolour a ~|radiant oathplate chest|~","Runecraft","","","","","ManualTask"
"Recolour ~|radiant oathplate legs|~","Runecraft","","","","","ManualTask"
"Turn in ~|Sulphurous essence|~ to Eyatlalli","Runecraft","","","","","ManualTask"
"Turn in books at the ~|Arceuus Library|~ for Runecraft xp","Runecraft","","","","","ManualTask"
"Convert a dense essence block into a ~|dark essence block|~","Runecraft","","","","","ManualTask"
"Craft a ~|burnt page|~ from a desiccated page","Runecraft","","","","","ManualTask"
"Craft a ~|soaked page|~ from a desiccated page","Runecraft","","","","","ManualTask"
"Craft a ~|soiled page|~ from a desiccated page","Runecraft","","","","","ManualTask"
"Craft a ~|sunfire rune|~ at a shrine of Ralos","Runecraft","","","","","ManualTask"
"Craft runes at the ~|Ourania Altar|~","Runecraft","","","","","ManualTask"
"Craft a ~|blood rune|~ at the false altar on Zeah","Runecraft","","","","","ManualTask"
"Craft a ~|blood rune|~ at the true altar in Morytania","Runecraft","","","","","ManualTask"
"Craft a ~|blood rune|~ with guardian essence","Runecraft","","","","","ManualTask"
"Craft a ~|blood tiara|~","Runecraft","","","","","ManualTask"
"Craft a ~|body rune|~","Runecraft","","","","","ManualTask"
"Craft a ~|body rune|~ with guardian essence","Runecraft","","","","","ManualTask"
"Craft a ~|body tiara|~","Runecraft","","","","","ManualTask"
"Craft a ~|catalytic tiara|~","Runecraft","","","","","ManualTask"
"Craft a ~|chaos rune|~","Runecraft","","","","","ManualTask"
"Craft a ~|chaos rune|~ with guardian essence","Runecraft","","","","","ManualTask"
"Craft a ~|chaos tiara|~","Runecraft","","","","","ManualTask"
"Craft a ~|cosmic rune|~","Runecraft","","","","","ManualTask"
"Craft a ~|cosmic rune|~ with guardian essence","Runecraft","","","","","ManualTask"
"Craft a ~|cosmic tiara|~","Runecraft","","","","","ManualTask"
"Craft an ~|aether rune|~ at the Cosmic altar","Runecraft","","","","","ManualTask"
"Craft a ~|death rune|~","Runecraft","","","","","ManualTask"
"Craft a ~|death rune|~ with guardian essence","Runecraft","","","","","ManualTask"
"Craft a ~|death tiara|~","Runecraft","","","","","ManualTask"
"Craft a ~|dust rune|~ at the Air altar","Runecraft","","","","","ManualTask"
"Craft a ~|dust rune|~ at the Earth altar","Runecraft","","","","","ManualTask"
"Craft a ~|fire rune|~","Runecraft","","","","","ManualTask"
"Craft a ~|fire rune|~ with guardian essence","Runecraft","","","","","ManualTask"
"Craft a ~|fire tiara|~","Runecraft","","","","","ManualTask"
"Craft a ~|lava rune|~ at the Earth altar","Runecraft","","","","","ManualTask"
"Craft a ~|lava rune|~ at the Fire altar","Runecraft","","","","","ManualTask"
"Craft a ~|law rune|~","Runecraft","","","","","ManualTask"
"Craft a ~|law rune|~ with guardian essence","Runecraft","","","","","ManualTask"
"Craft a ~|law tiara|~","Runecraft","","","","","ManualTask"
"Craft a ~|mind rune|~","Runecraft","","","","","ManualTask"
"Craft a ~|mind rune|~ with guardian essence","Runecraft","","","","","ManualTask"
"Craft a ~|mind tiara|~","Runecraft","","","","","ManualTask"
"Craft a ~|mist rune|~ at the Air altar","Runecraft","","","","","ManualTask"
"Craft a ~|mist rune|~ at the Water altar","Runecraft","","","","","ManualTask"
"Craft a ~|mud rune|~ at the Earth altar","Runecraft","","","","","ManualTask"
"Craft a ~|mud rune|~ at the Water altar","Runecraft","","","","","ManualTask"
"Craft a ~|nature rune|~","Runecraft","","","","","ManualTask"
"Craft a ~|nature rune|~ with guardian essence","Runecraft","","","","","ManualTask"
"Craft a ~|nature tiara|~","Runecraft","","","","","ManualTask"
"Craft a ~|smoke rune|~ at the Air altar","Runecraft","","","","","ManualTask"
"Craft a ~|smoke rune|~ at the Fire altar","Runecraft","","","","","ManualTask"
"Craft a ~|soul rune|~","Runecraft","","","","","ManualTask"
"Craft a ~|steam rune|~ at the Fire altar","Runecraft","","","","","ManualTask"
"Craft a ~|steam rune|~ at the Water altar","Runecraft","","","","","ManualTask"
"Craft a ~|water rune|~","Runecraft","","","","","ManualTask"
"Craft a ~|water rune|~ with guardian essence","Runecraft","","","","","ManualTask"
"Craft a ~|water tiara|~","Runecraft","","","","","ManualTask"
"Craft a ~|wrath rune|~","Runecraft","","","","","ManualTask"
"Craft a ~|wrath tiara|~","Runecraft","","","","","ManualTask"
"Craft an ~|air rune|~","Runecraft","","","","","ManualTask"
"Craft an ~|air rune|~ with guardian essence","Runecraft","","","","","ManualTask"
"Craft an ~|air tiara|~","Runecraft","","","","","ManualTask"
"Craft an ~|astral rune|~","Runecraft","","","","","ManualTask"
"Craft an ~|earth rune|~","Runecraft","","","","","ManualTask"
"Craft an ~|earth rune|~ with guardian essence","Runecraft","","","","","ManualTask"
"Craft an ~|earth tiara|~","Runecraft","","","","","ManualTask"
"Craft an ~|elemental tiara|~","Runecraft","","","","","ManualTask"
"Imbue a ~|body core|~ at the Body altar","Runecraft","","","","","ManualTask"
"Imbue a ~|chaos core|~ at the Chaos altar","Runecraft","","","","","ManualTask"
"Imbue a ~|mind core|~ at the Mind altar","Runecraft","","","","","ManualTask"
"Infuse a splitbark body into a ~|bloodbark body|~","Runecraft","","","","","ManualTask"
"Infuse a splitbark body into a ~|swampbark body|~","Runecraft","","","","","ManualTask"
"Infuse a splitbark helm into a ~|bloodbark helm|~","Runecraft","","","","","ManualTask"
"Infuse a splitbark helm into a ~|swampbark helm|~","Runecraft","","","","","ManualTask"
"Create ~|avernic treads (et)|~","Runecraft","","","","","ManualTask"
"Create ~|avernic treads (pr)|~","Runecraft","","","","","ManualTask"
"Create ~|avernic treads (pr)(et)|~","Runecraft","","","","","ManualTask"
"Infuse splitbark boots into ~|bloodbark boots|~","Runecraft","","","","","ManualTask"
"Infuse splitbark boots into ~|swampbark boots|~","Runecraft","","","","","ManualTask"
"Infuse splitbark gauntlets into ~|bloodbark gauntlets|~","Runecraft","","","","","ManualTask"
"Infuse splitbark gauntlets into ~|swampbark gauntlets|~","Runecraft","","","","","ManualTask"
"Infuse splitbark legs into ~|bloodbark legs|~","Runecraft","","","","","ManualTask"
"Infuse splitbark legs into ~|swampbark legs|~","Runecraft","","","","","ManualTask"
"Participate in ~|Guardians of the Rift|~","Runecraft","","","","","ManualTask"
"Store the maximum essence in a ~|colossal pouch|~","Runecraft","","","","","ManualTask"
"Store essence in a ~|giant pouch|~","Runecraft","","","","","ManualTask"
"Store essence in a ~|large pouch|~","Runecraft","","","","","ManualTask"
"Store essence in a ~|medium pouch|~","Runecraft","","","","","ManualTask"
"Store essence in a ~|small pouch|~","Runecraft","","","","","ManualTask"
"Buy the ~|Slayer cape|~","Slayer","","","","","ManualTask"
"Slay a ~|Spitting Wyvern|~","Slayer","","","","","ManualTask"
"Slay a ~|Taloned Wyvern|~","Slayer","","","","","ManualTask"
"Slay a ~|Long-tailed Wyvern|~","Slayer","","","","","ManualTask"
"Slay a ~|banshee|~","Slayer","","","","","ManualTask"
"Slay a ~|Twisted Banshee|~","Slayer","","","","","ManualTask"
"Slay a ~|Basilisk Knight|~","Slayer","","","","","ManualTask"
"Slay a ~|basilisk|~","Slayer","","","","","ManualTask"
"Slay a ~|bloodveld|~","Slayer","","","","","ManualTask"
"Slay a ~|Mutated Bloodveld|~","Slayer","","","","","ManualTask"
"Slay a ~|brine rat|~","Slayer","","","","","ManualTask"
"Slay a ~|brutal black dragon|~","Slayer","","","","","ManualTask"
"Slay a ~|cave bug#Level 6|~","Slayer","","","","","ManualTask"
"Slay a ~|cave bug#Level 96|~","Slayer","","","","","ManualTask"
"Slay a ~|cave crawler|~","Slayer","","","","","ManualTask"
"Slay a ~|cave horror|~","Slayer","","","","","ManualTask"
"Slay a ~|cave kraken|~","Slayer","","","","","ManualTask"
"Slay a ~|cave slime|~","Slayer","","","","","ManualTask"
"Slay a ~|cockatrice|~","Slayer","","","","","ManualTask"
"Slay a ~|Moonlight Cockatrice|~","Slayer","","","","","ManualTask"
"Slay a ~|Crawling Hand|~","Slayer","","","","","ManualTask"
"Slay a ~|dark beast|~","Slayer","","","","","ManualTask"
"Slay a ~|Small Lizard|~","Slayer","","","","","ManualTask"
"Slay a ~|Desert Lizard|~","Slayer","","","","","ManualTask"
"Slay a ~|lizard|~","Slayer","","","","","ManualTask"
"Slay a ~|drake|~","Slayer","","","","","ManualTask"
"Slay a ~|dust devil|~","Slayer","","","","","ManualTask"
"Slay a ~|dust devil#Wilderness Slayer Cave|~","Slayer","","","","","ManualTask"
"Slay a ~|fever spider|~","Slayer","","","","","ManualTask"
"Slay a ~|gargoyle|~","Slayer","","","","","ManualTask"
"Slay a ~|Harpie Bug Swarm|~","Slayer","","","","","ManualTask"
"Slay an ~|araxyte#Level 96|~","Slayer","","","","","ManualTask"
"Slay an ~|araxyte#Level 146|~","Slayer","","","","","ManualTask"
"Slay a ~|hydra|~","Slayer","","","","","ManualTask"
"Slay an ~|Infernal Mage|~","Slayer","","","","","ManualTask"
"Slay a ~|jelly|~","Slayer","","","","","ManualTask"
"Slay a ~|jelly#Wilderness Slayer Cave|~","Slayer","","","","","ManualTask"
"Slay a ~|chilled jelly|~","Slayer","","","","","ManualTask"
"Slay a ~|Warped Jelly|~","Slayer","","","","","ManualTask"
"Slay a ~|killerwatt|~","Slayer","","","","","ManualTask"
"Slay a ~|kurask|~","Slayer","","","","","ManualTask"
"Slay a ~|mogre|~","Slayer","","","","","ManualTask"
"Slay a ~|molanisk|~","Slayer","","","","","ManualTask"
"Slay a ~|Warped Terrorbird|~","Slayer","","","","","ManualTask"
"Slay a ~|Warped Tortoise|~","Slayer","","","","","ManualTask"
"Slay a mutated ~|zygomite#Level 74|~","Slayer","","","","","ManualTask"
"Slay a mutated ~|zygomite#Level 86|~","Slayer","","","","","ManualTask"
"Slay an ~|Ancient Zygomite|~","Slayer","","","","","ManualTask"
"Slay a ~|nechryael|~","Slayer","","","","","ManualTask"
"Slay a ~|Greater Nechryael|~","Slayer","","","","","ManualTask"
"Slay a ~|Greater Nechryael#Wilderness Slayer Cave|~","Slayer","","","","","ManualTask"
"Slay a ~|pyrefiend|~","Slayer","","","","","ManualTask"
"Slay a ~|pyrelord|~","Slayer","","","","","ManualTask"
"Slay a ~|rockslug|~","Slayer","","","","","ManualTask"
"Slay a ~|Sea Snake Hatchling|~","Slayer","","","","","ManualTask"
"Slay a ~|Sea Snake Young|~","Slayer","","","","","ManualTask"
"Slay a ~|Skeletal Wyvern|~","Slayer","","","","","ManualTask"
"Slay a ~|smoke devil|~","Slayer","","","","","ManualTask"
"Slay a ~|spiritual mage|~","Slayer","","","","","ManualTask"
"Slay a ~|spiritual ranger|~","Slayer","","","","","ManualTask"
"Slay a ~|spiritual warrior|~","Slayer","","","","","ManualTask"
"Slay a ~|spiritual mage#Ancient Prison|~","Slayer","","","","","ManualTask"
"Slay a ~|spiritual ranger#Ancient Prison|~","Slayer","","","","","ManualTask"
"Slay a ~|spiritual warrior#Ancient Prison|~","Slayer","","","","","ManualTask"
"Slay a ~|Sulphur Lizard|~","Slayer","","","","","ManualTask"
"Slay a ~|Grimy Lizard|~","Slayer","","","","","ManualTask"
"Slay a ~|Sulphur Nagua|~","Slayer","","","","","ManualTask"
"Slay a ~|Frost Nagua|~","Slayer","","","","","ManualTask"
"Slay an ~|Earthen Nagua|~","Slayer","","","","","ManualTask"
"Slay a ~|juvenile custodian stalker|~","Slayer","","","","","ManualTask"
"Slay a ~|mature custodian stalker|~","Slayer","","","","","ManualTask"
"Slay an ~|elder custodian stalker|~","Slayer","","","","","ManualTask"
"Slay a ~|terror dog#Level 100|~","Slayer","","","","","ManualTask"
"Slay a ~|terror dog#Level 110|~","Slayer","","","","","ManualTask"
"Slay a ~|turoth|~","Slayer","","","","","ManualTask"
"Slay a ~|wall beast|~","Slayer","","","","","ManualTask"
"Slay a ~|wyrm|~","Slayer","","","","","ManualTask"
"Slay a ~|wyrmling|~","Slayer","","","","","ManualTask"
"Slay an ~|aberrant spectre|~","Slayer","","","","","ManualTask"
"Slay a ~|deviant spectre|~","Slayer","","","","","ManualTask"
"Slay an ~|abyssal demon|~","Slayer","","","","","ManualTask"
"Slay an ~|abyssal demon#Wilderness Slayer Cave|~","Slayer","","","","","ManualTask"
"Slay an ~|Ancient Wyvern|~","Slayer","","","","","ManualTask"
"Slay the ~|Abyssal Sire|~","Slayer","","","","","ManualTask"
"Slay the ~|Abyssal Sire|~ alt","Slayer","","","","","ManualTask"
"Slay ~|Araxxor|~","Slayer","","","","","ManualTask"
"Slay ~|Araxxor|~ alt","Slayer","","","","","ManualTask"
"Slay the ~|Alchemical Hydra|~","Slayer","","","","","ManualTask"
"Slay the ~|Alchemical Hydra|~ alt","Slayer","","","","","ManualTask"
"Slay the ~|Grotesque Guardians|~","Slayer","","","","","ManualTask"
"Slay the ~|Grotesque Guardians|~ alt","Slayer","","","","","ManualTask"
"Slay the ~|Kraken|~","Slayer","","","","","ManualTask"
"Slay the ~|Kraken|~ alt","Slayer","","","","","ManualTask"
"Slay the ~|thermonuclear smoke devil|~","Slayer","","","","","ManualTask"
"Slay the ~|thermonuclear smoke devil|~ alt","Slayer","","","","","ManualTask"
"Slay ~|Cerberus|~","Slayer","","","","","ManualTask"
"Slay ~|Cerberus|~ alt","Slayer","","","","","ManualTask"
"Use an ~|enchanted gem|~","Slayer","","","","","ManualTask"
"Wear ~|earmuffs|~","Slayer","","","","","ManualTask"
"Wear a ~|facemask|~","Slayer","","","","","ManualTask"
"Wear a ~|nose peg|~","Slayer","","","","","ManualTask"
"Wear a ~|slayer helmet|~","Slayer","","","","","ManualTask"
"Wear a ~|witchwood icon|~","Slayer","","","","","ManualTask"
"Wear ~|boots of stone|~","Slayer","","","","","ManualTask"
"Wear ~|insulated boots|~","Slayer","","","","","ManualTask"
"Wear ~|slayer gloves|~","Slayer","","","","","ManualTask"
"Wield an ~|unlit bug lantern|~","Slayer","","","","","ManualTask"
"Forge a bronze ~|preform|~ in the Giants' Foundry","Smithing","","","","","ManualTask"
"Forge an iron ~|preform|~ in the Giants' Foundry","Smithing","","","","","ManualTask"
"Forge a steel ~|preform|~ in the Giants' Foundry","Smithing","","","","","ManualTask"
"Forge a mithril ~|preform|~ in the Giants' Foundry","Smithing","","","","","ManualTask"
"Forge an adamant ~|preform|~ in the Giants' Foundry","Smithing","","","","","ManualTask"
"Forge a rune ~|preform|~ in the Giants' Foundry","Smithing","","","","","ManualTask"
"Forge a ~|chromium ingot|~","Smithing","","","","","ManualTask"
"Repair a ~|zombie axe|~","Smithing","","","","","ManualTask"
"Repair a ~|zombie helmet|~","Smithing","","","","","ManualTask"
"Make ~|Emberlight|~","Smithing","","","","","ManualTask"
"Make a ~|bone mace|~","Smithing","","","","","ManualTask"
"Make a ~|bronze felling axe|~","Smithing","","","","","ManualTask"
"Make a ~|bronze felling axe|~ (alt)","Smithing","","","","","ManualTask"
"Make an ~|iron felling axe|~","Smithing","","","","","ManualTask"
"Make an ~|iron felling axe|~ (alt)","Smithing","","","","","ManualTask"
"Make a ~|steel felling axe|~","Smithing","","","","","ManualTask"
"Make a ~|steel felling axe|~ (alt)","Smithing","","","","","ManualTask"
"Make a ~|black felling axe|~","Smithing","","","","","ManualTask"
"Make a ~|black felling axe|~ (alt)","Smithing","","","","","ManualTask"
"Make a ~|mithril felling axe|~","Smithing","","","","","ManualTask"
"Make a ~|mithril felling axe|~ (alt)","Smithing","","","","","ManualTask"
"Make an ~|adamant felling axe|~","Smithing","","","","","ManualTask"
"Make an ~|adamant felling axe|~ (alt)","Smithing","","","","","ManualTask"
"Make a ~|rune felling axe|~","Smithing","","","","","ManualTask"
"Make a ~|rune felling axe|~ (alt)","Smithing","","","","","ManualTask"
"Make a ~|dragon felling axe|~","Smithing","","","","","ManualTask"
"Make a ~|dragon felling axe|~ (alt)","Smithing","","","","","ManualTask"
"Make a ~|crystal felling axe|~","Smithing","","","","","ManualTask"
"Make a ~|crystal felling axe|~ (alt)","Smithing","","","","","ManualTask"
"Make a ~|sturdy harness|~","Smithing","","","","","ManualTask"
"Create an ~|ursine chainmace|~","Smithing","","","","","ManualTask"
"Use the Choppa! ~|preform mould|~","Smithing","","","","","ManualTask"
"Use the Chopper Forte +1 ~|preform mould|~","Smithing","","","","","ManualTask"
"Use the Claymore Blade ~|preform mould|~","Smithing","","","","","ManualTask"
"Use the Corrupted Point ~|preform mould|~","Smithing","","","","","ManualTask"
"Use the Defender Base ~|preform mould|~","Smithing","","","","","ManualTask"
"Use the Defenders Tip ~|preform mould|~","Smithing","","","","","ManualTask"
"Use the Flamberge Blade ~|preform mould|~","Smithing","","","","","ManualTask"
"Use the Fleur de Blade ~|preform mould|~","Smithing","","","","","ManualTask"
"Use the Juggernaut Forte ~|preform mould|~","Smithing","","","","","ManualTask"
"Use the Needle Point ~|preform mould|~","Smithing","","","","","ManualTask"
"Use the Serpent Blade ~|preform mould|~","Smithing","","","","","ManualTask"
"Use the Serrated Tip ~|preform mould|~","Smithing","","","","","ManualTask"
"Use the Spiker! ~|preform mould|~","Smithing","","","","","ManualTask"
"Use the Stiletto Forte ~|preform mould|~","Smithing","","","","","ManualTask"
"Use the The Point! ~|preform mould|~","Smithing","","","","","ManualTask"
"Complete ~|Keldagrim tasks|~ for Smithing xp","Smithing","","","","","ManualTask"
"Smelt an ~|infernal plate|~","Smithing","","","","","ManualTask"
"Smith an ~|oathplate helm|~","Smithing","","","","","ManualTask"
"Smith an ~|oathplate chest|~","Smithing","","","","","ManualTask"
"Smith ~|oathplate legs|~","Smithing","","","","","ManualTask"
"Repair a ~|torva full helm|~","Smithing","","","","","ManualTask"
"Repair a ~|torva platebody|~","Smithing","","","","","ManualTask"
"Repair ~|torva platelegs|~","Smithing","","","","","ManualTask"
"Buy the ~|Smithing cape|~","Smithing","","","","","ManualTask"
"Smith ~|blurite bolts (unf)|~","Smithing","","","","","ManualTask"
"Smith ~|blurite limbs|~","Smithing","","","","","ManualTask"
"Smith a ~|bronze dagger|~","Smithing","","","","","ManualTask"
"Smith a ~|bronze axe|~","Smithing","","","","","ManualTask"
"Smith a ~|bronze mace|~","Smithing","","","","","ManualTask"
"Smith a ~|bronze med helm|~","Smithing","","","","","ManualTask"
"Smith ~|bronze bolts (unf)|~","Smithing","","","","","ManualTask"
"Smith a ~|bronze sword|~","Smithing","","","","","ManualTask"
"Smith a ~|bronze dart tip|~","Smithing","","","","","ManualTask"
"Smith a ~|bronze wire|~","Smithing","","","","","ManualTask"
"Smith ~|bronze nails|~","Smithing","","","","","ManualTask"
"Smith a ~|bronze scimitar|~","Smithing","","","","","ManualTask"
"Smith a ~|bronze spear|~","Smithing","","","","","ManualTask"
"Smith a ~|bronze hasta|~","Smithing","","","","","ManualTask"
"Smith ~|bronze arrowtips|~","Smithing","","","","","ManualTask"
"Smith ~|bronze limbs|~","Smithing","","","","","ManualTask"
"Smith a ~|bronze longsword|~","Smithing","","","","","ManualTask"
"Smith ~|bronze javelin heads|~","Smithing","","","","","ManualTask"
"Smith a ~|bronze full helm|~","Smithing","","","","","ManualTask"
"Smith a ~|bronze knife|~","Smithing","","","","","ManualTask"
"Smith a ~|bronze sq shield|~","Smithing","","","","","ManualTask"
"Smith a ~|bronze warhammer|~","Smithing","","","","","ManualTask"
"Smith a ~|bronze battleaxe|~","Smithing","","","","","ManualTask"
"Smith a ~|bronze chainbody|~","Smithing","","","","","ManualTask"
"Smith a ~|bronze kiteshield|~","Smithing","","","","","ManualTask"
"Smith ~|bronze claws|~","Smithing","","","","","ManualTask"
"Smith a ~|bronze 2h sword|~","Smithing","","","","","ManualTask"
"Smith a ~|bronze platelegs|~","Smithing","","","","","ManualTask"
"Smith a ~|bronze plateskirt|~","Smithing","","","","","ManualTask"
"Smith a ~|bronze platebody|~","Smithing","","","","","ManualTask"
"Smith an ~|iron dagger|~","Smithing","","","","","ManualTask"
"Smith an ~|iron axe|~","Smithing","","","","","ManualTask"
"Smith an ~|iron mace|~","Smithing","","","","","ManualTask"
"Smith an ~|iron spit|~","Smithing","","","","","ManualTask"
"Smith an ~|iron med helm|~","Smithing","","","","","ManualTask"
"Smith ~|iron bolts (unf)|~","Smithing","","","","","ManualTask"
"Smith an ~|iron sword|~","Smithing","","","","","ManualTask"
"Smith an ~|iron dart tip|~","Smithing","","","","","ManualTask"
"Smith ~|iron nails|~","Smithing","","","","","ManualTask"
"Smith an ~|iron scimitar|~","Smithing","","","","","ManualTask"
"Smith an ~|iron spear|~","Smithing","","","","","ManualTask"
"Smith an ~|iron hasta|~","Smithing","","","","","ManualTask"
"Smith ~|iron arrowtips|~","Smithing","","","","","ManualTask"
"Smith ~|iron limbs|~","Smithing","","","","","ManualTask"
"Smith an ~|iron longsword|~","Smithing","","","","","ManualTask"
"Smith ~|iron javelin heads|~","Smithing","","","","","ManualTask"
"Smith an ~|iron full helm|~","Smithing","","","","","ManualTask"
"Smith an ~|iron knife|~","Smithing","","","","","ManualTask"
"Smith an ~|iron sq shield|~","Smithing","","","","","ManualTask"
"Smith an ~|iron warhammer|~","Smithing","","","","","ManualTask"
"Smith an ~|iron battleaxe|~","Smithing","","","","","ManualTask"
"Smith an ~|iron chainbody|~","Smithing","","","","","ManualTask"
"Smith an ~|oil lantern frame|~","Smithing","","","","","ManualTask"
"Smith an ~|iron kiteshield|~","Smithing","","","","","ManualTask"
"Smith ~|iron claws|~","Smithing","","","","","ManualTask"
"Smith an ~|iron 2h sword|~","Smithing","","","","","ManualTask"
"Smith an ~|iron platelegs|~","Smithing","","","","","ManualTask"
"Smith an ~|iron plateskirt|~","Smithing","","","","","ManualTask"
"Smith an ~|iron platebody|~","Smithing","","","","","ManualTask"
"Smith a ~|steel dagger|~","Smithing","","","","","ManualTask"
"Smith a ~|steel axe|~","Smithing","","","","","ManualTask"
"Smith a ~|steel mace|~","Smithing","","","","","ManualTask"
"Smith a ~|steel med helm|~","Smithing","","","","","ManualTask"
"Smith ~|steel bolts (unf)|~","Smithing","","","","","ManualTask"
"Smith a ~|steel sword|~","Smithing","","","","","ManualTask"
"Smith a ~|steel dart tip|~","Smithing","","","","","ManualTask"
"Smith ~|steel nails|~","Smithing","","","","","ManualTask"
"Smith a ~|steel scimitar|~","Smithing","","","","","ManualTask"
"Smith a ~|steel spear|~","Smithing","","","","","ManualTask"
"Smith a ~|steel hasta|~","Smithing","","","","","ManualTask"
"Smith ~|steel arrowtips|~","Smithing","","","","","ManualTask"
"Smith ~|steel limbs|~","Smithing","","","","","ManualTask"
"Smith a ~|steel longsword|~","Smithing","","","","","ManualTask"
"Smith ~|steel javelin heads|~","Smithing","","","","","ManualTask"
"Smith ~|steel studs|~","Smithing","","","","","ManualTask"
"Smith a ~|steel full helm|~","Smithing","","","","","ManualTask"
"Smith a ~|steel knife|~","Smithing","","","","","ManualTask"
"Smith a ~|steel sq shield|~","Smithing","","","","","ManualTask"
"Smith a ~|steel warhammer|~","Smithing","","","","","ManualTask"
"Smith a ~|steel battleaxe|~","Smithing","","","","","ManualTask"
"Smith a ~|steel chainbody|~","Smithing","","","","","ManualTask"
"Smith a ~|steel kiteshield|~","Smithing","","","","","ManualTask"
"Smith ~|steel claws|~","Smithing","","","","","ManualTask"
"Smith a ~|steel 2h sword|~","Smithing","","","","","ManualTask"
"Smith a ~|steel platelegs|~","Smithing","","","","","ManualTask"
"Smith a ~|steel plateskirt|~","Smithing","","","","","ManualTask"
"Smith a ~|steel platebody|~","Smithing","","","","","ManualTask"
"Smith a ~|bullseye lantern (unf)|~","Smithing","","","","","ManualTask"
"Smith a ~|mithril dagger|~","Smithing","","","","","ManualTask"
"Smith a ~|mithril axe|~","Smithing","","","","","ManualTask"
"Smith a ~|mithril mace|~","Smithing","","","","","ManualTask"
"Smith a ~|mithril med helm|~","Smithing","","","","","ManualTask"
"Smith ~|mithril bolts (unf)|~","Smithing","","","","","ManualTask"
"Smith a ~|mithril sword|~","Smithing","","","","","ManualTask"
"Smith a ~|mithril dart tip|~","Smithing","","","","","ManualTask"
"Smith ~|mithril nails|~","Smithing","","","","","ManualTask"
"Smith a ~|mithril scimitar|~","Smithing","","","","","ManualTask"
"Smith a ~|mithril spear|~","Smithing","","","","","ManualTask"
"Smith a ~|mithril hasta|~","Smithing","","","","","ManualTask"
"Smith ~|mithril arrowtips|~","Smithing","","","","","ManualTask"
"Smith ~|mithril limbs|~","Smithing","","","","","ManualTask"
"Smith a ~|mithril longsword|~","Smithing","","","","","ManualTask"
"Smith ~|mithril javelin heads|~","Smithing","","","","","ManualTask"
"Smith a ~|mithril full helm|~","Smithing","","","","","ManualTask"
"Smith a ~|mithril knife|~","Smithing","","","","","ManualTask"
"Smith a ~|mithril sq shield|~","Smithing","","","","","ManualTask"
"Smith a ~|mithril warhammer|~","Smithing","","","","","ManualTask"
"Smith a ~|mith grapple tip|~","Smithing","","","","","ManualTask"
"Smith a ~|mithril battleaxe|~","Smithing","","","","","ManualTask"
"Smith a ~|mithril chainbody|~","Smithing","","","","","ManualTask"
"Smith a ~|mithril kiteshield|~","Smithing","","","","","ManualTask"
"Smith ~|mithril claws|~","Smithing","","","","","ManualTask"
"Smith a ~|mithril 2h sword|~","Smithing","","","","","ManualTask"
"Smith a ~|mithril platelegs|~","Smithing","","","","","ManualTask"
"Smith a ~|mithril plateskirt|~","Smithing","","","","","ManualTask"
"Smith a ~|mithril platebody|~","Smithing","","","","","ManualTask"
"Smith an ~|adamant dagger|~","Smithing","","","","","ManualTask"
"Smith an ~|adamant axe|~","Smithing","","","","","ManualTask"
"Smith an ~|adamant mace|~","Smithing","","","","","ManualTask"
"Smith an ~|adamant med helm|~","Smithing","","","","","ManualTask"
"Smith ~|adamant bolts (unf)|~","Smithing","","","","","ManualTask"
"Smith an ~|adamant sword|~","Smithing","","","","","ManualTask"
"Smith an ~|adamant dart tip|~","Smithing","","","","","ManualTask"
"Smith ~|adamantite nails|~","Smithing","","","","","ManualTask"
"Smith an ~|adamant scimitar|~","Smithing","","","","","ManualTask"
"Smith an ~|adamant spear|~","Smithing","","","","","ManualTask"
"Smith an ~|adamant hasta|~","Smithing","","","","","ManualTask"
"Smith ~|adamant arrowtips|~","Smithing","","","","","ManualTask"
"Smith ~|adamant limbs|~","Smithing","","","","","ManualTask"
"Smith an ~|adamant longsword|~","Smithing","","","","","ManualTask"
"Smith ~|adamant javelin heads|~","Smithing","","","","","ManualTask"
"Smith an ~|adamant full helm|~","Smithing","","","","","ManualTask"
"Smith an ~|adamant knife|~","Smithing","","","","","ManualTask"
"Smith an ~|adamant sq shield|~","Smithing","","","","","ManualTask"
"Smith an ~|adamant warhammer|~","Smithing","","","","","ManualTask"
"Smith an ~|adamant battleaxe|~","Smithing","","","","","ManualTask"
"Smith an ~|adamant chainbody|~","Smithing","","","","","ManualTask"
"Smith an ~|adamant kiteshield|~","Smithing","","","","","ManualTask"
"Smith ~|adamant claws|~","Smithing","","","","","ManualTask"
"Smith an ~|adamant 2h sword|~","Smithing","","","","","ManualTask"
"Smith an ~|adamant platelegs|~","Smithing","","","","","ManualTask"
"Smith an ~|adamant plateskirt|~","Smithing","","","","","ManualTask"
"Smith an ~|adamant platebody|~","Smithing","","","","","ManualTask"
"Smith a ~|rune dagger|~","Smithing","","","","","ManualTask"
"Smith a ~|rune axe|~","Smithing","","","","","ManualTask"
"Smith a ~|rune mace|~","Smithing","","","","","ManualTask"
"Smith a ~|rune med helm|~","Smithing","","","","","ManualTask"
"Smith ~|runite bolts (unf)|~","Smithing","","","","","ManualTask"
"Smith a ~|rune sword|~","Smithing","","","","","ManualTask"
"Smith a ~|rune dart tip|~","Smithing","","","","","ManualTask"
"Smith ~|rune nails|~","Smithing","","","","","ManualTask"
"Smith a ~|rune scimitar|~","Smithing","","","","","ManualTask"
"Smith a ~|rune spear|~","Smithing","","","","","ManualTask"
"Smith a ~|rune hasta|~","Smithing","","","","","ManualTask"
"Smith ~|rune arrowtips|~","Smithing","","","","","ManualTask"
"Smith ~|rune limbs|~","Smithing","","","","","ManualTask"
"Smith a ~|rune longsword|~","Smithing","","","","","ManualTask"
"Smith ~|rune javelin heads|~","Smithing","","","","","ManualTask"
"Smith a ~|rune full helm|~","Smithing","","","","","ManualTask"
"Smith a ~|rune knife|~","Smithing","","","","","ManualTask"
"Smith a ~|rune sq shield|~","Smithing","","","","","ManualTask"
"Smith a ~|rune warhammer|~","Smithing","","","","","ManualTask"
"Smith a ~|rune battleaxe|~","Smithing","","","","","ManualTask"
"Smith a ~|rune chainbody|~","Smithing","","","","","ManualTask"
"Smith a ~|rune kiteshield|~","Smithing","","","","","ManualTask"
"Smith ~|rune claws|~","Smithing","","","","","ManualTask"
"Smith a ~|rune 2h sword|~","Smithing","","","","","ManualTask"
"Smith a ~|rune platelegs|~","Smithing","","","","","ManualTask"
"Smith a ~|rune plateskirt|~","Smithing","","","","","ManualTask"
"Smith a ~|rune platebody|~","Smithing","","","","","ManualTask"
"Smith a ~|gold helmet|~","Smithing","","","","","ManualTask"
"Smith a ~|gold bowl|~","Smithing","","","","","ManualTask"
"Smith an ~|elemental helmet|~","Smithing","","","","","ManualTask"
"Smith an ~|elemental shield|~","Smithing","","","","","ManualTask"
"Smith a ~|mind helmet|~","Smithing","","","","","ManualTask"
"Smith a ~|mind shield|~","Smithing","","","","","ManualTask"
"Smith ~|shayzien boots (1)|~","Smithing","","","","","ManualTask"
"Smith ~|shayzien boots (2)|~","Smithing","","","","","ManualTask"
"Smith ~|shayzien boots (3)|~","Smithing","","","","","ManualTask"
"Smith ~|shayzien boots (4)|~","Smithing","","","","","ManualTask"
"Smith ~|shayzien boots (5)|~","Smithing","","","","","ManualTask"
"Smith ~|shayzien gloves (1)|~","Smithing","","","","","ManualTask"
"Smith ~|shayzien gloves (2)|~","Smithing","","","","","ManualTask"
"Smith ~|shayzien gloves (3)|~","Smithing","","","","","ManualTask"
"Smith ~|shayzien gloves (4)|~","Smithing","","","","","ManualTask"
"Smith ~|shayzien gloves (5)|~","Smithing","","","","","ManualTask"
"Smith ~|shayzien greaves (1)|~","Smithing","","","","","ManualTask"
"Smith ~|shayzien greaves (2)|~","Smithing","","","","","ManualTask"
"Smith ~|shayzien greaves (3)|~","Smithing","","","","","ManualTask"
"Smith ~|shayzien greaves (4)|~","Smithing","","","","","ManualTask"
"Smith ~|shayzien greaves (5)|~","Smithing","","","","","ManualTask"
"Smith a ~|shayzien helm (1)|~","Smithing","","","","","ManualTask"
"Smith a ~|shayzien helm (2)|~","Smithing","","","","","ManualTask"
"Smith a ~|shayzien helm (3)|~","Smithing","","","","","ManualTask"
"Smith a ~|shayzien helm (4)|~","Smithing","","","","","ManualTask"
"Smith a ~|shayzien helm (5)|~","Smithing","","","","","ManualTask"
"Smith a ~|shayzien platebody (1)|~","Smithing","","","","","ManualTask"
"Smith a ~|shayzien platebody (2)|~","Smithing","","","","","ManualTask"
"Smith a ~|shayzien platebody (3)|~","Smithing","","","","","ManualTask"
"Smith a ~|shayzien platebody (4)|~","Smithing","","","","","ManualTask"
"Smith a ~|shayzien body (5)|~","Smithing","","","","","ManualTask"
"Smash open a ~|calcified deposit|~","Smithing","","","","","ManualTask"
"Smash open a ~|barronite deposit|~","Smithing","","","","","ManualTask"
"Smelt a ~|blurite bar|~","Smithing","","","","","ManualTask"
"Smelt a ~|bronze bar|~","Smithing","","","","","ManualTask"
"Smelt a ~|gold bar|~","Smithing","","","","","ManualTask"
"Smelt a ~|lovakite bar|~","Smithing","","","","","ManualTask"
"Smelt a ~|mithril bar|~","Smithing","","","","","ManualTask"
"Smelt a ~|runite bar|~","Smithing","","","","","ManualTask"
"Smelt a ~|silver bar|~","Smithing","","","","","ManualTask"
"Smelt a ~|steel bar|~","Smithing","","","","","ManualTask"
"Smelt an ~|adamantite bar|~","Smithing","","","","","ManualTask"
"Smelt an ~|elemental metal|~","Smithing","","","","","ManualTask"
"Smelt an ~|iron bar|~","Smithing","","","","","ManualTask"
"Smith a ~|dragon kiteshield|~","Smithing","","","","","ManualTask"
"Smith a ~|dragon platebody|~","Smithing","","","","","ManualTask"
"Smith a ~|dragon sq shield|~","Smithing","","","","","ManualTask"
"Smith a ~|dragonfire shield|~","Smithing","","","","","ManualTask"
"Smith a ~|dragonfire ward|~","Smithing","","","","","ManualTask"
"Smith a ~|godsword blade|~","Smithing","","","","","ManualTask"
"Smith a ~|cannonball|~","Smithing","","","","","ManualTask"
"Repair a broken ~|strut|~ in the Motherlode Mine","Smithing","","","","","ManualTask"
"Participate in ~|Trouble Brewing|~ for Strength xp","Strength","","","","","ManualTask"
"Operate the pump at the ~|Blast Furnace|~","Strength","","","","","ManualTask"
"Access the big door to ~|Bandos' Stronghold|~","Strength","","","","","ManualTask"
"Access the boulder lift to God Wars Dungeon surface access ~|shortcut|~","Strength","","","","","ManualTask"
"Access the boulder lift to Wilderness God Wars Dungeon ~|shortcut|~","Strength","","","","","ManualTask"
"Push the boulder inside the ~|Desert eagle|~ lair","Strength","","","","","ManualTask"
"Buy the ~|Strength cape|~","Strength","","","","","ManualTask"
"Push the ~|boulder (Mac)|~","Strength","","","","","ManualTask"
"Wield a ~|statius's warhammer (bh)|~","Strength","","","","","ManualTask"
"Wield a ~|Tzhaar-ket-om|~","Strength","","","","","ManualTask"
"Wield a ~|black warhammer|~","Strength","","","","","ManualTask"
"Wield a ~|bronze warhammer|~","Strength","","","","","ManualTask"
"Wield a ~|dragon warhammer|~","Strength","","","","","ManualTask"
"Wield a ~|mithril warhammer|~","Strength","","","","","ManualTask"
"Wield a ~|rune warhammer|~","Strength","","","","","ManualTask"
"Wield a ~|steel warhammer|~","Strength","","","","","ManualTask"
"Wield a ~|white warhammer|~","Strength","","","","","ManualTask"
"Wield an ~|adamant warhammer|~","Strength","","","","","ManualTask"
"Wield an ~|iron warhammer|~","Strength","","","","","ManualTask"
"Pull a bronze pickaxe from the rocks at the ~|Ruins of Unkah|~","Strength","","","","","ManualTask"
"Access the eighth room of ~|Pyramid Plunder|~","Thieving","","","","","ManualTask"
"Access the fifth room of ~|Pyramid Plunder|~","Thieving","","","","","ManualTask"
"Access the first room of ~|Pyramid Plunder|~","Thieving","","","","","ManualTask"
"Access the fourth room of ~|Pyramid Plunder|~","Thieving","","","","","ManualTask"
"Access the second room of ~|Pyramid Plunder|~","Thieving","","","","","ManualTask"
"Access the seventh room of ~|Pyramid Plunder|~","Thieving","","","","","ManualTask"
"Access the shortcut in the ~|Rogues' Den|~ maze","Thieving","","","","","ManualTask"
"Access the sixth room of ~|Pyramid Plunder|~","Thieving","","","","","ManualTask"
"Access the third room of ~|Pyramid Plunder|~","Thieving","","","","","ManualTask"
"Participate in ~|Underwater Agility and Thieving|~ for Thieving xp","Thieving","","","","","ManualTask"
"Gain xp in the Pheasant ~|Forestry|~ event","Thieving","","","","","ManualTask"
"Climb the ~|crumbling wall (Grim Tales)|~ north of Falador","Thieving","","","","","ManualTask"
"Access the autumn room of the ~|Sorceress's Garden|~ minigame","Thieving","","","","","ManualTask"
"Access the spring room of the ~|Sorceress's Garden|~ minigame","Thieving","","","","","ManualTask"
"Access the summer room of the ~|Sorceress's Garden|~ minigame","Thieving","","","","","ManualTask"
"Access the winter room of the ~|Sorceress's Garden|~ minigame","Thieving","","","","","ManualTask"
"Buy the ~|Thieving cape|~","Thieving","","","","","ManualTask"
"Crack a ~|wall safe (lobby)|~ inside the Rogues' Den","Thieving","","","","","ManualTask"
"Loot a ~|stone chest|~","Thieving","","","","","ManualTask"
"Loot a ~|chest (Aldarin Villas)|~","Thieving","","","","","ManualTask"
"Loot a ~|chest (10 coins)|~","Thieving","","","","","ManualTask"
"Loot a ~|chest (10 coins)|~ within the Rogues' Den","Thieving","","","","","ManualTask"
"Loot a ~|chest (10 coins)|~ within the Pirates' Hideout","Thieving","","","","","ManualTask"
"Loot a ~|chest (50 coins)|~","Thieving","","","","","ManualTask"
"Loot a ~|chest (50 coins)|~ within the Pirates' Hideout","Thieving","","","","","ManualTask"
"Loot a ~|chest (Ardougne Castle)|~","Thieving","","","","","ManualTask"
"Loot a ~|chest (Chaos Druid Tower)|~","Thieving","","","","","ManualTask"
"Loot a ~|chest (Dorgesh-Kaan Average)|~","Thieving","","","","","ManualTask"
"Loot a ~|chest (Dorgesh-Kaan Rich)|~","Thieving","","","","","ManualTask"
"Loot a ~|chest (Isle of Souls Dungeon)|~","Thieving","","","","","ManualTask"
"Loot a ~|chest (Rogues' Castle)|~","Thieving","","","","","ManualTask"
"Loot a ~|chest (Rogues' Castle, inside)|~","Thieving","","","","","ManualTask"
"Loot a ~|chest (nature runes)|~","Thieving","","","","","ManualTask"
"Loot a ~|chest (nature runes)|~ within the Pirates' Hideout","Thieving","","","","","ManualTask"
"Loot a ~|chest (steel arrowtips)|~","Thieving","","","","","ManualTask"
"Loot an ~|ogre coffin|~ after picking the lock","Thieving","","","","","ManualTask"
"Loot ~|cavern grubs|~ in the Chambers of Xeric","Thieving","","","","","ManualTask"
"Pickpocket ~|Movario|~","Thieving","","","","","ManualTask"
"Pickpocket a ~|Fremennik citizen|~","Thieving","","","","","ManualTask"
"Pickpocket a ~|Guard (H.A.M. storeroom)|~","Thieving","","","","","ManualTask"
"Pickpocket a ~|H.A.M. Member|~","Thieving","","","","","ManualTask"
"Pickpocket a ~|Menaphite Thug|~","Thieving","","","","","ManualTask"
"Pickpocket a ~|villager|~","Thieving","","","","","ManualTask"
"Pickpocket a ~|TzHaar-Hur|~","Thieving","","","","","ManualTask"
"Pickpocket a ~|bandit (Bandit Camp)|~","Thieving","","","","","ManualTask"
"Pickpocket a ~|bandit (Pollnivneach)#Bearded|~","Thieving","","","","","ManualTask"
"Pickpocket a ~|bandit (Pollnivneach)#No beard|~","Thieving","","","","","ManualTask"
"Pickpocket a ~|cave goblin|~","Thieving","","","","","ManualTask"
"Pickpocket a ~|farmer|~","Thieving","","","","","ManualTask"
"Pickpocket a ~|wealthy citizen|~","Thieving","","","","","ManualTask"
"Participate in ~|Varlamore thieving|~","Thieving","","","","","ManualTask"
"Pickpocket a ~|gnome|~","Thieving","","","","","ManualTask"
"Pickpocket a ~|guard|~","Thieving","","","","","ManualTask"
"Pickpocket a ~|hero|~","Thieving","","","","","ManualTask"
"Pickpocket a ~|knight|~","Thieving","","","","","ManualTask"
"Pickpocket ~|'Black-eye'|~","Thieving","","","","","ManualTask"
"Pickpocket ~|'Gummy'|~","Thieving","","","","","ManualTask"
"Pickpocket ~|'The Guns'|~","Thieving","","","","","ManualTask"
"Pickpocket ~|'No fingers'|~","Thieving","","","","","ManualTask"
"Pickpocket a ~|citizen|~","Thieving","","","","","ManualTask"
"Pickpocket a ~|master farmer|~","Thieving","","","","","ManualTask"
"Pickpocket ~|Martin the Master Gardener|~","Thieving","","","","","ManualTask"
"Pickpocket a ~|paladin|~","Thieving","","","","","ManualTask"
"Pickpocket a ~|rogue|~","Thieving","","","","","ManualTask"
"Pickpocket a ~|vyre|~","Thieving","","","","","ManualTask"
"Pickpocket a ~|warrior (Thieving)|~","Thieving","","","","","ManualTask"
"Pickpocket a ~|watchman|~","Thieving","","","","","ManualTask"
"Pickpocket an ~|Al-Kharid warrior|~","Thieving","","","","","ManualTask"
"Pickpocket a ~|digsite workman|~","Thieving","","","","","ManualTask"
"Pickpocket a LLetya ~|elf|~","Thieving","","","","","ManualTask"
"Pickpocket a Prifddinas ~|elf|~","Thieving","","","","","ManualTask"
"Steal a ~|cave goblin wire|~","Thieving","","","","","ManualTask"
"Steal ~|cowbells|~","Thieving","","","","","ManualTask"
"Steal an ~|autumn sq'irk|~ from the Sorceress's Garden minigame","Thieving","","","","","ManualTask"
"Turn-in ~|autumn sq'irkjuice|~ to Osman","Thieving","","","","","ManualTask"
"Steal a ~|spring sq'irk|~ from the Sorceress's Garden minigame","Thieving","","","","","ManualTask"
"Turn-in ~|spring sq'irkjuice|~ to Osman","Thieving","","","","","ManualTask"
"Steal a ~|summer sq'irk|~ from the Sorceress's Garden minigame","Thieving","","","","","ManualTask"
"Turn-in ~|summer sq'irkjuice|~ to Osman","Thieving","","","","","ManualTask"
"Steal a ~|winter sq'irk|~ from the Sorceress's Garden minigame","Thieving","","","","","ManualTask"
"Turn-in ~|winter sq'irkjuice|~ to Osman","Thieving","","","","","ManualTask"
"Steal artefacts for ~|Captain Khaled|~","Thieving","","","","","ManualTask"
"Steal from a ~|Shop Counter (gems)|~","Thieving","","","","","ManualTask"
"Steal from a ~|Shop Counter (ore)|~","Thieving","","","","","ManualTask"
"Steal from a ~|bakery stall|~","Thieving","","","","","ManualTask"
"Steal from a ~|coffin (Hallowed Sepulchre)|~","Thieving","","","","","ManualTask"
"Steal from a ~|counter (Gu'Tanoth)|~","Thieving","","","","","ManualTask"
"Steal from a ~|crafting stall|~","Thieving","","","","","ManualTask"
"Steal from a ~|crossbow stall|~","Thieving","","","","","ManualTask"
"Steal from a ~|fish stall|~","Thieving","","","","","ManualTask"
"Steal from a ~|fruit stall|~","Thieving","","","","","ManualTask"
"Steal from a ~|fur stall|~","Thieving","","","","","ManualTask"
"Steal from a ~|gem stall|~","Thieving","","","","","ManualTask"
"Steal from a ~|magic stall|~","Thieving","","","","","ManualTask"
"Steal from a ~|monkey food stall|~","Thieving","","","","","ManualTask"
"Steal from a ~|monkey general stall|~","Thieving","","","","","ManualTask"
"Steal from a ~|scimitar stall|~","Thieving","","","","","ManualTask"
"Steal from a ~|seed stall|~","Thieving","","","","","ManualTask"
"Steal from a ~|silk stall|~","Thieving","","","","","ManualTask"
"Steal from a ~|silver stall|~","Thieving","","","","","ManualTask"
"Steal from a ~|silver stall#Keldagrim|~","Thieving","","","","","ManualTask"
"Steal from a ~|spice stall|~","Thieving","","","","","ManualTask"
"Steal from a ~|tea stall|~","Thieving","","","","","ManualTask"
"Steal from a ~|vegetable stall|~","Thieving","","","","","ManualTask"
"Steal from a ~|wine stall|~","Thieving","","","","","ManualTask"
"Steal ~|candles|~ in Entrana's church","Thieving","","","","","ManualTask"
"Unlock the east ~|chest (10 coins)|~ door","Thieving","","","","","ManualTask"
"Unlock the ~|door (Ross' House)|~","Thieving","","","","","ManualTask"
"Unlock the ~|gate (Ardougne Sewers)|~","Thieving","","","","","ManualTask"
"Unlock the ~|trapdoor (H.A.M. Hideout)|~","Thieving","","","","","ManualTask"
"Unlock the ~|door (H.A.M. Hideout Jail)|~","Thieving","","","","","ManualTask"
"Unlock the ~|door (Yanille Dungeon)|~","Thieving","","","","","ManualTask"
"Unlock the ~|door (Magic axe hut)|~","Thieving","","","","","ManualTask"
"Unlock the ~|door (Chaos Druid Tower)|~","Thieving","","","","","ManualTask"
"Unlock the ~|chest (nature runes)|~ door","Thieving","","","","","ManualTask"
"Unlock the ~|Grubby Door|~","Thieving","","","","","ManualTask"
"Unlock the ~|paladin|~ door","Thieving","","","","","ManualTask"
"Unlock the ~|door (Pirates' Hideout)|~","Thieving","","","","","ManualTask"
"Access the ~|Woodcutting Guild|~","Woodcutting","","","","","ManualTask"
"Chop demon tears from ~|infected root|~","Woodcutting","","","","","ManualTask"
"Participate in ~|Trouble Brewing|~ for Woodcutting xp","Woodcutting","","","","","ManualTask"
"Obtain ~|mahogany logs|~ from a supply crate","Woodcutting","","","","","ManualTask"
"Obtain ~|yew logs|~ from a supply crate","Woodcutting","","","","","ManualTask"
"Obtain ~|magic logs|~ from a supply crate","Woodcutting","","","","","ManualTask"
"Cut logs from an ~|ent|~","Woodcutting","","","","","ManualTask"
"Cut oak logs from an ~|ent|~","Woodcutting","","","","","ManualTask"
"Cut willow logs from an ~|ent|~","Woodcutting","","","","","ManualTask"
"Cut maple logs from an ~|ent|~","Woodcutting","","","","","ManualTask"
"Cut yew logs from an ~|ent|~","Woodcutting","","","","","ManualTask"
"Cut magic logs from an ~|ent|~","Woodcutting","","","","","ManualTask"
"Participate in the Bee Hive ~|Forestry|~ event","Woodcutting","","","","","ManualTask"
"Participate in the Poacher ~|Forestry|~ event","Woodcutting","","","","","ManualTask"
"Participate in the Ritual ~|Forestry|~ event","Woodcutting","","","","","ManualTask"
"Participate in the Pheasant ~|Forestry|~ event","Woodcutting","","","","","ManualTask"
"Buy the ~|Woodcutting cape|~","Woodcutting","","","","","ManualTask"
"Slice open a ~|Kharidian cactus (healthy)|~","Woodcutting","","","","","ManualTask"
"Chop the entrance vines in the ~|Brimhaven Dungeon|~","Woodcutting","","","","","ManualTask"
"Chop the vines by the moss giants in the ~|Brimhaven Dungeon|~","Woodcutting","","","","","ManualTask"
"Chop the vines by the red dragons in the ~|Brimhaven Dungeon|~","Woodcutting","","","","","ManualTask"
"Chop the vines by the black demons in the ~|Brimhaven Dungeon|~","Woodcutting","","","","","ManualTask"
"Chop the ~|evergreen tree (Mac)|~","Woodcutting","","","","","ManualTask"
"Carve a ~log |canoe|~","Woodcutting","","","","","ManualTask"
"Carve a ~stable dugout |canoe|~","Woodcutting","","","","","ManualTask"
"Carve a ~stable |canoe|~","Woodcutting","","","","","ManualTask"
"Carve a ~waka |canoe|~","Woodcutting","","","","","ManualTask"
"Chop from a ~|Sulliuscep|~","Woodcutting","","","","","ManualTask"
"Chop with a ~|black axe|~","Woodcutting","","","","","ManualTask"
"Chop with a ~|black felling axe|~","Woodcutting","","","","","ManualTask"
"Chop with a ~|bronze axe|~","Woodcutting","","","","","ManualTask"
"Chop with a ~|bronze felling axe|~","Woodcutting","","","","","ManualTask"
"Chop with a ~|crystal axe|~","Woodcutting","","","","","ManualTask"
"Chop with a ~|crystal felling axe|~","Woodcutting","","","","","ManualTask"
"Chop with a ~|dragon axe|~","Woodcutting","","","","","ManualTask"
"Chop with a ~|dragon felling axe|~","Woodcutting","","","","","ManualTask"
"Chop with a ~|mithril axe|~","Woodcutting","","","","","ManualTask"
"Chop with a ~|mithril felling axe|~","Woodcutting","","","","","ManualTask"
"Chop with a ~|rune axe|~","Woodcutting","","","","","ManualTask"
"Chop with a ~|rune felling axe|~","Woodcutting","","","","","ManualTask"
"Chop with a ~|steel axe|~","Woodcutting","","","","","ManualTask"
"Chop with a ~|steel felling axe|~","Woodcutting","","","","","ManualTask"
"Chop with an ~|adamant axe|~","Woodcutting","","","","","ManualTask"
"Chop with an ~|adamant felling axe|~","Woodcutting","","","","","ManualTask"
"Chop with an ~|iron axe|~","Woodcutting","","","","","ManualTask"
"Chop with an ~|iron felling axe|~","Woodcutting","","","","","ManualTask"
"Chop ~|achey tree logs|~","Woodcutting","","","","","ManualTask"
"Chop ~|arctic pine logs|~","Woodcutting","","","","","ManualTask"
"Participate in ~|Forestry events|~ while chopping arctic pine trees","Woodcutting","","","","","ManualTask"
"Chop ~|bark|~","Woodcutting","","","","","ManualTask"
"Chop ~|blisterwood logs|~","Woodcutting","","","","","ManualTask"
"Participate in ~|Forestry events|~ while chopping blisterwood trees","Woodcutting","","","","","ManualTask"
"Chop ~|dense jungle|~","Woodcutting","","","","","ManualTask"
"Chop ~|juniper logs|~","Woodcutting","","","","","ManualTask"
"Participate in ~|Forestry events|~ while chopping juniper trees","Woodcutting","","","","","ManualTask"
"Chop ~|kindling (Chambers of Xeric)|~","Woodcutting","","","","","ManualTask"
"Chop ~|bruma roots|~","Woodcutting","","","","","ManualTask"
"Chop ~|light jungle|~","Woodcutting","","","","","ManualTask"
"Chop ~|logs|~","Woodcutting","","","","","ManualTask"
"Chop a ~|burnt tree|~","Woodcutting","","","","","ManualTask"
"Chop a ~|dead tree (burnt)|~","Woodcutting","","","","","ManualTask"
"Chop ~|magic logs|~","Woodcutting","","","","","ManualTask"
"Participate in ~|Forestry events|~ while chopping magic trees","Woodcutting","","","","","ManualTask"
"Chop ~|mahogany logs|~","Woodcutting","","","","","ManualTask"
"Participate in ~|Forestry events|~ while chopping mahogany trees","Woodcutting","","","","","ManualTask"
"Chop a ~|mahogany#Etceteria|~","Woodcutting","","","","","ManualTask"
"Chop ~|maple logs|~","Woodcutting","","","","","ManualTask"
"Participate in ~|Forestry events|~ while chopping maple trees","Woodcutting","","","","","ManualTask"
"Chop a ~|maple tree#Miscellania|~","Woodcutting","","","","","ManualTask"
"Chop ~|medium jungle|~","Woodcutting","","","","","ManualTask"
"Chop trees for a ~|bird nest|~","Woodcutting","","","","","ManualTask"
"Chop ~|oak logs|~","Woodcutting","","","","","ManualTask"
"Participate in ~|Forestry events|~ while chopping oak trees","Woodcutting","","","","","ManualTask"
"Chop ~|redwood logs|~","Woodcutting","","","","","ManualTask"
"Chop ~|teak logs|~","Woodcutting","","","","","ManualTask"
"Participate in ~|Forestry events|~ while chopping teak trees","Woodcutting","","","","","ManualTask"
"Chop a ~|teak#Etceteria|~","Woodcutting","","","","","ManualTask"
"Chop ~|willow logs|~","Woodcutting","","","","","ManualTask"
"Participate in ~|Forestry events|~ while chopping willow trees","Woodcutting","","","","","ManualTask"
"Chop ~|yew logs|~","Woodcutting","","","","","ManualTask"
"Participate in ~|Forestry events|~ while chopping yew trees","Woodcutting","","","","","ManualTask"
"Craft a ~|Neitiznot shield|~","Woodcutting","","","","","ManualTask"
"Create an ~|infernal axe|~","Woodcutting","","","","","ManualTask"
"Split ~|arctic pine logs|~","Woodcutting","","","","","ManualTask"
"Wear ~|lumberjack outfit|~ pieces","Woodcutting","","","","","ManualTask"
"Wear ~|forestry outfit|~ pieces","Woodcutting","","","","","ManualTask"
"Obtain the ~|zealot's helm|~","Extra","","","","","ManualTask"
"Obtain the ~|zealot's robe top|~","Extra","","","","","ManualTask"
"Obtain the ~|zealot's robe bottom|~","Extra","","","","","ManualTask"
"Obtain the ~|zealot's boots|~","Extra","","","","","ManualTask"
"Obtain the ~|ectoplasmator|~","Extra","","","","","ManualTask"
"Obtain a ~|small pouch|~","Extra","","","","","ManualTask"
"Obtain a ~|medium pouch|~","Extra","","","","","ManualTask"
"Obtain a ~|large pouch|~","Extra","","","","","ManualTask"
"Obtain a ~|giant pouch|~","Extra","","","","","ManualTask"
"Obtain a ~|colossal pouch|~","Extra","","","","","ManualTask"
"Obtain a ~|blood essence|~","Extra","","","","","ManualTask"
"Obtain the ~|hat of the eye|~","Extra","","","","","ManualTask"
"Obtain the ~|robe top of the eye|~","Extra","","","","","ManualTask"
"Obtain the ~|robe bottoms of the eye|~","Extra","","","","","ManualTask"
"Obtain the ~|boots of the eye|~","Extra","","","","","ManualTask"
"Obtain an ~|abyssal lantern|~","Extra","","","","","ManualTask"
"Obtain an ~|Imcando hammer|~","Extra","","","","","ManualTask"
"Obtain the ~|smiths tunic|~","Extra","","","","","ManualTask"
"Obtain the ~|smiths trousers|~","Extra","","","","","ManualTask"
"Obtain the ~|smiths gloves|~","Extra","","","","","ManualTask"
"Obtain the ~|smiths boots|~","Extra","","","","","ManualTask"
"Obtain ~|Amy's saw|~","Extra","","","","","ManualTask"
"Obtain the ~|carpenter's helmet|~","Extra","","","","","ManualTask"
"Obtain the ~|carpenter's shirt|~","Extra","","","","","ManualTask"
"Obtain the ~|carpenter's trousers|~","Extra","","","","","ManualTask"
"Obtain the ~|carpenter's boots|~","Extra","","","","","ManualTask"
"Obtain a ~|plank sack|~","Extra","","","","","ManualTask"
"Obtain the ~|graceful hood|~","Extra","","","","","ManualTask"
"Obtain the ~|graceful top|~","Extra","","","","","ManualTask"
"Obtain the ~|graceful legs|~","Extra","","","","","ManualTask"
"Obtain the ~|graceful gloves|~","Extra","","","","","ManualTask"
"Obtain the ~|graceful boots|~","Extra","","","","","ManualTask"
"Obtain the ~|graceful cape|~","Extra","","","","","ManualTask"
"Obtain a ~|ring of endurance|~","Extra","","","","","ManualTask"
"Obtain the ~|rogue mask|~","Extra","","","","","ManualTask"
"Obtain the ~|rogue top|~","Extra","","","","","ManualTask"
"Obtain the ~|rogue gloves|~","Extra","","","","","ManualTask"
"Obtain the ~|rogue trousers|~","Extra","","","","","ManualTask"
"Obtain the ~|rogue boots|~","Extra","","","","","ManualTask"
"Obtain ~|gloves of silence|~","Extra","","","","","ManualTask"
"Obtain a ~|guild hunter headwear|~","Extra","","","","","ManualTask"
"Obtain a ~|guild hunter top|~","Extra","","","","","ManualTask"
"Obtain ~|guild hunter legs|~","Extra","","","","","ManualTask"
"Obtain ~|guild hunter boots|~","Extra","","","","","ManualTask"
"Obtain a ~|huntsman's kit|~","Extra","","","","","ManualTask"
"Obtain a ~|large fur pouch|~","Extra","","","","","ManualTask"
"Obtain a ~|medium fur pouch|~","Extra","","","","","ManualTask"
"Obtain a ~|small fur pouch|~","Extra","","","","","ManualTask"
"Obtain a ~|large meat pouch|~","Extra","","","","","ManualTask"
"Obtain a ~|small meat pouch|~","Extra","","","","","ManualTask"
"Obtain a ~|seed box|~","Extra","","","","","ManualTask"
"Obtain a ~|herb sack|~","Extra","","","","","ManualTask"
"Obtain a ~|crystal pickaxe|~","Extra","","","","","ManualTask"
"Obtain an ~|infernal pickaxe|~","Extra","","","","","ManualTask"
"Obtain a ~|dragon pickaxe|~","Extra","","","","","ManualTask"
"Obtain a ~|rune pickaxe|~","Extra","","","","","ManualTask"
"Obtain an ~|adamant pickaxe|~","Extra","","","","","ManualTask"
"Obtain a ~|mithril pickaxe|~","Extra","","","","","ManualTask"
"Obtain a ~|steel pickaxe|~","Extra","","","","","ManualTask"
"Obtain an ~|iron pickaxe|~","Extra","","","","","ManualTask"
"Obtain a ~|bronze pickaxe|~","Extra","","","","","ManualTask"
"Obtain the ~|prospector helmet|~","Extra","","","","","ManualTask"
"Obtain the ~|prospector jacket|~","Extra","","","","","ManualTask"
"Obtain the ~|prospector legs|~","Extra","","","","","ManualTask"
"Obtain the ~|prospector boots|~","Extra","","","","","ManualTask"
"Obtain a ~|celestial ring|~","Extra","","","","","ManualTask"
"Obtain a ~|gem bag|~","Extra","","","","","ManualTask"
"Obtain a ~|coal bag|~","Extra","","","","","ManualTask"
"Obtain ~|expert mining gloves|~","Extra","","","","","ManualTask"
"Obtain ~|superior mining gloves|~","Extra","","","","","ManualTask"
"Obtain ~|mining gloves|~","Extra","","","","","ManualTask"
"Obtain a ~|pearl fishing rod|~","Extra","","","","","ManualTask"
"Obtain an ~|oily pearl fishing rod|~","Extra","","","","","ManualTask"
"Obtain a ~|pearl fly fishing rod|~","Extra","","","","","ManualTask"
"Obtain a ~|pearl barbarian rod|~","Extra","","","","","ManualTask"
"Obtain a ~|crystal harpoon|~","Extra","","","","","ManualTask"
"Obtain an ~|infernal harpoon|~","Extra","","","","","ManualTask"
"Obtain a ~|dragon harpoon|~","Extra","","","","","ManualTask"
"Obtain a ~|barb-tail harpoon|~","Extra","","","","","ManualTask"
"Obtain the ~|angler hat|~","Extra","","","","","ManualTask"
"Obtain the ~|angler top|~","Extra","","","","","ManualTask"
"Obtain the ~|angler waders|~","Extra","","","","","ManualTask"
"Obtain the ~|angler boots|~","Extra","","","","","ManualTask"
"Obtain the ~|spirit angler headband|~","Extra","","","","","ManualTask"
"Obtain the ~|spirit angler top|~","Extra","","","","","ManualTask"
"Obtain the ~|spirit angler waders|~","Extra","","","","","ManualTask"
"Obtain the ~|spirit angler boots|~","Extra","","","","","ManualTask"
"Obtain a ~|fish sack barrel|~","Extra","","","","","ManualTask"
"Obtain a ~|fish barrel|~","Extra","","","","","ManualTask"
"Obtain ~|diabolic worms|~","Extra","","","","","ManualTask"
"Obtain the ~|pyromancer hood|~","Extra","","","","","ManualTask"
"Obtain the ~|pyromancer garb|~","Extra","","","","","ManualTask"
"Obtain the ~|pyromancer robe|~","Extra","","","","","ManualTask"
"Obtain the ~|pyromancer boots|~","Extra","","","","","ManualTask"
"Obtain a ~|bruma torch|~","Extra","","","","","ManualTask"
"Obtain a ~|crystal felling axe|~","Extra","","","","","ManualTask"
"Obtain a ~|crystal axe|~","Extra","","","","","ManualTask"
"Obtain an ~|infernal axe|~","Extra","","","","","ManualTask"
"Obtain a ~|dragon felling axe|~","Extra","","","","","ManualTask"
"Obtain a ~|dragon axe|~","Extra","","","","","ManualTask"
"Obtain a ~|rune felling axe|~","Extra","","","","","ManualTask"
"Obtain a ~|rune axe|~","Extra","","","","","ManualTask"
"Obtain an ~|adamant felling axe|~","Extra","","","","","ManualTask"
"Obtain an ~|adamant axe|~","Extra","","","","","ManualTask"
"Obtain a ~|mithril felling axe|~","Extra","","","","","ManualTask"
"Obtain a ~|mithril axe|~","Extra","","","","","ManualTask"
"Obtain a ~|black felling axe|~","Extra","","","","","ManualTask"
"Obtain a ~|black axe|~","Extra","","","","","ManualTask"
"Obtain a ~|steel felling axe|~","Extra","","","","","ManualTask"
"Obtain a ~|steel axe|~","Extra","","","","","ManualTask"
"Obtain an ~|iron felling axe|~","Extra","","","","","ManualTask"
"Obtain an ~|iron axe|~","Extra","","","","","ManualTask"
"Obtain a ~|bronze felling axe|~","Extra","","","","","ManualTask"
"Obtain a ~|bronze axe|~","Extra","","","","","ManualTask"
"Obtain the ~|lumberjack hat|~","Extra","","","","","ManualTask"
"Obtain the ~|lumberjack top|~","Extra","","","","","ManualTask"
"Obtain the ~|lumberjack legs|~","Extra","","","","","ManualTask"
"Obtain the ~|lumberjack boots|~","Extra","","","","","ManualTask"
"Obtain a ~|forestry kit|~","Extra","","","","","ManualTask"
"Obtain a ~|forestry basket|~","Extra","","","","","ManualTask"
"Obtain a ~|log basket|~","Extra","","","","","ManualTask"
"Obtain the ~|farmer's strawhat|~","Extra","","","","","ManualTask"
"Obtain the ~|farmer's jacket|~","Extra","","","","","ManualTask"
"Obtain the ~|farmer's boro trousers|~","Extra","","","","","ManualTask"
"Obtain the ~|farmer's boots|~","Extra","","","","","ManualTask"
"Obtain ~|Gricoller's can|~","Extra","","","","","ManualTask"
"Obtain an ~|elven signet|~","Extra","","","","","ManualTask"
"Obtain a ~|magic butterfly net|~","Extra","","","","","ManualTask"
"Obtain an ~|alchemist's amulet|~","Extra","","","","","ManualTask"
"Obtain ~|prescription goggles|~","Extra","","","","","ManualTask"
"Obtain a ~|reagent pouch|~","Extra","","","","","ManualTask"
"Obtain a fully upgraded ~|bow string spool|~","Extra","","","","","ManualTask"
"Obtain a ~|fletching knife|~","Extra","","","","","ManualTask"
"(Abyssal Sire) Obtain an ~|abyssal orphan|~","Extra","","","","","ManualTask"
"(Abyssal Sire) Obtain an ~|unsired|~","Extra","","","","","ManualTask"
"(Abyssal Sire) Obtain an ~|abyssal head|~","Extra","","","","","ManualTask"
"(Abyssal Sire) Obtain a ~|bludgeon spine|~","Extra","","","","","ManualTask"
"(Abyssal Sire) Obtain a ~|bludgeon claw|~","Extra","","","","","ManualTask"
"(Abyssal Sire) Obtain a ~|bludgeon axon|~","Extra","","","","","ManualTask"
"(Abyssal Sire) Obtain a ~|jar of miasma|~","Extra","","","","","ManualTask"
"(Abyssal Sire) Obtain an ~|abyssal dagger|~","Extra","","","","","ManualTask"
"(Abyssal Sire) Obtain an ~|abyssal whip|~","Extra","","","","","ManualTask"
"(Alchemical Hydra) Obtain an ~|ikkle hydra|~","Extra","","","","","ManualTask"
"(Alchemical Hydra) Obtain a ~|hydra's claw|~","Extra","","","","","ManualTask"
"(Alchemical Hydra) Obtain a ~|hydra tail|~","Extra","","","","","ManualTask"
"(Alchemical Hydra) Obtain a ~|hydra leather|~","Extra","","","","","ManualTask"
"(Alchemical Hydra) Obtain a ~|hydra's fang|~","Extra","","","","","ManualTask"
"(Alchemical Hydra) Obtain a ~|hydra's eye|~","Extra","","","","","ManualTask"
"(Alchemical Hydra) Obtain a ~|hydra's heart|~","Extra","","","","","ManualTask"
"(Alchemical Hydra) Obtain a ~|dragon knife|~","Extra","","","","","ManualTask"
"(Alchemical Hydra) Obtain a ~|dragon thrownaxe|~","Extra","","","","","ManualTask"
"(Alchemical Hydra) Obtain a ~|jar of chemicals|~","Extra","","","","","ManualTask"
"(Alchemical Hydra) Obtain ~|alchemical hydra heads|~","Extra","","","","","ManualTask"
"(Amoxliatl) Obtain a ~|glacial temotli|~","Extra","","","","","ManualTask"
"(Amoxliatl) Obtain a ~|pendant of ates (inert)|~","Extra","","","","","ManualTask"
"(Amoxliatl) Obtain a ~|frozen tear|~","Extra","","","","","ManualTask"
"(Araxxor) Obtain a ~|nid|~","Extra","","","","","ManualTask"
"(Araxxor) Obtain an ~|araxyte venom sack|~","Extra","","","","","ManualTask"
"(Araxxor) Obtain a ~|spider cave teleport|~","Extra","","","","","ManualTask"
"(Araxxor) Obtain an ~|araxyte fang|~","Extra","","","","","ManualTask"
"(Araxxor) Obtain a ~|noxious point|~","Extra","","","","","ManualTask"
"(Araxxor) Obtain a ~|noxious blade|~","Extra","","","","","ManualTask"
"(Araxxor) Obtain a ~|noxious pommel|~","Extra","","","","","ManualTask"
"(Araxxor) Obtain an ~|araxyte head|~","Extra","","","","","ManualTask"
"(Araxxor) Obtain a ~|jar of venom|~","Extra","","","","","ManualTask"
"(Araxxor) Obtain a ~|coagulated venom|~","Extra","","","","","ManualTask"
"(Barrows Chests) Obtain a ~|karil's coif|~","Extra","","","","","ManualTask"
"(Barrows Chests) Obtain a ~|karil's leathertop|~","Extra","","","","","ManualTask"
"(Barrows Chests) Obtain a ~|karil's leatherskirt|~","Extra","","","","","ManualTask"
"(Barrows Chests) Obtain a ~|karil's crossbow|~","Extra","","","","","ManualTask"
"(Barrows Chests) Obtain an ~|ahrim's hood|~","Extra","","","","","ManualTask"
"(Barrows Chests) Obtain an ~|ahrim's robetop|~","Extra","","","","","ManualTask"
"(Barrows Chests) Obtain an ~|ahrim's robeskirt|~","Extra","","","","","ManualTask"
"(Barrows Chests) Obtain an ~|ahrim's staff|~","Extra","","","","","ManualTask"
"(Barrows Chests) Obtain a ~|dharok's helm|~","Extra","","","","","ManualTask"
"(Barrows Chests) Obtain a ~|dharok's platebody|~","Extra","","","","","ManualTask"
"(Barrows Chests) Obtain a ~|dharok's platelegs|~","Extra","","","","","ManualTask"
"(Barrows Chests) Obtain a ~|dharok's greataxe|~","Extra","","","","","ManualTask"
"(Barrows Chests) Obtain a ~|guthan's helm|~","Extra","","","","","ManualTask"
"(Barrows Chests) Obtain a ~|guthan's platebody|~","Extra","","","","","ManualTask"
"(Barrows Chests) Obtain a ~|guthan's chainskirt|~","Extra","","","","","ManualTask"
"(Barrows Chests) Obtain a ~|guthan's warspear|~","Extra","","","","","ManualTask"
"(Barrows Chests) Obtain a ~|torag's helm|~","Extra","","","","","ManualTask"
"(Barrows Chests) Obtain a ~|torag's platebody|~","Extra","","","","","ManualTask"
"(Barrows Chests) Obtain a ~|torag's platelegs|~","Extra","","","","","ManualTask"
"(Barrows Chests) Obtain a ~|torag's hammers|~","Extra","","","","","ManualTask"
"(Barrows Chests) Obtain a ~|verac's helm|~","Extra","","","","","ManualTask"
"(Barrows Chests) Obtain a ~|verac's brassard|~","Extra","","","","","ManualTask"
"(Barrows Chests) Obtain a ~|verac's plateskirt|~","Extra","","","","","ManualTask"
"(Barrows Chests) Obtain a ~|verac's flail|~","Extra","","","","","ManualTask"
"(Barrows Chests) Obtain a ~|bolt rack|~","Extra","","","","","ManualTask"
"(Bryophyta) Obtain a ~|bryophyta's essence|~","Extra","","","","","ManualTask"
"(Callisto and Artio) Obtain a ~|callisto cub|~","Extra","","","","","ManualTask"
"(Callisto and Artio) Obtain a ~|tyrannical ring|~","Extra","","","","","ManualTask"
"(Callisto and Artio) Obtain a ~|dragon pickaxe|~","Extra","","","","","ManualTask"
"(Callisto and Artio) Obtain a ~|dragon 2h sword|~","Extra","","","","","ManualTask"
"(Callisto and Artio) Obtain a ~|claws of callisto|~","Extra","","","","","ManualTask"
"(Callisto and Artio) Obtain a ~|voidwaker hilt|~","Extra","","","","","ManualTask"
"(Cerberus) Obtain a ~|hellpuppy|~","Extra","","","","","ManualTask"
"(Cerberus) Obtain an ~|eternal crystal|~","Extra","","","","","ManualTask"
"(Cerberus) Obtain a ~|pegasian crystal|~","Extra","","","","","ManualTask"
"(Cerberus) Obtain a ~|primordial crystal|~","Extra","","","","","ManualTask"
"(Cerberus) Obtain a ~|jar of souls|~","Extra","","","","","ManualTask"
"(Cerberus) Obtain a ~|smouldering stone|~","Extra","","","","","ManualTask"
"(Cerberus) Obtain a ~|key master teleport|~","Extra","","","","","ManualTask"
"(Chaos Elemental) Obtain a ~|pet chaos elemental|~","Extra","","","","","ManualTask"
"(Chaos Elemental) Obtain a ~|dragon pickaxe|~","Extra","","","","","ManualTask"
"(Chaos Elemental) Obtain a ~|dragon 2h sword|~","Extra","","","","","ManualTask"
"(Chaos Fanatic) Obtain a ~|pet chaos elemental|~","Extra","","","","","ManualTask"
"(Chaos Fanatic) Obtain an ~|odium shard 1|~","Extra","","","","","ManualTask"
"(Chaos Fanatic) Obtain a ~|malediction shard 1|~","Extra","","","","","ManualTask"
"(Commander Zilyana) Obtain a ~|pet zilyana|~","Extra","","","","","ManualTask"
"(Commander Zilyana) Obtain an ~|armadyl crossbow|~","Extra","","","","","ManualTask"
"(Commander Zilyana) Obtain a ~|saradomin hilt|~","Extra","","","","","ManualTask"
"(Commander Zilyana) Obtain a ~|saradomin sword|~","Extra","","","","","ManualTask"
"(Commander Zilyana) Obtain a ~|saradomin's light|~","Extra","","","","","ManualTask"
"(Commander Zilyana) Obtain a ~|godsword shard 1|~","Extra","","","","","ManualTask"
"(Commander Zilyana) Obtain a ~|godsword shard 2|~","Extra","","","","","ManualTask"
"(Commander Zilyana) Obtain a ~|godsword shard 3|~","Extra","","","","","ManualTask"
"(Corporeal Beast) Obtain a ~|pet dark core|~","Extra","","","","","ManualTask"
"(Corporeal Beast) Obtain an ~|elysian sigil|~","Extra","","","","","ManualTask"
"(Corporeal Beast) Obtain a ~|spectral sigil|~","Extra","","","","","ManualTask"
"(Corporeal Beast) Obtain an ~|arcane sigil|~","Extra","","","","","ManualTask"
"(Corporeal Beast) Obtain a ~|holy elixir|~","Extra","","","","","ManualTask"
"(Corporeal Beast) Obtain a ~|spirit shield|~","Extra","","","","","ManualTask"
"(Corporeal Beast) Obtain a ~|jar of spirits|~","Extra","","","","","ManualTask"
"(Crazy Archaeologist) Obtain an ~|odium shard 2|~","Extra","","","","","ManualTask"
"(Crazy Archaeologist) Obtain a ~|malediction shard 2|~","Extra","","","","","ManualTask"
"(Crazy Archaeologist) Obtain a ~|fedora|~","Extra","","","","","ManualTask"
"(Dagannoth Kings) Obtain a ~|pet dagannoth prime|~","Extra","","","","","ManualTask"
"(Dagannoth Kings) Obtain a ~|pet dagannoth supreme|~","Extra","","","","","ManualTask"
"(Dagannoth Kings) Obtain a ~|pet dagannoth rex|~","Extra","","","","","ManualTask"
"(Dagannoth Kings) Obtain a ~|berserker ring|~","Extra","","","","","ManualTask"
"(Dagannoth Kings) Obtain an ~|archers ring|~","Extra","","","","","ManualTask"
"(Dagannoth Kings) Obtain a ~|seers ring|~","Extra","","","","","ManualTask"
"(Dagannoth Kings) Obtain a ~|warrior ring|~","Extra","","","","","ManualTask"
"(Dagannoth Kings) Obtain a ~|dragon axe|~","Extra","","","","","ManualTask"
"(Dagannoth Kings) Obtain a ~|seercull|~","Extra","","","","","ManualTask"
"(Dagannoth Kings) Obtain a ~|mud battlestaff|~","Extra","","","","","ManualTask"
"(Deranged Archaeologist) Obtain a ~|steel ring|~","Extra","","","","","ManualTask"
"(Doom of Mokhaiotl) Obtain ~|avernic treads|~","Extra","","","","","ManualTask"
"(Doom of Mokhaiotl) Obtain an ~|eye of ayak (uncharged)|~","Extra","","","","","ManualTask"
"(Doom of Mokhaiotl) Obtain a ~|mokhaiotl cloth|~","Extra","","","","","ManualTask"
"(Doom of Mokhaiotl) Obtain a ~|mokhaiotl waystone|~","Extra","","","","","ManualTask"
"(Doom of Mokhaiotl) Obtain a ~|demon tear|~","Extra","","","","","ManualTask"
"(Duke Sucellus) Obtain a ~|baron|~","Extra","","","","","ManualTask"
"(Duke Sucellus) Obtain an ~|eye of the duke|~","Extra","","","","","ManualTask"
"(Duke Sucellus) Obtain a ~|virtus mask|~","Extra","","","","","ManualTask"
"(Duke Sucellus) Obtain a ~|virtus robe top|~","Extra","","","","","ManualTask"
"(Duke Sucellus) Obtain a ~|virtus robe bottom|~","Extra","","","","","ManualTask"
"(Duke Sucellus) Obtain a ~|magus vestige|~","Extra","","","","","ManualTask"
"(Duke Sucellus) Obtain an ~|ice quartz|~","Extra","","","","","ManualTask"
"(Duke Sucellus) Obtain a ~|frozen tablet|~","Extra","","","","","ManualTask"
"(Duke Sucellus) Obtain a ~|chromium ingot|~","Extra","","","","","ManualTask"
"(Duke Sucellus) Obtain a ~|awakener's orb|~","Extra","","","","","ManualTask"
"(The Fight Caves) Obtain a ~|tzrek-jad|~","Extra","","","","","ManualTask"
"(The Fight Caves) Obtain a ~|fire cape|~","Extra","","","","","ManualTask"
"(Fortis Colosseum) Obtain a ~|smol heredit|~","Extra","","","","","ManualTask"
"(Fortis Colosseum) Obtain a ~|dizana's quiver (uncharged)|~","Extra","","","","","ManualTask"
"(Fortis Colosseum) Obtain a ~|sunfire fanatic cuirass|~","Extra","","","","","ManualTask"
"(Fortis Colosseum) Obtain a ~|sunfire fanatic chausses|~","Extra","","","","","ManualTask"
"(Fortis Colosseum) Obtain a ~|sunfire fanatic helm|~","Extra","","","","","ManualTask"
"(Fortis Colosseum) Obtain an ~|echo crystal|~","Extra","","","","","ManualTask"
"(Fortis Colosseum) Obtain a ~|tonalztics of ralos (uncharged)|~","Extra","","","","","ManualTask"
"(Fortis Colosseum) Obtain ~|sunfire splinters|~","Extra","","","","","ManualTask"
"(The Gauntlet) Obtain a ~|youngllef|~","Extra","","","","","ManualTask"
"(The Gauntlet) Obtain a ~|crystal armour seed|~","Extra","","","","","ManualTask"
"(The Gauntlet) Obtain a ~|crystal weapon seed|~","Extra","","","","","ManualTask"
"(The Gauntlet) Obtain an ~|enhanced crystal weapon seed|~","Extra","","","","","ManualTask"
"(The Gauntlet) Obtain a ~|gauntlet cape|~","Extra","","","","","ManualTask"
"(General Graardor) Obtain a ~|pet general graardor|~","Extra","","","","","ManualTask"
"(General Graardor) Obtain a ~|bandos chestplate|~","Extra","","","","","ManualTask"
"(General Graardor) Obtain ~|bandos tassets|~","Extra","","","","","ManualTask"
"(General Graardor) Obtain ~|bandos boots|~","Extra","","","","","ManualTask"
"(General Graardor) Obtain a ~|bandos hilt|~","Extra","","","","","ManualTask"
"(General Graardor) Obtain a ~|godsword shard 1|~","Extra","","","","","ManualTask"
"(General Graardor) Obtain a ~|godsword shard 2|~","Extra","","","","","ManualTask"
"(General Graardor) Obtain a ~|godsword shard 3|~","Extra","","","","","ManualTask"
"(Giant Mole) Obtain a ~|baby mole|~","Extra","","","","","ManualTask"
"(Giant Mole) Obtain a ~|mole skin|~","Extra","","","","","ManualTask"
"(Giant Mole) Obtain a ~|mole claw|~","Extra","","","","","ManualTask"
"(Grotesque Guardians) Obtain ~|noon|~","Extra","","","","","ManualTask"
"(Grotesque Guardians) Obtain a ~|black tourmaline core|~","Extra","","","","","ManualTask"
"(Grotesque Guardians) Obtain ~|granite gloves|~","Extra","","","","","ManualTask"
"(Grotesque Guardians) Obtain a ~|granite ring|~","Extra","","","","","ManualTask"
"(Grotesque Guardians) Obtain a ~|granite hammer|~","Extra","","","","","ManualTask"
"(Grotesque Guardians) Obtain a ~|jar of stone|~","Extra","","","","","ManualTask"
"(Grotesque Guardians) Obtain ~|granite dust|~","Extra","","","","","ManualTask"
"(Hespori) Obtain a ~|bottomless compost bucket|~","Extra","","","","","ManualTask"
"(Hespori) Obtain an ~|iasor seed|~","Extra","","","","","ManualTask"
"(Hespori) Obtain a ~|kronos seed|~","Extra","","","","","ManualTask"
"(Hespori) Obtain an ~|attas seed|~","Extra","","","","","ManualTask"
"(The Hueycoatl) Obtain a ~|huberte|~","Extra","","","","","ManualTask"
"(The Hueycoatl) Obtain a ~|dragon hunter wand|~","Extra","","","","","ManualTask"
"(The Hueycoatl) Obtain a ~|tome of earth (empty)|~","Extra","","","","","ManualTask"
"(The Hueycoatl) Obtain a ~|soiled page|~","Extra","","","","","ManualTask"
"(The Hueycoatl) Obtain a ~|Hueycoatl hide|~","Extra","","","","","ManualTask"
"(The Hueycoatl) Obtain a ~|huasca seed|~","Extra","","","","","ManualTask"
"(The Inferno) Obtain a ~|jal-nib-rek|~","Extra","","","","","ManualTask"
"(The Inferno) Obtain an ~|infernal cape|~","Extra","","","","","ManualTask"
"(Kalphite Queen) Obtain a ~|kalphite princess|~","Extra","","","","","ManualTask"
"(Kalphite Queen) Obtain a ~|kq head|~","Extra","","","","","ManualTask"
"(Kalphite Queen) Obtain a ~|jar of sand|~","Extra","","","","","ManualTask"
"(Kalphite Queen) Obtain a ~|dragon 2h sword|~","Extra","","","","","ManualTask"
"(Kalphite Queen) Obtain a ~|dragon chainbody|~","Extra","","","","","ManualTask"
"(Kalphite Queen) Obtain a ~|dragon pickaxe|~","Extra","","","","","ManualTask"
"(King Black Dragon) Obtain a ~|prince black dragon|~","Extra","","","","","ManualTask"
"(King Black Dragon) Obtain a ~|kbd heads|~","Extra","","","","","ManualTask"
"(King Black Dragon) Obtain a ~|dragon pickaxe|~","Extra","","","","","ManualTask"
"(King Black Dragon) Obtain a ~|draconic visage|~","Extra","","","","","ManualTask"
"(Kraken) Obtain a ~|pet kraken|~","Extra","","","","","ManualTask"
"(Kraken) Obtain a ~|kraken tentacle|~","Extra","","","","","ManualTask"
"(Kraken) Obtain a ~|trident of the seas (full)|~","Extra","","","","","ManualTask"
"(Kraken) Obtain a ~|jar of dirt|~","Extra","","","","","ManualTask"
"(Kree'arra) Obtain a ~|pet kree'arra|~","Extra","","","","","ManualTask"
"(Kree'arra) Obtain an ~|armadyl helmet|~","Extra","","","","","ManualTask"
"(Kree'arra) Obtain an ~|armadyl chestplate|~","Extra","","","","","ManualTask"
"(Kree'arra) Obtain an ~|armadyl chainskirt|~","Extra","","","","","ManualTask"
"(Kree'arra) Obtain an ~|armadyl hilt|~","Extra","","","","","ManualTask"
"(Kree'arra) Obtain a ~|godsword shard 1|~","Extra","","","","","ManualTask"
"(Kree'arra) Obtain a ~|godsword shard 2|~","Extra","","","","","ManualTask"
"(Kree'arra) Obtain a ~|godsword shard 3|~","Extra","","","","","ManualTask"
"(K'ril Tsutsaroth) Obtain a ~|pet k'ril tsutsaroth|~","Extra","","","","","ManualTask"
"(K'ril Tsutsaroth) Obtain a ~|staff of the dead|~","Extra","","","","","ManualTask"
"(K'ril Tsutsaroth) Obtain a ~|zamorakian spear|~","Extra","","","","","ManualTask"
"(K'ril Tsutsaroth) Obtain a ~|steam battlestaff|~","Extra","","","","","ManualTask"
"(K'ril Tsutsaroth) Obtain a ~|zamorak hilt|~","Extra","","","","","ManualTask"
"(K'ril Tsutsaroth) Obtain a ~|godsword shard 1|~","Extra","","","","","ManualTask"
"(K'ril Tsutsaroth) Obtain a ~|godsword shard 2|~","Extra","","","","","ManualTask"
"(K'ril Tsutsaroth) Obtain a ~|godsword shard 3|~","Extra","","","","","ManualTask"
"(The Leviathan) Obtain a ~|lil'viathan|~","Extra","","","","","ManualTask"
"(The Leviathan) Obtain a ~|leviathan's lure|~","Extra","","","","","ManualTask"
"(The Leviathan) Obtain a ~|virtus mask|~","Extra","","","","","ManualTask"
"(The Leviathan) Obtain a ~|virtus robe top|~","Extra","","","","","ManualTask"
"(The Leviathan) Obtain a ~|virtus robe bottom|~","Extra","","","","","ManualTask"
"(The Leviathan) Obtain a ~|venator vestige|~","Extra","","","","","ManualTask"
"(The Leviathan) Obtain a ~|smoke quartz|~","Extra","","","","","ManualTask"
"(The Leviathan) Obtain a ~|scarred tablet|~","Extra","","","","","ManualTask"
"(The Leviathan) Obtain a ~|chromium ingot|~","Extra","","","","","ManualTask"
"(The Leviathan) Obtain a ~|awakener's orb|~","Extra","","","","","ManualTask"
"(Moons of Peril) Obtain an ~|eclipse moon chestplate|~","Extra","","","","","ManualTask"
"(Moons of Peril) Obtain an ~|eclipse moon tassets|~","Extra","","","","","ManualTask"
"(Moons of Peril) Obtain an ~|eclipse moon helm|~","Extra","","","","","ManualTask"
"(Moons of Peril) Obtain an ~|eclipse atlatl|~","Extra","","","","","ManualTask"
"(Moons of Peril) Obtain a ~|blue moon chestplate|~","Extra","","","","","ManualTask"
"(Moons of Peril) Obtain a ~|blue moon tassets|~","Extra","","","","","ManualTask"
"(Moons of Peril) Obtain a ~|blue moon helm|~","Extra","","","","","ManualTask"
"(Moons of Peril) Obtain a ~|blue moon spear|~","Extra","","","","","ManualTask"
"(Moons of Peril) Obtain a ~|blood moon chestplate|~","Extra","","","","","ManualTask"
"(Moons of Peril) Obtain a ~|blood moon tassets|~","Extra","","","","","ManualTask"
"(Moons of Peril) Obtain a ~|blood moon helm|~","Extra","","","","","ManualTask"
"(Moons of Peril) Obtain a ~|dual macuahuitl|~","Extra","","","","","ManualTask"
"(Moons of Peril) Obtain an ~|atlatl dart|~","Extra","","","","","ManualTask"
"(Nex) Obtain a ~|nexling|~","Extra","","","","","ManualTask"
"(Nex) Obtain an ~|ancient hilt|~","Extra","","","","","ManualTask"
"(Nex) Obtain a ~|nihil horn|~","Extra","","","","","ManualTask"
"(Nex) Obtain a ~|zaryte vambraces|~","Extra","","","","","ManualTask"
"(Nex) Obtain a ~|torva full helm (damaged)|~","Extra","","","","","ManualTask"
"(Nex) Obtain a ~|torva platebody (damaged)|~","Extra","","","","","ManualTask"
"(Nex) Obtain a ~|torva platelegs (damaged)|~","Extra","","","","","ManualTask"
"(Nex) Obtain a ~|nihil shard|~","Extra","","","","","ManualTask"
"(The Nightmare) Obtain a ~|little nightmare|~","Extra","","","","","ManualTask"
"(The Nightmare) Obtain an ~|inquisitor's mace|~","Extra","","","","","ManualTask"
"(The Nightmare) Obtain an ~|inquisitor's great helm|~","Extra","","","","","ManualTask"
"(The Nightmare) Obtain an ~|inquisitor's hauberk|~","Extra","","","","","ManualTask"
"(The Nightmare) Obtain an ~|inquisitor's plateskirt|~","Extra","","","","","ManualTask"
"(The Nightmare) Obtain a ~|nightmare staff|~","Extra","","","","","ManualTask"
"(The Nightmare) Obtain a ~|volatile orb|~","Extra","","","","","ManualTask"
"(The Nightmare) Obtain a ~|harmonised orb|~","Extra","","","","","ManualTask"
"(The Nightmare) Obtain an ~|eldritch orb|~","Extra","","","","","ManualTask"
"(The Nightmare) Obtain a ~|jar of dreams|~","Extra","","","","","ManualTask"
"(The Nightmare) Obtain a ~|slepey tablet|~","Extra","","","","","ManualTask"
"(The Nightmare) Obtain a ~|parasitic egg|~","Extra","","","","","ManualTask"
"(Obor) Obtain a ~|hill giant club|~","Extra","","","","","ManualTask"
"(Phantom Muspah) Obtain a ~|muphin|~","Extra","","","","","ManualTask"
"(Phantom Muspah) Obtain an ~|venator shard|~","Extra","","","","","ManualTask"
"(Phantom Muspah) Obtain an ~|ancient icon|~","Extra","","","","","ManualTask"
"(Phantom Muspah) Obtain a ~|charged ice|~","Extra","","","","","ManualTask"
"(Phantom Muspah) Obtain a ~|frozen cache|~","Extra","","","","","ManualTask"
"(Phantom Muspah) Obtain an ~|ancient essence|~","Extra","","","","","ManualTask"
"(Royal Titans) Obtain a ~|bran|~","Extra","","","","","ManualTask"
"(Royal Titans) Obtain a ~|deadeye prayer scroll|~","Extra","","","","","ManualTask"
"(Royal Titans) Obtain a ~|mystic vigour prayer scroll|~","Extra","","","","","ManualTask"
"(Royal Titans) Obtain a ~|giantsoul amulet (uncharged)|~","Extra","","","","","ManualTask"
"(Royal Titans) Obtain a ~|ice element staff crown|~","Extra","","","","","ManualTask"
"(Royal Titans) Obtain a ~|fire element staff crown|~","Extra","","","","","ManualTask"
"(Royal Titans) Obtain a ~|desiccated page|~","Extra","","","","","ManualTask"
"(Sarachnis) Obtain a ~|sraracha|~","Extra","","","","","ManualTask"
"(Sarachnis) Obtain a ~|jar of eyes|~","Extra","","","","","ManualTask"
"(Sarachnis) Obtain a ~|giant egg sac(full)|~","Extra","","","","","ManualTask"
"(Sarachnis) Obtain a ~|sarachnis cudgel|~","Extra","","","","","ManualTask"
"(Scorpia) Obtain a ~|scorpia's offspring|~","Extra","","","","","ManualTask"
"(Scorpia) Obtain an ~|odium shard 3|~","Extra","","","","","ManualTask"
"(Scorpia) Obtain a ~|malediction shard 3|~","Extra","","","","","ManualTask"
"(Scorpia) Obtain a ~|dragon 2h sword|~","Extra","","","","","ManualTask"
"(Scurrius) Obtain a ~|Scurrius' spine|~","Extra","","","","","ManualTask"
"(Scurrius) Obtain a ~|scurry|~","Extra","","","","","ManualTask"
"(Skotizo) Obtain a ~|skotos|~","Extra","","","","","ManualTask"
"(Skotizo) Obtain a ~|jar of darkness|~","Extra","","","","","ManualTask"
"(Skotizo) Obtain a ~|dark claw|~","Extra","","","","","ManualTask"
"(Skotizo) Obtain a ~|dark totem|~","Extra","","","","","ManualTask"
"(Skotizo) Obtain an ~|uncut onyx|~","Extra","","","","","ManualTask"
"(Skotizo) Obtain an ~|ancient shard|~","Extra","","","","","ManualTask"
"(Tempoross) Obtain a ~|tiny tempor|~","Extra","","","","","ManualTask"
"(Tempoross) Obtain a ~|big harpoonfish|~","Extra","","","","","ManualTask"
"(Tempoross) Obtain a ~|spirit angler headband|~","Extra","","","","","ManualTask"
"(Tempoross) Obtain a ~|spirit angler top|~","Extra","","","","","ManualTask"
"(Tempoross) Obtain ~|spirit angler waders|~","Extra","","","","","ManualTask"
"(Tempoross) Obtain ~|spirit angler boots|~","Extra","","","","","ManualTask"
"(Tempoross) Obtain a ~|tome of water (empty)|~","Extra","","","","","ManualTask"
"(Tempoross) Obtain a ~|soaked page|~","Extra","","","","","ManualTask"
"(Tempoross) Obtain a ~|tackle box|~","Extra","","","","","ManualTask"
"(Tempoross) Obtain a ~|fish barrel|~","Extra","","","","","ManualTask"
"(Tempoross) Obtain a ~|dragon harpoon|~","Extra","","","","","ManualTask"
"(Tempoross) Obtain a ~|spirit flakes|~","Extra","","","","","ManualTask"
"(Thermonuclear smoke devil) Obtain a ~|pet smoke devil|~","Extra","","","","","ManualTask"
"(Thermonuclear smoke devil) Obtain an ~|occult necklace|~","Extra","","","","","ManualTask"
"(Thermonuclear smoke devil) Obtain a ~|smoke battlestaff|~","Extra","","","","","ManualTask"
"(Thermonuclear smoke devil) Obtain a ~|dragon chainbody|~","Extra","","","","","ManualTask"
"(Thermonuclear smoke devil) Obtain a ~|jar of smoke|~","Extra","","","","","ManualTask"
"(Vardorvis) Obtain a ~|butch|~","Extra","","","","","ManualTask"
"(Vardorvis) Obtain an ~|executioner's axe head|~","Extra","","","","","ManualTask"
"(Vardorvis) Obtain a ~|virtus mask|~","Extra","","","","","ManualTask"
"(Vardorvis) Obtain a ~|virtus robe top|~","Extra","","","","","ManualTask"
"(Vardorvis) Obtain a ~|virtus robe bottom|~","Extra","","","","","ManualTask"
"(Vardorvis) Obtain an ~|ultor vestige|~","Extra","","","","","ManualTask"
"(Vardorvis) Obtain a ~|blood quartz|~","Extra","","","","","ManualTask"
"(Vardorvis) Obtain a ~|strangled tablet|~","Extra","","","","","ManualTask"
"(Vardorvis) Obtain a ~|chromium ingot|~","Extra","","","","","ManualTask"
"(Vardorvis) Obtain a ~|awakener's orb|~","Extra","","","","","ManualTask"
"(Venenatis and Spindel) Obtain a ~|venenatis spiderling|~","Extra","","","","","ManualTask"
"(Venenatis and Spindel) Obtain a ~|treasonous ring|~","Extra","","","","","ManualTask"
"(Venenatis and Spindel) Obtain a ~|dragon pickaxe|~","Extra","","","","","ManualTask"
"(Venenatis and Spindel) Obtain a ~|dragon 2h sword|~","Extra","","","","","ManualTask"
"(Venenatis and Spindel) Obtain a ~|fangs of venenatis|~","Extra","","","","","ManualTask"
"(Venenatis and Spindel) Obtain a ~|voidwaker gem|~","Extra","","","","","ManualTask"
"(Vet'ion and Calvar'ion) Obtain a ~|vet'ion jr.|~","Extra","","","","","ManualTask"
"(Vet'ion and Calvar'ion) Obtain a ~|ring of the gods|~","Extra","","","","","ManualTask"
"(Vet'ion and Calvar'ion) Obtain a ~|dragon pickaxe|~","Extra","","","","","ManualTask"
"(Vet'ion and Calvar'ion) Obtain a ~|dragon 2h sword|~","Extra","","","","","ManualTask"
"(Vet'ion and Calvar'ion) Obtain a ~|skull of vet'ion|~","Extra","","","","","ManualTask"
"(Vet'ion and Calvar'ion) Obtain a ~|voidwaker blade|~","Extra","","","","","ManualTask"
"(Vorkath) Obtain a ~|vorki|~","Extra","","","","","ManualTask"
"(Vorkath) Obtain a ~|vorkath's head|~","Extra","","","","","ManualTask"
"(Vorkath) Obtain a ~|draconic visage|~","Extra","","","","","ManualTask"
"(Vorkath) Obtain a ~|skeletal visage|~","Extra","","","","","ManualTask"
"(Vorkath) Obtain a ~|jar of decay|~","Extra","","","","","ManualTask"
"(Vorkath) Obtain a ~|dragonbone necklace|~","Extra","","","","","ManualTask"
"(The Whisperer) Obtain a ~|wisp|~","Extra","","","","","ManualTask"
"(The Whisperer) Obtain a ~|siren's staff|~","Extra","","","","","ManualTask"
"(The Whisperer) Obtain a ~|virtus mask|~","Extra","","","","","ManualTask"
"(The Whisperer) Obtain a ~|virtus robe top|~","Extra","","","","","ManualTask"
"(The Whisperer) Obtain a ~|virtus robe bottom|~","Extra","","","","","ManualTask"
"(The Whisperer) Obtain a ~|bellator vestige|~","Extra","","","","","ManualTask"
"(The Whisperer) Obtain a ~|shadow quartz|~","Extra","","","","","ManualTask"
"(The Whisperer) Obtain a ~|sirenic tablet|~","Extra","","","","","ManualTask"
"(The Whisperer) Obtain a ~|chromium ingot|~","Extra","","","","","ManualTask"
"(The Whisperer) Obtain a ~|awakener's orb|~","Extra","","","","","ManualTask"
"(Wintertodt) Obtain a ~|phoenix|~","Extra","","","","","ManualTask"
"(Wintertodt) Obtain a ~|tome of fire (empty)|~","Extra","","","","","ManualTask"
"(Wintertodt) Obtain a ~|burnt page|~","Extra","","","","","ManualTask"
"(Wintertodt) Obtain a ~|pyromancer garb|~","Extra","","","","","ManualTask"
"(Wintertodt) Obtain a ~|pyromancer hood|~","Extra","","","","","ManualTask"
"(Wintertodt) Obtain a ~|pyromancer robe|~","Extra","","","","","ManualTask"
"(Wintertodt) Obtain ~|pyromancer boots|~","Extra","","","","","ManualTask"
"(Wintertodt) Obtain ~|warm gloves|~","Extra","","","","","ManualTask"
"(Wintertodt) Obtain a ~|bruma torch|~","Extra","","","","","ManualTask"
"(Wintertodt) Obtain a ~|dragon axe|~","Extra","","","","","ManualTask"
"(Yama) Obtain ~|yami|~","Extra","","","","","ManualTask"
"(Yama) Obtain a ~|chasm teleport scroll|~","Extra","","","","","ManualTask"
"(Yama) Obtain ~|oathplate shards|~","Extra","","","","","ManualTask"
"(Yama) Obtain an ~|oathplate helm|~","Extra","","","","","ManualTask"
"(Yama) Obtain an ~|oathplate chest|~","Extra","","","","","ManualTask"
"(Yama) Obtain an ~|oathplate legs|~","Extra","","","","","ManualTask"
"(Yama) Obtain a ~|soulflame horn|~","Extra","","","","","ManualTask"
"(Yama) Obtain a ~|rite of vile transference|~","Extra","","","","","ManualTask"
"(Yama) Obtain a ~|forgotten lockbox|~","Extra","","","","","ManualTask"
"(Yama) Obtain a ~|dossier|~","Extra","","","","","ManualTask"
"(Yama) Obtain a ~|barrel of demonic tallow (full)|~","Extra","","","","","ManualTask"
"(Zalcano) Obtain a ~|smolcano|~","Extra","","","","","ManualTask"
"(Zalcano) Obtain a ~|crystal tool seed|~","Extra","","","","","ManualTask"
"(Zalcano) Obtain a ~|zalcano shard|~","Extra","","","","","ManualTask"
"(Zalcano) Obtain an ~|uncut onyx|~","Extra","","","","","ManualTask"
"(Zulrah) Obtain a ~|pet snakeling|~","Extra","","","","","ManualTask"
"(Zulrah) Obtain a ~|tanzanite mutagen|~","Extra","","","","","ManualTask"
"(Zulrah) Obtain a ~|magma mutagen|~","Extra","","","","","ManualTask"
"(Zulrah) Obtain a ~|jar of swamp|~","Extra","","","","","ManualTask"
"(Zulrah) Obtain a ~|magic fang|~","Extra","","","","","ManualTask"
"(Zulrah) Obtain a ~|serpentine visage|~","Extra","","","","","ManualTask"
"(Zulrah) Obtain a ~|tanzanite fang|~","Extra","","","","","ManualTask"
"(Zulrah) Obtain a ~|zul-andra teleport|~","Extra","","","","","ManualTask"
"(Zulrah) Obtain an ~|uncut onyx|~","Extra","","","","","ManualTask"
"(Zulrah) Obtain ~|zulrah's scales|~","Extra","","","","","ManualTask"
"(CoX) Obtain an ~|olmlet|~","Extra","","","","","ManualTask"
"(CoX) Obtain a ~|metamorphic dust|~","Extra","","","","","ManualTask"
"(CoX) Obtain a ~|twisted bow|~","Extra","","","","","ManualTask"
"(CoX) Obtain an ~|elder maul|~","Extra","","","","","ManualTask"
"(CoX) Obtain a ~|kodai insignia|~","Extra","","","","","ManualTask"
"(CoX) Obtain a ~|dragon claws|~","Extra","","","","","ManualTask"
"(CoX) Obtain an ~|ancestral hat|~","Extra","","","","","ManualTask"
"(CoX) Obtain an ~|ancestral robe top|~","Extra","","","","","ManualTask"
"(CoX) Obtain an ~|ancestral robe bottom|~","Extra","","","","","ManualTask"
"(CoX) Obtain a ~|dinh's bulwark|~","Extra","","","","","ManualTask"
"(CoX) Obtain a ~|dexterous prayer scroll|~","Extra","","","","","ManualTask"
"(CoX) Obtain an ~|arcane prayer scroll|~","Extra","","","","","ManualTask"
"(CoX) Obtain a ~|dragon hunter crossbow|~","Extra","","","","","ManualTask"
"(CoX) Obtain a ~|twisted buckler|~","Extra","","","","","ManualTask"
"(CoX) Obtain a ~|torn prayer scroll|~","Extra","","","","","ManualTask"
"(CoX) Obtain a ~|dark relic|~","Extra","","","","","ManualTask"
"(CoX) Obtain an ~|onyx|~","Extra","","","","","ManualTask"
"(CoX) Obtain a ~|twisted ancestral colour kit|~","Extra","","","","","ManualTask"
"(CoX) Obtain a ~|xeric's guard|~","Extra","","","","","ManualTask"
"(CoX) Obtain a ~|xeric's warrior|~","Extra","","","","","ManualTask"
"(CoX) Obtain a ~|xeric's sentinel|~","Extra","","","","","ManualTask"
"(CoX) Obtain a ~|xeric's general|~","Extra","","","","","ManualTask"
"(CoX) Obtain a ~|xeric's champion|~","Extra","","","","","ManualTask"
"(ToB) Obtain a ~|lil' zik|~","Extra","","","","","ManualTask"
"(ToB) Obtain a ~|scythe of vitur (uncharged)|~","Extra","","","","","ManualTask"
"(ToB) Obtain a ~|ghrazi rapier|~","Extra","","","","","ManualTask"
"(ToB) Obtain a ~|sanguinesti staff (uncharged)|~","Extra","","","","","ManualTask"
"(ToB) Obtain a ~|justiciar faceguard|~","Extra","","","","","ManualTask"
"(ToB) Obtain a ~|justiciar chestguard|~","Extra","","","","","ManualTask"
"(ToB) Obtain a ~|justiciar legguards|~","Extra","","","","","ManualTask"
"(ToB) Obtain an ~|avernic defender hilt|~","Extra","","","","","ManualTask"
"(ToB) Obtain a ~|vial of blood|~","Extra","","","","","ManualTask"
"(ToB) Obtain a ~|sinhaza shroud tier 1|~","Extra","","","","","ManualTask"
"(ToB) Obtain a ~|sinhaza shroud tier 2|~","Extra","","","","","ManualTask"
"(ToB) Obtain a ~|sinhaza shroud tier 3|~","Extra","","","","","ManualTask"
"(ToB) Obtain a ~|sinhaza shroud tier 4|~","Extra","","","","","ManualTask"
"(ToB) Obtain a ~|sinhaza shroud tier 5|~","Extra","","","","","ManualTask"
"(ToB) Obtain a ~|sanguine dust|~","Extra","","","","","ManualTask"
"(ToB) Obtain a ~|holy ornament kit|~","Extra","","","","","ManualTask"
"(ToB) Obtain a ~|sanguine ornament kit|~","Extra","","","","","ManualTask"
"(ToA) Obtain a ~|tumeken's guardian|~","Extra","","","","","ManualTask"
"(ToA) Obtain a ~|tumeken's shadow (uncharged)|~","Extra","","","","","ManualTask"
"(ToA) Obtain an ~|elidinis' ward|~","Extra","","","","","ManualTask"
"(ToA) Obtain a ~|masori mask|~","Extra","","","","","ManualTask"
"(ToA) Obtain a ~|masori body|~","Extra","","","","","ManualTask"
"(ToA) Obtain ~|masori chaps|~","Extra","","","","","ManualTask"
"(ToA) Obtain a ~|lightbearer|~","Extra","","","","","ManualTask"
"(ToA) Obtain an ~|osmumten's fang|~","Extra","","","","","ManualTask"
"(ToA) Obtain a ~|thread of elidinis|~","Extra","","","","","ManualTask"
"(ToA) Obtain a ~|breach of the scarab|~","Extra","","","","","ManualTask"
"(ToA) Obtain an ~|eye of the corruptor|~","Extra","","","","","ManualTask"
"(ToA) Obtain a ~|jewel of the sun|~","Extra","","","","","ManualTask"
"(ToA) Obtain a ~|jewel of amascut|~","Extra","","","","","ManualTask"
"(ToA) Obtain a ~|menaphite ornament kit|~","Extra","","","","","ManualTask"
"(ToA) Obtain a ~|cursed phalanx|~","Extra","","","","","ManualTask"
"(ToA) Obtain a ~|masori crafting kit|~","Extra","","","","","ManualTask"
"(ToA) Obtain a ~|cache of runes|~","Extra","","","","","ManualTask"
"(ToA) Obtain an ~|icthlarin's shroud (tier 1)|~","Extra","","","","","ManualTask"
"(ToA) Obtain an ~|icthlarin's shroud (tier 2)|~","Extra","","","","","ManualTask"
"(ToA) Obtain an ~|icthlarin's shroud (tier 3)|~","Extra","","","","","ManualTask"
"(ToA) Obtain an ~|icthlarin's shroud (tier 4)|~","Extra","","","","","ManualTask"
"(ToA) Obtain an ~|icthlarin's shroud (tier 5)|~","Extra","","","","","ManualTask"
"(ToA) Obtain a ~|remnant of akkha|~","Extra","","","","","ManualTask"
"(ToA) Obtain a ~|remnant of ba-ba|~","Extra","","","","","ManualTask"
"(ToA) Obtain a ~|remnant of kephri|~","Extra","","","","","ManualTask"
"(ToA) Obtain a ~|remnant of zebak|~","Extra","","","","","ManualTask"
"(ToA) Obtain a ~|ancient remnant|~","Extra","","","","","ManualTask"
"(Barbarian Assault) Obtain a ~|pet penance queen|~","Extra","","","","","ManualTask"
"(Barbarian Assault) Obtain a ~|fighter hat|~","Extra","","","","","ManualTask"
"(Barbarian Assault) Obtain a ~|ranger hat|~","Extra","","","","","ManualTask"
"(Barbarian Assault) Obtain a ~|runner hat|~","Extra","","","","","ManualTask"
"(Barbarian Assault) Obtain a ~|healer hat|~","Extra","","","","","ManualTask"
"(Barbarian Assault) Obtain a ~|fighter torso|~","Extra","","","","","ManualTask"
"(Barbarian Assault) Obtain a ~|penance skirt|~","Extra","","","","","ManualTask"
"(Barbarian Assault) Obtain ~|runner boots|~","Extra","","","","","ManualTask"
"(Barbarian Assault) Obtain ~|penance gloves|~","Extra","","","","","ManualTask"
"(Barbarian Assault) Obtain a ~|granite helm|~","Extra","","","","","ManualTask"
"(Barbarian Assault) Obtain a ~|granite body|~","Extra","","","","","ManualTask"
"(Brimhaven Agility Arena) Obtain an ~|agility arena ticket|~","Extra","","","","","ManualTask"
"(Brimhaven Agility Arena) Obtain a ~|brimhaven voucher|~","Extra","","","","","ManualTask"
"(Brimhaven Agility Arena) Obtain a ~|pirate's hook|~","Extra","","","","","ManualTask"
"(Brimhaven Agility Arena) Obtain a ~|graceful hood (blue)|~","Extra","","","","","ManualTask"
"(Brimhaven Agility Arena) Obtain a ~|graceful top (blue)|~","Extra","","","","","ManualTask"
"(Brimhaven Agility Arena) Obtain a ~|graceful legs (blue)|~","Extra","","","","","ManualTask"
"(Brimhaven Agility Arena) Obtain a ~|graceful gloves (blue)|~","Extra","","","","","ManualTask"
"(Brimhaven Agility Arena) Obtain a ~|graceful boots (blue)|~","Extra","","","","","ManualTask"
"(Brimhaven Agility Arena) Obtain a ~|graceful cape (blue)|~","Extra","","","","","ManualTask"
"(Castle Wars) Obtain a ~|decorative helm (red)|~","Extra","","","","","ManualTask"
"(Castle Wars) Obtain a ~|decorative full helm (red)|~","Extra","","","","","ManualTask"
"(Castle Wars) Obtain a ~|decorative armour (red platebody)|~","Extra","","","","","ManualTask"
"(Castle Wars) Obtain a ~|decorative sword (red)|~","Extra","","","","","ManualTask"
"(Castle Wars) Obtain a ~|decorative shield (red)|~","Extra","","","","","ManualTask"
"(Castle Wars) Obtain a ~|decorative armour (red platelegs)|~","Extra","","","","","ManualTask"
"(Castle Wars) Obtain a ~|decorative armour (red plateskirt)|~","Extra","","","","","ManualTask"
"(Castle Wars) Obtain ~|decorative boots (red)|~","Extra","","","","","ManualTask"
"(Castle Wars) Obtain a ~|decorative helm (white)|~","Extra","","","","","ManualTask"
"(Castle Wars) Obtain a ~|decorative full helm (white)|~","Extra","","","","","ManualTask"
"(Castle Wars) Obtain ~|decorative armour (white platebody)|~","Extra","","","","","ManualTask"
"(Castle Wars) Obtain a ~|decorative sword (white)|~","Extra","","","","","ManualTask"
"(Castle Wars) Obtain a ~|decorative shield (white)|~","Extra","","","","","ManualTask"
"(Castle Wars) Obtain ~|decorative armour (white platelegs)|~","Extra","","","","","ManualTask"
"(Castle Wars) Obtain ~|decorative armour (white plateskirt)|~","Extra","","","","","ManualTask"
"(Castle Wars) Obtain ~|decorative boots (white)|~","Extra","","","","","ManualTask"
"(Castle Wars) Obtain a ~|decorative helm (gold)|~","Extra","","","","","ManualTask"
"(Castle Wars) Obtain a ~|decorative full helm (gold)|~","Extra","","","","","ManualTask"
"(Castle Wars) Obtain ~|decorative armour (gold platebody)|~","Extra","","","","","ManualTask"
"(Castle Wars) Obtain a ~|decorative sword (gold)|~","Extra","","","","","ManualTask"
"(Castle Wars) Obtain a ~|decorative shield (gold)|~","Extra","","","","","ManualTask"
"(Castle Wars) Obtain ~|decorative armour (gold platelegs)|~","Extra","","","","","ManualTask"
"(Castle Wars) Obtain ~|decorative armour (gold plateskirt)|~","Extra","","","","","ManualTask"
"(Castle Wars) Obtain ~|decorative boots (gold)|~","Extra","","","","","ManualTask"
"(Castle Wars) Obtain a ~|castlewars hood (Saradomin)|~","Extra","","","","","ManualTask"
"(Castle Wars) Obtain a ~|castlewars cloak (Saradomin)|~","Extra","","","","","ManualTask"
"(Castle Wars) Obtain a ~|castlewars hood (Zamorak)|~","Extra","","","","","ManualTask"
"(Castle Wars) Obtain a ~|castlewars cloak (Zamorak)|~","Extra","","","","","ManualTask"
"(Castle Wars) Obtain a ~|saradomin banner|~","Extra","","","","","ManualTask"
"(Castle Wars) Obtain a ~|zamorak banner|~","Extra","","","","","ManualTask"
"(Castle Wars) Obtain a ~|decorative armour (magic hat)|~","Extra","","","","","ManualTask"
"(Castle Wars) Obtain a ~|decorative armour (magic top)|~","Extra","","","","","ManualTask"
"(Castle Wars) Obtain a ~|decorative armour (magic legs)|~","Extra","","","","","ManualTask"
"(Castle Wars) Obtain a ~|decorative armour (ranged top)|~","Extra","","","","","ManualTask"
"(Castle Wars) Obtain a ~|decorative armour (ranged legs)|~","Extra","","","","","ManualTask"
"(Castle Wars) Obtain a ~|decorative armour (quiver)|~","Extra","","","","","ManualTask"
"(Castle Wars) Obtain a ~|saradomin halo|~","Extra","","","","","ManualTask"
"(Castle Wars) Obtain a ~|zamorak halo|~","Extra","","","","","ManualTask"
"(Castle Wars) Obtain a ~|guthix halo|~","Extra","","","","","ManualTask"
"(Fishing Trawler) Obtain an ~|angler hat|~","Extra","","","","","ManualTask"
"(Fishing Trawler) Obtain an ~|angler top|~","Extra","","","","","ManualTask"
"(Fishing Trawler) Obtain ~|angler waders|~","Extra","","","","","ManualTask"
"(Fishing Trawler) Obtain ~|angler boots|~","Extra","","","","","ManualTask"
"(Giants' Foundry) Obtain a ~|smiths tunic|~","Extra","","","","","ManualTask"
"(Giants' Foundry) Obtain ~|smiths trousers|~","Extra","","","","","ManualTask"
"(Giants' Foundry) Obtain ~|smiths boots|~","Extra","","","","","ManualTask"
"(Giants' Foundry) Obtain ~|smiths gloves|~","Extra","","","","","ManualTask"
"(Giants' Foundry) Obtain a ~|colossal blade|~","Extra","","","","","ManualTask"
"(Giants' Foundry) Obtain a ~|double ammo mould|~","Extra","","","","","ManualTask"
"(Giants' Foundry) Obtain a ~|Kovac's grog|~","Extra","","","","","ManualTask"
"(Giants' Foundry) Obtain a ~|smithing catalyst|~","Extra","","","","","ManualTask"
"(Giants' Foundry) Obtain an ~|ore pack (Giants' Foundry)|~","Extra","","","","","ManualTask"
"(Gnome Restaurant) Obtain a ~|grand seed pod|~","Extra","","","","","ManualTask"
"(Gnome Restaurant) Obtain a ~|gnome scarf|~","Extra","","","","","ManualTask"
"(Gnome Restaurant) Obtain a ~|gnome goggles|~","Extra","","","","","ManualTask"
"(Gnome Restaurant) Obtain a ~|mint cake|~","Extra","","","","","ManualTask"
"(Guardians of the Rift) Obtain an ~|abyssal protector|~","Extra","","","","","ManualTask"
"(Guardians of the Rift) Obtain ~|abyssal pearls|~","Extra","","","","","ManualTask"
"(Guardians of the Rift) Obtain a ~|catalytic talisman|~","Extra","","","","","ManualTask"
"(Guardians of the Rift) Obtain an ~|abyssal needle|~","Extra","","","","","ManualTask"
"(Guardians of the Rift) Obtain an ~|abyssal green dye|~","Extra","","","","","ManualTask"
"(Guardians of the Rift) Obtain an ~|abyssal blue dye|~","Extra","","","","","ManualTask"
"(Guardians of the Rift) Obtain an ~|abyssal red dye|~","Extra","","","","","ManualTask"
"(Guardians of the Rift) Obtain a ~|hat of the eye|~","Extra","","","","","ManualTask"
"(Guardians of the Rift) Obtain a ~|robe top of the eye|~","Extra","","","","","ManualTask"
"(Guardians of the Rift) Obtain a ~|robe bottoms of the eye|~","Extra","","","","","ManualTask"
"(Guardians of the Rift) Obtain ~|boots of the eye|~","Extra","","","","","ManualTask"
"(Guardians of the Rift) Obtain a ~|ring of the elements|~","Extra","","","","","ManualTask"
"(Guardians of the Rift) Obtain an ~|abyssal lantern|~","Extra","","","","","ManualTask"
"(Guardians of the Rift) Obtain an ~|guardian's eye|~","Extra","","","","","ManualTask"
"(Guardians of the Rift) Obtain an ~|intricate pouch|~","Extra","","","","","ManualTask"
"(Guardians of the Rift) Obtain a ~|lost bag|~","Extra","","","","","ManualTask"
"(Guardians of the Rift) Obtain a ~|tarnished locket|~","Extra","","","","","ManualTask"
"(Hallowed Sepulchre) Obtain a ~|hallowed mark|~","Extra","","","","","ManualTask"
"(Hallowed Sepulchre) Obtain a ~|hallowed token|~","Extra","","","","","ManualTask"
"(Hallowed Sepulchre) Obtain a ~|hallowed grapple|~","Extra","","","","","ManualTask"
"(Hallowed Sepulchre) Obtain a ~|hallowed focus|~","Extra","","","","","ManualTask"
"(Hallowed Sepulchre) Obtain a ~|hallowed symbol|~","Extra","","","","","ManualTask"
"(Hallowed Sepulchre) Obtain a ~|hallowed hammer|~","Extra","","","","","ManualTask"
"(Hallowed Sepulchre) Obtain a ~|hallowed ring|~","Extra","","","","","ManualTask"
"(Hallowed Sepulchre) Obtain a ~|dark dye|~","Extra","","","","","ManualTask"
"(Hallowed Sepulchre) Obtain a ~|dark acorn|~","Extra","","","","","ManualTask"
"(Hallowed Sepulchre) Obtain a ~|strange old lockpick|~","Extra","","","","","ManualTask"
"(Hallowed Sepulchre) Obtain a ~|ring of endurance|~","Extra","","","","","ManualTask"
"(Hallowed Sepulchre) Obtain a ~|mysterious page (1)|~","Extra","","","","","ManualTask"
"(Hallowed Sepulchre) Obtain a ~|mysterious page (2)|~","Extra","","","","","ManualTask"
"(Hallowed Sepulchre) Obtain a ~|mysterious page (3)|~","Extra","","","","","ManualTask"
"(Hallowed Sepulchre) Obtain a ~|mysterious page (4)|~","Extra","","","","","ManualTask"
"(Hallowed Sepulchre) Obtain a ~|mysterious page (5)|~","Extra","","","","","ManualTask"
"(Last Man Standing) Obtain a ~|deadman's chest|~","Extra","","","","","ManualTask"
"(Last Man Standing) Obtain a ~|deadman's legs|~","Extra","","","","","ManualTask"
"(Last Man Standing) Obtain a ~|deadman's cape|~","Extra","","","","","ManualTask"
"(Last Man Standing) Obtain an ~|armadyl halo|~","Extra","","","","","ManualTask"
"(Last Man Standing) Obtain a ~|bandos halo|~","Extra","","","","","ManualTask"
"(Last Man Standing) Obtain a ~|seren halo|~","Extra","","","","","ManualTask"
"(Last Man Standing) Obtain an ~|ancient halo|~","Extra","","","","","ManualTask"
"(Last Man Standing) Obtain a ~|brassica halo|~","Extra","","","","","ManualTask"
"(Last Man Standing) Obtain a ~|golden armadyl special attack|~","Extra","","","","","ManualTask"
"(Last Man Standing) Obtain a ~|golden bandos special attack|~","Extra","","","","","ManualTask"
"(Last Man Standing) Obtain a ~|golden saradomin special attack|~","Extra","","","","","ManualTask"
"(Last Man Standing) Obtain a ~|golden zamorak special attack|~","Extra","","","","","ManualTask"
"(Last Man Standing) Obtain a ~|victor's cape (1)|~","Extra","","","","","ManualTask"
"(Last Man Standing) Obtain a ~|victor's cape (10)|~","Extra","","","","","ManualTask"
"(Last Man Standing) Obtain a ~|victor's cape (50)|~","Extra","","","","","ManualTask"
"(Last Man Standing) Obtain a ~|victor's cape (100)|~","Extra","","","","","ManualTask"
"(Last Man Standing) Obtain a ~|victor's cape (500)|~","Extra","","","","","ManualTask"
"(Last Man Standing) Obtain a ~|victor's cape (1000)|~","Extra","","","","","ManualTask"
"(Last Man Standing) Obtain a ~|granite clamp|~","Extra","","","","","ManualTask"
"(Last Man Standing) Obtain an ~|ornate maul handle|~","Extra","","","","","ManualTask"
"(Last Man Standing) Obtain a ~|steam staff upgrade kit|~","Extra","","","","","ManualTask"
"(Last Man Standing) Obtain a ~|lava staff upgrade kit|~","Extra","","","","","ManualTask"
"(Last Man Standing) Obtain a ~|dragon pickaxe upgrade kit|~","Extra","","","","","ManualTask"
"(Last Man Standing) Obtain a ~|ward upgrade kit|~","Extra","","","","","ManualTask"
"(Last Man Standing) Obtain a ~|green dark bow paint|~","Extra","","","","","ManualTask"
"(Last Man Standing) Obtain a ~|yellow dark bow paint|~","Extra","","","","","ManualTask"
"(Last Man Standing) Obtain a ~|white dark bow paint|~","Extra","","","","","ManualTask"
"(Last Man Standing) Obtain a ~|blue dark bow paint|~","Extra","","","","","ManualTask"
"(Last Man Standing) Obtain a ~|volcanic whip mix|~","Extra","","","","","ManualTask"
"(Last Man Standing) Obtain a ~|frozen whip mix|~","Extra","","","","","ManualTask"
"(Last Man Standing) Obtain a ~|guthixian icon|~","Extra","","","","","ManualTask"
"(Last Man Standing) Obtain a ~|swift blade|~","Extra","","","","","ManualTask"
"(Magic Training Arena) Obtain a ~|beginner wand|~","Extra","","","","","ManualTask"
"(Magic Training Arena) Obtain an ~|apprentice wand|~","Extra","","","","","ManualTask"
"(Magic Training Arena) Obtain a ~|teacher wand|~","Extra","","","","","ManualTask"
"(Magic Training Arena) Obtain a ~|master wand|~","Extra","","","","","ManualTask"
"(Magic Training Arena) Obtain an ~|infinity hat|~","Extra","","","","","ManualTask"
"(Magic Training Arena) Obtain an ~|infinity top|~","Extra","","","","","ManualTask"
"(Magic Training Arena) Obtain ~|infinity bottoms|~","Extra","","","","","ManualTask"
"(Magic Training Arena) Obtain ~|infinity boots|~","Extra","","","","","ManualTask"
"(Magic Training Arena) Obtain ~|infinity gloves|~","Extra","","","","","ManualTask"
"(Magic Training Arena) Obtain a ~|mage's book|~","Extra","","","","","ManualTask"
"(Magic Training Arena) Obtain ~|bones to peaches|~","Extra","","","","","ManualTask"
"(Mahogany Homes) Obtain a ~|supply crate|~","Extra","","","","","ManualTask"
"(Mahogany Homes) Obtain a ~|carpenter's helmet|~","Extra","","","","","ManualTask"
"(Mahogany Homes) Obtain a ~|carpenter's shirt|~","Extra","","","","","ManualTask"
"(Mahogany Homes) Obtain a ~|carpenter's trousers|~","Extra","","","","","ManualTask"
"(Mahogany Homes) Obtain a ~|carpenter's boots|~","Extra","","","","","ManualTask"
"(Mahogany Homes) Obtain ~|amy's saw|~","Extra","","","","","ManualTask"
"(Mahogany Homes) Obtain a ~|plank sack|~","Extra","","","","","ManualTask"
"(Mahogany Homes) Obtain ~|hosidius blueprints|~","Extra","","","","","ManualTask"
"(Mastering Mixology) Obtain ~|prescription goggles|~","Extra","","","","","ManualTask"
"(Mastering Mixology) Obtain an ~|alchemist labcoat|~","Extra","","","","","ManualTask"
"(Mastering Mixology) Obtain ~|alchemist pants|~","Extra","","","","","ManualTask"
"(Mastering Mixology) Obtain ~|alchemist gloves|~","Extra","","","","","ManualTask"
"(Mastering Mixology) Obtain an ~|alchemist's amulet|~","Extra","","","","","ManualTask"
"(Mastering Mixology) Obtain a ~|reagent pouch|~","Extra","","","","","ManualTask"
"(Mastering Mixology) Obtain a ~|chugging barrel (disassembled)|~","Extra","","","","","ManualTask"
"(Pest Control) Obtain a ~|void knight mace|~","Extra","","","","","ManualTask"
"(Pest Control) Obtain a ~|void knight top|~","Extra","","","","","ManualTask"
"(Pest Control) Obtain a ~|void knight robe|~","Extra","","","","","ManualTask"
"(Pest Control) Obtain ~|void knight gloves|~","Extra","","","","","ManualTask"
"(Pest Control) Obtain a ~|void mage helm|~","Extra","","","","","ManualTask"
"(Pest Control) Obtain a ~|void melee helm|~","Extra","","","","","ManualTask"
"(Pest Control) Obtain a ~|void ranger helm|~","Extra","","","","","ManualTask"
"(Pest Control) Obtain a ~|void seal(8)|~","Extra","","","","","ManualTask"
"(Pest Control) Obtain an ~|elite void top|~","Extra","","","","","ManualTask"
"(Pest Control) Obtain an ~|elite void robe|~","Extra","","","","","ManualTask"
"(Rogues' Den) Obtain a ~|rogue mask|~","Extra","","","","","ManualTask"
"(Rogues' Den) Obtain a ~|rogue top|~","Extra","","","","","ManualTask"
"(Rogues' Den) Obtain ~|rogue trousers|~","Extra","","","","","ManualTask"
"(Rogues' Den) Obtain ~|rogue boots|~","Extra","","","","","ManualTask"
"(Rogues' Den) Obtain ~|rogue gloves|~","Extra","","","","","ManualTask"
"(Shades of Mort'ton) Obtain an ~|amulet of the damned|~","Extra","","","","","ManualTask"
"(Shades of Mort'ton) Obtain a ~|flamtaer bag|~","Extra","","","","","ManualTask"
"(Shades of Mort'ton) Obtain a ~|fine cloth|~","Extra","","","","","ManualTask"
"(Shades of Mort'ton) Obtain a ~|bronze locks|~","Extra","","","","","ManualTask"
"(Shades of Mort'ton) Obtain a ~|steel locks|~","Extra","","","","","ManualTask"
"(Shades of Mort'ton) Obtain a ~|black locks|~","Extra","","","","","ManualTask"
"(Shades of Mort'ton) Obtain a ~|silver locks|~","Extra","","","","","ManualTask"
"(Shades of Mort'ton) Obtain a ~|gold locks|~","Extra","","","","","ManualTask"
"(Shades of Mort'ton) Obtain a ~|zealot's helm|~","Extra","","","","","ManualTask"
"(Shades of Mort'ton) Obtain a ~|zealot's robe top|~","Extra","","","","","ManualTask"
"(Shades of Mort'ton) Obtain a ~|zealot's robe bottom|~","Extra","","","","","ManualTask"
"(Shades of Mort'ton) Obtain ~|zealot's boots|~","Extra","","","","","ManualTask"
"(Shades of Mort'ton) Obtain a ~|tree wizards' journal|~","Extra","","","","","ManualTask"
"(Shades of Mort'ton) Obtain a ~|bloody notes|~","Extra","","","","","ManualTask"
"(Soul Wars) Obtain a ~|lil' creator|~","Extra","","","","","ManualTask"
"(Soul Wars) Obtain a ~|soul cape|~","Extra","","","","","ManualTask"
"(Soul Wars) Obtain an ~|ectoplasmator|~","Extra","","","","","ManualTask"
"(Temple Trekking) Obtain a ~|lumberjack hat|~","Extra","","","","","ManualTask"
"(Temple Trekking) Obtain a ~|lumberjack top|~","Extra","","","","","ManualTask"
"(Temple Trekking) Obtain ~|lumberjack legs|~","Extra","","","","","ManualTask"
"(Temple Trekking) Obtain ~|lumberjack boots|~","Extra","","","","","ManualTask"
"(Tithe Farm) Obtain a ~|farmer's strawhat|~","Extra","","","","","ManualTask"
"(Tithe Farm) Obtain a ~|farmer's jacket|~","Extra","","","","","ManualTask"
"(Tithe Farm) Obtain ~|farmer's boro trousers|~","Extra","","","","","ManualTask"
"(Tithe Farm) Obtain ~|farmer's boots|~","Extra","","","","","ManualTask"
"(Tithe Farm) Obtain a ~|seed box|~","Extra","","","","","ManualTask"
"(Tithe Farm) Obtain a ~|gricoller's can|~","Extra","","","","","ManualTask"
"(Tithe Farm) Obtain a ~|herb sack|~","Extra","","","","","ManualTask"
"(Trouble Brewing) Obtain a ~|blue naval shirt|~","Extra","","","","","ManualTask"
"(Trouble Brewing) Obtain a ~|blue tricorn hat|~","Extra","","","","","ManualTask"
"(Trouble Brewing) Obtain a ~|blue navy slacks|~","Extra","","","","","ManualTask"
"(Trouble Brewing) Obtain a ~|green naval shirt|~","Extra","","","","","ManualTask"
"(Trouble Brewing) Obtain a ~|green tricorn hat|~","Extra","","","","","ManualTask"
"(Trouble Brewing) Obtain a ~|green navy slacks|~","Extra","","","","","ManualTask"
"(Trouble Brewing) Obtain a ~|red naval shirt|~","Extra","","","","","ManualTask"
"(Trouble Brewing) Obtain a ~|red tricorn hat|~","Extra","","","","","ManualTask"
"(Trouble Brewing) Obtain a ~|red navy slacks|~","Extra","","","","","ManualTask"
"(Trouble Brewing) Obtain a ~|brown naval shirt|~","Extra","","","","","ManualTask"
"(Trouble Brewing) Obtain a ~|brown tricorn hat|~","Extra","","","","","ManualTask"
"(Trouble Brewing) Obtain a ~|brown navy slacks|~","Extra","","","","","ManualTask"
"(Trouble Brewing) Obtain a ~|black naval shirt|~","Extra","","","","","ManualTask"
"(Trouble Brewing) Obtain a ~|black tricorn hat|~","Extra","","","","","ManualTask"
"(Trouble Brewing) Obtain a ~|black navy slacks|~","Extra","","","","","ManualTask"
"(Trouble Brewing) Obtain a ~|purple naval shirt|~","Extra","","","","","ManualTask"
"(Trouble Brewing) Obtain a ~|purple tricorn hat|~","Extra","","","","","ManualTask"
"(Trouble Brewing) Obtain a ~|purple navy slacks|~","Extra","","","","","ManualTask"
"(Trouble Brewing) Obtain a ~|grey naval shirt|~","Extra","","","","","ManualTask"
"(Trouble Brewing) Obtain a ~|grey tricorn hat|~","Extra","","","","","ManualTask"
"(Trouble Brewing) Obtain a ~|grey navy slacks|~","Extra","","","","","ManualTask"
"(Trouble Brewing) Obtain a ~|cutthroat flag|~","Extra","","","","","ManualTask"
"(Trouble Brewing) Obtain a ~|gilded smile flag|~","Extra","","","","","ManualTask"
"(Trouble Brewing) Obtain a ~|bronze fist flag|~","Extra","","","","","ManualTask"
"(Trouble Brewing) Obtain a ~|lucky shot flag|~","Extra","","","","","ManualTask"
"(Trouble Brewing) Obtain a ~|treasure flag|~","Extra","","","","","ManualTask"
"(Trouble Brewing) Obtain a ~|phasmatys flag|~","Extra","","","","","ManualTask"
"(Trouble Brewing) Obtain ~|the stuff|~","Extra","","","","","ManualTask"
"(Trouble Brewing) Obtain ~|rum (red)|~","Extra","","","","","ManualTask"
"(Trouble Brewing) Obtain ~|rum (blue)|~","Extra","","","","","ManualTask"
"(Vale Totems) Obtain a ~|fletching knife|~","Extra","","","","","ManualTask"
"(Vale Totems) Obtain a ~|bow string spool|~","Extra","","","","","ManualTask"
"(Vale Totems) Obtain an ~|ent branch|~","Extra","","","","","ManualTask"
"(Vale Totems) Obtain a ~|greenman mask|~","Extra","","","","","ManualTask"
"(Volcanic Mine) Obtain an ~|ash covered tome|~","Extra","","","","","ManualTask"
"(Volcanic Mine) Obtain a ~|large water container|~","Extra","","","","","ManualTask"
"(Volcanic Mine) Obtain a ~|volcanic mine teleport|~","Extra","","","","","ManualTask"
"(Volcanic Mine) Obtain a ~|dragon pickaxe (broken)|~","Extra","","","","","ManualTask"
"(Volcanic Mine) Obtain a ~|prospector helmet|~","Extra","","","","","ManualTask"
"(Volcanic Mine) Obtain a ~|prospector jacket|~","Extra","","","","","ManualTask"
"(Volcanic Mine) Obtain ~|prospector legs|~","Extra","","","","","ManualTask"
"(Volcanic Mine) Obtain ~|prospector boots|~","Extra","","","","","ManualTask"
"(Aerial Fishing) Obtain a ~|golden tench|~","Extra","","","","","ManualTask"
"(Aerial Fishing) Obtain a ~|pearl fishing rod|~","Extra","","","","","ManualTask"
"(Aerial Fishing) Obtain a ~|pearl fly fishing rod|~","Extra","","","","","ManualTask"
"(Aerial Fishing) Obtain a ~|pearl barbarian rod|~","Extra","","","","","ManualTask"
"(Aerial Fishing) Obtain a ~|fish sack|~","Extra","","","","","ManualTask"
"(Aerial Fishing) Obtain an ~|angler hat|~","Extra","","","","","ManualTask"
"(Aerial Fishing) Obtain an ~|angler top|~","Extra","","","","","ManualTask"
"(Aerial Fishing) Obtain ~|angler waders|~","Extra","","","","","ManualTask"
"(Aerial Fishing) Obtain ~|angler boots|~","Extra","","","","","ManualTask"
"(All Pets) Obtain an ~|abyssal orphan|~","Extra","","","","","ManualTask"
"(All Pets) Obtain an ~|ikkle hydra|~","Extra","","","","","ManualTask"
"(All Pets) Obtain a ~|callisto cub|~","Extra","","","","","ManualTask"
"(All Pets) Obtain a ~|hellpuppy|~","Extra","","","","","ManualTask"
"(All Pets) Obtain a ~|pet chaos elemental|~","Extra","","","","","ManualTask"
"(All Pets) Obtain a ~|pet zilyana|~","Extra","","","","","ManualTask"
"(All Pets) Obtain a ~|pet dark core|~","Extra","","","","","ManualTask"
"(All Pets) Obtain a ~|pet dagannoth prime|~","Extra","","","","","ManualTask"
"(All Pets) Obtain a ~|pet dagannoth supreme|~","Extra","","","","","ManualTask"
"(All Pets) Obtain a ~|pet dagannoth rex|~","Extra","","","","","ManualTask"
"(All Pets) Obtain a ~|tzrek-jad|~","Extra","","","","","ManualTask"
"(All Pets) Obtain a ~|pet general graardor|~","Extra","","","","","ManualTask"
"(All Pets) Obtain a ~|baby mole|~","Extra","","","","","ManualTask"
"(All Pets) Obtain a ~|noon|~","Extra","","","","","ManualTask"
"(All Pets) Obtain a ~|jal-nib-rek|~","Extra","","","","","ManualTask"
"(All Pets) Obtain a ~|kalphite princess|~","Extra","","","","","ManualTask"
"(All Pets) Obtain a ~|prince black dragon|~","Extra","","","","","ManualTask"
"(All Pets) Obtain a ~|pet kraken|~","Extra","","","","","ManualTask"
"(All Pets) Obtain a ~|pet kree'arra|~","Extra","","","","","ManualTask"
"(All Pets) Obtain a ~|pet k'ril tsutsaroth|~","Extra","","","","","ManualTask"
"(All Pets) Obtain a ~|scorpia's offspring|~","Extra","","","","","ManualTask"
"(All Pets) Obtain a ~|skotos|~","Extra","","","","","ManualTask"
"(All Pets) Obtain a ~|pet smoke devil|~","Extra","","","","","ManualTask"
"(All Pets) Obtain a ~|venenatis spiderling|~","Extra","","","","","ManualTask"
"(All Pets) Obtain a ~|vet'ion jr.|~","Extra","","","","","ManualTask"
"(All Pets) Obtain a ~|vorki|~","Extra","","","","","ManualTask"
"(All Pets) Obtain a ~|phoenix|~","Extra","","","","","ManualTask"
"(All Pets) Obtain a ~|pet snakeling|~","Extra","","","","","ManualTask"
"(All Pets) Obtain an ~|olmlet|~","Extra","","","","","ManualTask"
"(All Pets) Obtain a ~|lil' zik|~","Extra","","","","","ManualTask"
"(All Pets) Obtain a ~|pet penance queen|~","Extra","","","","","ManualTask"
"(All Pets) Obtain a ~|baby chinchompa|~","Extra","","","","","ManualTask"
"(All Pets) Obtain a ~|herbi|~","Extra","","","","","ManualTask"
"(All Pets) Obtain a ~|chompy chick|~","Extra","","","","","ManualTask"
"(All Pets) Obtain a ~|sraracha|~","Extra","","","","","ManualTask"
"(All Pets) Obtain a ~|smolcano|~","Extra","","","","","ManualTask"
"(All Pets) Obtain a ~|youngllef|~","Extra","","","","","ManualTask"
"(All Pets) Obtain a ~|little nightmare|~","Extra","","","","","ManualTask"
"(All Pets) Obtain a ~|lil' creator|~","Extra","","","","","ManualTask"
"(All Pets) Obtain a ~|tiny tempor|~","Extra","","","","","ManualTask"
"(All Pets) Obtain a ~|nexling|~","Extra","","","","","ManualTask"
"(All Pets) Obtain an ~|abyssal protector|~","Extra","","","","","ManualTask"
"(All Pets) Obtain a ~|tumeken's guardian|~","Extra","","","","","ManualTask"
"(All Pets) Obtain a ~|muphin|~","Extra","","","","","ManualTask"
"(All Pets) Obtain a ~|wisp|~","Extra","","","","","ManualTask"
"(All Pets) Obtain a ~|baron|~","Extra","","","","","ManualTask"
"(All Pets) Obtain a ~|butch|~","Extra","","","","","ManualTask"
"(All Pets) Obtain a ~|lil'viathan|~","Extra","","","","","ManualTask"
"(All Pets) Obtain a ~|scurry|~","Extra","","","","","ManualTask"
"(All Pets) Obtain a ~|smol heredit|~","Extra","","","","","ManualTask"
"(All Pets) Obtain a ~|quetzin|~","Extra","","","","","ManualTask"
"(All Pets) Obtain a ~|nid|~","Extra","","","","","ManualTask"
"(All Pets) Obtain a ~|huberte|~","Extra","","","","","ManualTask"
"(All Pets) Obtain a ~|bran|~","Extra","","","","","ManualTask"
"(All Pets) Obtain ~|yami|~","Extra","","","","","ManualTask"
"(Camdozaal) Obtain a ~|barronite mace|~","Extra","","","","","ManualTask"
"(Camdozaal) Obtain a ~|barronite head|~","Extra","","","","","ManualTask"
"(Camdozaal) Obtain a ~|barronite handle|~","Extra","","","","","ManualTask"
"(Camdozaal) Obtain a ~|barronite guard|~","Extra","","","","","ManualTask"
"(Camdozaal) Obtain an ~|ancient globe|~","Extra","","","","","ManualTask"
"(Camdozaal) Obtain an ~|ancient ledger|~","Extra","","","","","ManualTask"
"(Camdozaal) Obtain an ~|ancient astroscope|~","Extra","","","","","ManualTask"
"(Camdozaal) Obtain an ~|ancient treatise|~","Extra","","","","","ManualTask"
"(Camdozaal) Obtain an ~|ancient carcanet|~","Extra","","","","","ManualTask"
"(Camdozaal) Obtain an ~|imcando hammer|~","Extra","","","","","ManualTask"
"(Champion's Challenge) Obtain (with 32QP) an ~|earth warrior champion scroll|~","Extra","","","","","ManualTask"
"(Champion's Challenge) Obtain (with 32QP) a ~|ghoul champion scroll|~","Extra","","","","","ManualTask"
"(Champion's Challenge) Obtain (with 32QP) a ~|giant champion scroll|~","Extra","","","","","ManualTask"
"(Champion's Challenge) Obtain (with 32QP) a ~|goblin champion scroll|~","Extra","","","","","ManualTask"
"(Champion's Challenge) Obtain (with 32QP) a ~|hobgoblin champion scroll|~","Extra","","","","","ManualTask"
"(Champion's Challenge) Obtain (with 32QP) an ~|imp champion scroll|~","Extra","","","","","ManualTask"
"(Champion's Challenge) Obtain (with 32QP) a ~|jogre champion scroll|~","Extra","","","","","ManualTask"
"(Champion's Challenge) Obtain (with 32QP) a ~|lesser demon champion scroll|~","Extra","","","","","ManualTask"
"(Champion's Challenge) Obtain (with 32QP) a ~|skeleton champion scroll|~","Extra","","","","","ManualTask"
"(Champion's Challenge) Obtain (with 32QP) a ~|zombie champion scroll|~","Extra","","","","","ManualTask"
"(Champion's Challenge) Obtain (with 32QP) a ~|champion's cape|~","Extra","","","","","ManualTask"
"(Chaos Druids) Obtain an ~|elder chaos top|~","Extra","","","","","ManualTask"
"(Chaos Druids) Obtain an ~|elder chaos robe|~","Extra","","","","","ManualTask"
"(Chaos Druids) Obtain an ~|elder chaos hood|~","Extra","","","","","ManualTask"
"(Colossal Wyrm Agility) Obtain a ~|colossal wyrm teleport scroll|~","Extra","","","","","ManualTask"
"(Colossal Wyrm Agility) Obtain a ~|calcified acorn|~","Extra","","","","","ManualTask"
"(Colossal Wyrm Agility) Obtain a ~|graceful hood (Varlamore)|~","Extra","","","","","ManualTask"
"(Colossal Wyrm Agility) Obtain a ~|graceful top (Varlamore)|~","Extra","","","","","ManualTask"
"(Colossal Wyrm Agility) Obtain a ~|graceful legs (Varlamore)|~","Extra","","","","","ManualTask"
"(Colossal Wyrm Agility) Obtain a ~|graceful gloves (Varlamore)|~","Extra","","","","","ManualTask"
"(Colossal Wyrm Agility) Obtain a ~|graceful boots (Varlamore)|~","Extra","","","","","ManualTask"
"(Colossal Wyrm Agility) Obtain a ~|graceful cape (Varlamore)|~","Extra","","","","","ManualTask"
"(Chompy Birds) Obtain a ~|chompy chick|~","Extra","","","","","ManualTask"
"(Chompy Birds) Obtain a ~|chompy bird hat (ogre bowman)|~","Extra","","","","","ManualTask"
"(Chompy Birds) Obtain a ~|chompy bird hat (bowman)|~","Extra","","","","","ManualTask"
"(Chompy Birds) Obtain a ~|chompy bird hat (ogre yeoman)|~","Extra","","","","","ManualTask"
"(Chompy Birds) Obtain a ~|chompy bird hat (yeoman)|~","Extra","","","","","ManualTask"
"(Chompy Birds) Obtain a ~|chompy bird hat (ogre marksman)|~","Extra","","","","","ManualTask"
"(Chompy Birds) Obtain a ~|chompy bird hat (marksman)|~","Extra","","","","","ManualTask"
"(Chompy Birds) Obtain a ~|chompy bird hat (ogre woodsman)|~","Extra","","","","","ManualTask"
"(Chompy Birds) Obtain a ~|chompy bird hat (woodsman)|~","Extra","","","","","ManualTask"
"(Chompy Birds) Obtain a ~|chompy bird hat (ogre forester)|~","Extra","","","","","ManualTask"
"(Chompy Birds) Obtain a ~|chompy bird hat (forester)|~","Extra","","","","","ManualTask"
"(Chompy Birds) Obtain a ~|chompy bird hat (ogre bowmaster)|~","Extra","","","","","ManualTask"
"(Chompy Birds) Obtain a ~|chompy bird hat (bowmaster)|~","Extra","","","","","ManualTask"
"(Chompy Birds) Obtain a ~|chompy bird hat (ogre expert)|~","Extra","","","","","ManualTask"
"(Chompy Birds) Obtain a ~|chompy bird hat (expert)|~","Extra","","","","","ManualTask"
"(Chompy Birds) Obtain a ~|chompy bird hat (ogre dragon archer)|~","Extra","","","","","ManualTask"
"(Chompy Birds) Obtain a ~|chompy bird hat (dragon archer)|~","Extra","","","","","ManualTask"
"(Chompy Birds) Obtain a ~|chompy bird hat (expert ogre dragon archer)|~","Extra","","","","","ManualTask"
"(Chompy Birds) Obtain a ~|chompy bird hat (expert dragon archer)|~","Extra","","","","","ManualTask"
"(Creature Creation) Obtain a ~|tea flask|~","Extra","","","","","ManualTask"
"(Creature Creation) Obtain a ~|plain satchel|~","Extra","","","","","ManualTask"
"(Creature Creation) Obtain a ~|green satchel|~","Extra","","","","","ManualTask"
"(Creature Creation) Obtain a ~|red satchel|~","Extra","","","","","ManualTask"
"(Creature Creation) Obtain a ~|black satchel|~","Extra","","","","","ManualTask"
"(Creature Creation) Obtain a ~|gold satchel|~","Extra","","","","","ManualTask"
"(Creature Creation) Obtain a ~|rune satchel|~","Extra","","","","","ManualTask"
"(Cyclopes) Obtain a ~|bronze defender|~","Extra","","","","","ManualTask"
"(Cyclopes) Obtain an ~|iron defender|~","Extra","","","","","ManualTask"
"(Cyclopes) Obtain a ~|steel defender|~","Extra","","","","","ManualTask"
"(Cyclopes) Obtain a ~|black defender|~","Extra","","","","","ManualTask"
"(Cyclopes) Obtain a ~|mithril defender|~","Extra","","","","","ManualTask"
"(Cyclopes) Obtain an ~|adamant defender|~","Extra","","","","","ManualTask"
"(Cyclopes) Obtain a ~|rune defender|~","Extra","","","","","ManualTask"
"(Cyclopes) Obtain a ~|dragon defender|~","Extra","","","","","ManualTask"
"(Forestry) Obtain a ~|fox whistle|~","Extra","","","","","ManualTask"
"(Forestry) Obtain a ~|golden pheasant egg|~","Extra","","","","","ManualTask"
"(Forestry) Obtain a ~|lumberjack hat|~","Extra","","","","","ManualTask"
"(Forestry) Obtain a ~|lumberjack top|~","Extra","","","","","ManualTask"
"(Forestry) Obtain a ~|lumberjack legs|~","Extra","","","","","ManualTask"
"(Forestry) Obtain a ~|lumberjack boots|~","Extra","","","","","ManualTask"
"(Forestry) Obtain a ~|forestry hat|~","Extra","","","","","ManualTask"
"(Forestry) Obtain a ~|forestry top|~","Extra","","","","","ManualTask"
"(Forestry) Obtain a ~|forestry legs|~","Extra","","","","","ManualTask"
"(Forestry) Obtain a ~|forestry boots|~","Extra","","","","","ManualTask"
"(Forestry) Obtain ~|twitcher's gloves|~","Extra","","","","","ManualTask"
"(Forestry) Obtain a ~|funky shaped log|~","Extra","","","","","ManualTask"
"(Forestry) Obtain a ~|log basket|~","Extra","","","","","ManualTask"
"(Forestry) Obtain a ~|log brace|~","Extra","","","","","ManualTask"
"(Forestry) Obtain a ~|clothes pouch blueprint|~","Extra","","","","","ManualTask"
"(Forestry) Obtain a ~|cape pouch|~","Extra","","","","","ManualTask"
"(Forestry) Obtain a ~|felling axe handle|~","Extra","","","","","ManualTask"
"(Forestry) Obtain a ~|pheasant hat|~","Extra","","","","","ManualTask"
"(Forestry) Obtain ~|pheasant legs|~","Extra","","","","","ManualTask"
"(Forestry) Obtain ~|pheasant boots|~","Extra","","","","","ManualTask"
"(Forestry) Obtain a ~|pheasant cape|~","Extra","","","","","ManualTask"
"(Forestry) Obtain a ~|petal garland|~","Extra","","","","","ManualTask"
"(Forestry) Obtain ~|sturdy beehive parts|~","Extra","","","","","ManualTask"
"(Fossil Island Notes) Obtain a ~|scribbled note|~","Extra","","","","","ManualTask"
"(Fossil Island Notes) Obtain a ~|partial note|~","Extra","","","","","ManualTask"
"(Fossil Island Notes) Obtain an ~|ancient note|~","Extra","","","","","ManualTask"
"(Fossil Island Notes) Obtain ~|ancient writings|~","Extra","","","","","ManualTask"
"(Fossil Island Notes) Obtain an ~|experimental note|~","Extra","","","","","ManualTask"
"(Fossil Island Notes) Obtain a ~|paragraph of text|~","Extra","","","","","ManualTask"
"(Fossil Island Notes) Obtain a ~|musty smelling note|~","Extra","","","","","ManualTask"
"(Fossil Island Notes) Obtain a ~|hastily scrawled note|~","Extra","","","","","ManualTask"
"(Fossil Island Notes) Obtain an ~|old writing|~","Extra","","","","","ManualTask"
"(Fossil Island Notes) Obtain a ~|short note|~","Extra","","","","","ManualTask"
"(Glough's Experiments) Obtain a ~|zenyte shard|~","Extra","","","","","ManualTask"
"(Glough's Experiments) Obtain a ~|light frame|~","Extra","","","","","ManualTask"
"(Glough's Experiments) Obtain a ~|heavy frame|~","Extra","","","","","ManualTask"
"(Glough's Experiments) Obtain a ~|ballista limbs|~","Extra","","","","","ManualTask"
"(Glough's Experiments) Obtain a ~|monkey tail|~","Extra","","","","","ManualTask"
"(Glough's Experiments) Obtain a ~|ballista spring|~","Extra","","","","","ManualTask"
"(Hunter Guild) Obtain a ~|quetzin|~","Extra","","","","","ManualTask"
"(Hunter Guild) Obtain a ~|huntsman's kit|~","Extra","","","","","ManualTask"
"(Hunter Guild) Obtain a ~|guild hunter headwear|~","Extra","","","","","ManualTask"
"(Hunter Guild) Obtain a ~|guild hunter top|~","Extra","","","","","ManualTask"
"(Hunter Guild) Obtain a ~|guild hunter legs|~","Extra","","","","","ManualTask"
"(Hunter Guild) Obtain a ~|guild hunter boots|~","Extra","","","","","ManualTask"
"(Monkey Backpacks) Obtain a ~|karamja monkey|~","Extra","","","","","ManualTask"
"(Monkey Backpacks) Obtain a ~|kruk jr|~","Extra","","","","","ManualTask"
"(Monkey Backpacks) Obtain a ~|maniacal monkey|~","Extra","","","","","ManualTask"
"(Monkey Backpacks) Obtain a ~|princely monkey|~","Extra","","","","","ManualTask"
"(Monkey Backpacks) Obtain a ~|skeleton monkey|~","Extra","","","","","ManualTask"
"(Monkey Backpacks) Obtain a ~|zombie monkey|~","Extra","","","","","ManualTask"
"(Motherlode Mine) Obtain a ~|coal bag|~","Extra","","","","","ManualTask"
"(Motherlode Mine) Obtain a ~|gem bag|~","Extra","","","","","ManualTask"
"(Motherlode Mine) Obtain a ~|prospector helmet|~","Extra","","","","","ManualTask"
"(Motherlode Mine) Obtain a ~|prospector jacket|~","Extra","","","","","ManualTask"
"(Motherlode Mine) Obtain ~|prospector legs|~","Extra","","","","","ManualTask"
"(Motherlode Mine) Obtain ~|prospector boots|~","Extra","","","","","ManualTask"
"(My Notes) Obtain an ~|ancient page (1)|~","Extra","","","","","ManualTask"
"(My Notes) Obtain an ~|ancient page (2)|~","Extra","","","","","ManualTask"
"(My Notes) Obtain an ~|ancient page (3)|~","Extra","","","","","ManualTask"
"(My Notes) Obtain an ~|ancient page (4)|~","Extra","","","","","ManualTask"
"(My Notes) Obtain an ~|ancient page (5)|~","Extra","","","","","ManualTask"
"(My Notes) Obtain an ~|ancient page (6)|~","Extra","","","","","ManualTask"
"(My Notes) Obtain an ~|ancient page (7)|~","Extra","","","","","ManualTask"
"(My Notes) Obtain an ~|ancient page (8)|~","Extra","","","","","ManualTask"
"(My Notes) Obtain an ~|ancient page (9)|~","Extra","","","","","ManualTask"
"(My Notes) Obtain an ~|ancient page (10)|~","Extra","","","","","ManualTask"
"(My Notes) Obtain an ~|ancient page (11)|~","Extra","","","","","ManualTask"
"(My Notes) Obtain an ~|ancient page (12)|~","Extra","","","","","ManualTask"
"(My Notes) Obtain an ~|ancient page (13)|~","Extra","","","","","ManualTask"
"(My Notes) Obtain an ~|ancient page (14)|~","Extra","","","","","ManualTask"
"(My Notes) Obtain an ~|ancient page (15)|~","Extra","","","","","ManualTask"
"(My Notes) Obtain an ~|ancient page (16)|~","Extra","","","","","ManualTask"
"(My Notes) Obtain an ~|ancient page (17)|~","Extra","","","","","ManualTask"
"(My Notes) Obtain an ~|ancient page (18)|~","Extra","","","","","ManualTask"
"(My Notes) Obtain an ~|ancient page (19)|~","Extra","","","","","ManualTask"
"(My Notes) Obtain an ~|ancient page (20)|~","Extra","","","","","ManualTask"
"(My Notes) Obtain an ~|ancient page (21)|~","Extra","","","","","ManualTask"
"(My Notes) Obtain an ~|ancient page (22)|~","Extra","","","","","ManualTask"
"(My Notes) Obtain an ~|ancient page (23)|~","Extra","","","","","ManualTask"
"(My Notes) Obtain an ~|ancient page (24)|~","Extra","","","","","ManualTask"
"(My Notes) Obtain an ~|ancient page (25)|~","Extra","","","","","ManualTask"
"(My Notes) Obtain an ~|ancient page (26)|~","Extra","","","","","ManualTask"
"(Revenants) Obtain a ~|viggora's chainmace (u)|~","Extra","","","","","ManualTask"
"(Revenants) Obtain a ~|craw's bow (u)|~","Extra","","","","","ManualTask"
"(Revenants) Obtain a ~|thammaron's sceptre (u)|~","Extra","","","","","ManualTask"
"(Revenants) Obtain an ~|amulet of avarice|~","Extra","","","","","ManualTask"
"(Revenants) Obtain a ~|bracelet of ethereum (uncharged)|~","Extra","","","","","ManualTask"
"(Revenants) Obtain an ~|ancient crystal|~","Extra","","","","","ManualTask"
"(Revenants) Obtain an ~|ancient relic|~","Extra","","","","","ManualTask"
"(Revenants) Obtain an ~|ancient effigy|~","Extra","","","","","ManualTask"
"(Revenants) Obtain an ~|ancient medallion|~","Extra","","","","","ManualTask"
"(Revenants) Obtain an ~|ancient statuette|~","Extra","","","","","ManualTask"
"(Revenants) Obtain an ~|ancient totem|~","Extra","","","","","ManualTask"
"(Revenants) Obtain an ~|ancient emblem|~","Extra","","","","","ManualTask"
"(Revenants) Obtain a ~|revenant cave teleport|~","Extra","","","","","ManualTask"
"(Revenants) Obtain a ~|revenant ether|~","Extra","","","","","ManualTask"
"(Rooftop Agility) Obtain a ~|mark of grace|~","Extra","","","","","ManualTask"
"(Rooftop Agility) Obtain a ~|graceful hood|~","Extra","","","","","ManualTask"
"(Rooftop Agility) Obtain a ~|graceful cape|~","Extra","","","","","ManualTask"
"(Rooftop Agility) Obtain a ~|graceful top|~","Extra","","","","","ManualTask"
"(Rooftop Agility) Obtain ~|graceful legs|~","Extra","","","","","ManualTask"
"(Rooftop Agility) Obtain ~|graceful gloves|~","Extra","","","","","ManualTask"
"(Rooftop Agility) Obtain ~|graceful boots|~","Extra","","","","","ManualTask"
"(Shayzien Armour) Obtain ~|shayzien gloves (1)|~","Extra","","","","","ManualTask"
"(Shayzien Armour) Obtain a ~|shayzien helm (1)|~","Extra","","","","","ManualTask"
"(Shayzien Armour) Obtain ~|shayzien boots (1)|~","Extra","","","","","ManualTask"
"(Shayzien Armour) Obtain a ~|shayzien greaves (1)|~","Extra","","","","","ManualTask"
"(Shayzien Armour) Obtain a ~|shayzien platebody (1)|~","Extra","","","","","ManualTask"
"(Shayzien Armour) Obtain ~|shayzien gloves (2)|~","Extra","","","","","ManualTask"
"(Shayzien Armour) Obtain a ~|shayzien helm (2)|~","Extra","","","","","ManualTask"
"(Shayzien Armour) Obtain ~|shayzien boots (2)|~","Extra","","","","","ManualTask"
"(Shayzien Armour) Obtain a ~|shayzien greaves (2)|~","Extra","","","","","ManualTask"
"(Shayzien Armour) Obtain a ~|shayzien platebody (2)|~","Extra","","","","","ManualTask"
"(Shayzien Armour) Obtain ~|shayzien gloves (3)|~","Extra","","","","","ManualTask"
"(Shayzien Armour) Obtain a ~|shayzien helm (3)|~","Extra","","","","","ManualTask"
"(Shayzien Armour) Obtain ~|shayzien boots (3)|~","Extra","","","","","ManualTask"
"(Shayzien Armour) Obtain a ~|shayzien greaves (3)|~","Extra","","","","","ManualTask"
"(Shayzien Armour) Obtain a ~|shayzien platebody (3)|~","Extra","","","","","ManualTask"
"(Shayzien Armour) Obtain ~|shayzien gloves (4)|~","Extra","","","","","ManualTask"
"(Shayzien Armour) Obtain a ~|shayzien helm (4)|~","Extra","","","","","ManualTask"
"(Shayzien Armour) Obtain ~|shayzien boots (4)|~","Extra","","","","","ManualTask"
"(Shayzien Armour) Obtain a ~|shayzien greaves (4)|~","Extra","","","","","ManualTask"
"(Shayzien Armour) Obtain a ~|shayzien platebody (4)|~","Extra","","","","","ManualTask"
"(Shayzien Armour) Obtain ~|shayzien gloves (5)|~","Extra","","","","","ManualTask"
"(Shayzien Armour) Obtain a ~|shayzien helm (5)|~","Extra","","","","","ManualTask"
"(Shayzien Armour) Obtain ~|shayzien boots (5)|~","Extra","","","","","ManualTask"
"(Shayzien Armour) Obtain a ~|shayzien greaves (5)|~","Extra","","","","","ManualTask"
"(Shayzien Armour) Obtain a ~|shayzien body (5)|~","Extra","","","","","ManualTask"
"(Shooting Stars) Obtain a ~|celestial ring (uncharged)|~","Extra","","","","","ManualTask"
"(Shooting Stars) Obtain a ~|star fragment|~","Extra","","","","","ManualTask"
"(Skilling Pets) Obtain a ~|baby chinchompa|~","Extra","","","","","ManualTask"
"(Slayer) Obtain a ~|crawling hand|~","Extra","","","","","ManualTask"
"(Slayer) Obtain a ~|cockatrice head|~","Extra","","","","","ManualTask"
"(Slayer) Obtain a ~|basilisk head|~","Extra","","","","","ManualTask"
"(Slayer) Obtain a ~|kurask head|~","Extra","","","","","ManualTask"
"(Slayer) Obtain an ~|abyssal head|~","Extra","","","","","ManualTask"
"(Slayer) Obtain a ~|dust battlestaff|~","Extra","","","","","ManualTask"
"(Slayer) Obtain a ~|mist battlestaff|~","Extra","","","","","ManualTask"
"(Slayer) Obtain an ~|abyssal whip|~","Extra","","","","","ManualTask"
"(Slayer) Obtain a ~|granite maul|~","Extra","","","","","ManualTask"
"(Slayer) Obtain a ~|mudskipper hat|~","Extra","","","","","ManualTask"
"(Slayer) Obtain ~|flippers|~","Extra","","","","","ManualTask"
"(Slayer) Obtain a ~|brine sabre|~","Extra","","","","","ManualTask"
"(Slayer) Obtain a ~|leaf-bladed sword|~","Extra","","","","","ManualTask"
"(Slayer) Obtain a ~|leaf-bladed battleaxe|~","Extra","","","","","ManualTask"
"(Slayer) Obtain a ~|black mask|~","Extra","","","","","ManualTask"
"(Slayer) Obtain a ~|granite longsword|~","Extra","","","","","ManualTask"
"(Slayer) Obtain ~|granite boots|~","Extra","","","","","ManualTask"
"(Slayer) Obtain a ~|wyvern visage|~","Extra","","","","","ManualTask"
"(Slayer) Obtain ~|granite legs|~","Extra","","","","","ManualTask"
"(Slayer) Obtain a ~|granite helm|~","Extra","","","","","ManualTask"
"(Slayer) Obtain a ~|draconic visage|~","Extra","","","","","ManualTask"
"(Slayer) Obtain ~|bronze boots|~","Extra","","","","","ManualTask"
"(Slayer) Obtain ~|iron boots|~","Extra","","","","","ManualTask"
"(Slayer) Obtain ~|steel boots|~","Extra","","","","","ManualTask"
"(Slayer) Obtain ~|black boots|~","Extra","","","","","ManualTask"
"(Slayer) Obtain ~|mithril boots|~","Extra","","","","","ManualTask"
"(Slayer) Obtain ~|adamant boots|~","Extra","","","","","ManualTask"
"(Slayer) Obtain ~|rune boots|~","Extra","","","","","ManualTask"
"(Slayer) Obtain ~|dragon boots|~","Extra","","","","","ManualTask"
"(Slayer) Obtain an ~|abyssal dagger|~","Extra","","","","","ManualTask"
"(Slayer) Obtain an ~|uncharged trident|~","Extra","","","","","ManualTask"
"(Slayer) Obtain a ~|kraken tentacle|~","Extra","","","","","ManualTask"
"(Slayer) Obtain a ~|dark bow|~","Extra","","","","","ManualTask"
"(Slayer) Obtain an ~|occult necklace|~","Extra","","","","","ManualTask"
"(Slayer) Obtain a ~|dragon chainbody|~","Extra","","","","","ManualTask"
"(Slayer) Obtain a ~|dragon thrownaxe|~","Extra","","","","","ManualTask"
"(Slayer) Obtain a ~|dragon harpoon|~","Extra","","","","","ManualTask"
"(Slayer) Obtain a ~|dragon sword|~","Extra","","","","","ManualTask"
"(Slayer) Obtain a ~|dragon knife|~","Extra","","","","","ManualTask"
"(Slayer) Obtain a ~|broken dragon hasta|~","Extra","","","","","ManualTask"
"(Slayer) Obtain a ~|drake's tooth|~","Extra","","","","","ManualTask"
"(Slayer) Obtain a ~|drake's claw|~","Extra","","","","","ManualTask"
"(Slayer) Obtain a ~|hydra tail|~","Extra","","","","","ManualTask"
"(Slayer) Obtain a ~|hydra's fang|~","Extra","","","","","ManualTask"
"(Slayer) Obtain a ~|hydra's eye|~","Extra","","","","","ManualTask"
"(Slayer) Obtain a ~|hydra's heart|~","Extra","","","","","ManualTask"
"(Slayer) Obtain a ~|mystic hat (light)|~","Extra","","","","","ManualTask"
"(Slayer) Obtain a ~|mystic robe top (light)|~","Extra","","","","","ManualTask"
"(Slayer) Obtain a ~|mystic robe bottom (light)|~","Extra","","","","","ManualTask"
"(Slayer) Obtain ~|mystic gloves (light)|~","Extra","","","","","ManualTask"
"(Slayer) Obtain ~|mystic boots (light)|~","Extra","","","","","ManualTask"
"(Slayer) Obtain a ~|mystic hat (dark)|~","Extra","","","","","ManualTask"
"(Slayer) Obtain a ~|mystic robe top (dark)|~","Extra","","","","","ManualTask"
"(Slayer) Obtain a ~|mystic robe bottom (dark)|~","Extra","","","","","ManualTask"
"(Slayer) Obtain ~|mystic gloves (dark)|~","Extra","","","","","ManualTask"
"(Slayer) Obtain ~|mystic boots (dark)|~","Extra","","","","","ManualTask"
"(Slayer) Obtain a ~|mystic hat (dusk)|~","Extra","","","","","ManualTask"
"(Slayer) Obtain a ~|mystic robe top (dusk)|~","Extra","","","","","ManualTask"
"(Slayer) Obtain a ~|mystic robe bottom (dusk)|~","Extra","","","","","ManualTask"
"(Slayer) Obtain ~|mystic gloves (dusk)|~","Extra","","","","","ManualTask"
"(Slayer) Obtain ~|mystic boots (dusk)|~","Extra","","","","","ManualTask"
"(Slayer) Obtain a ~|basilisk jaw|~","Extra","","","","","ManualTask"
"(Slayer) Obtain a ~|dagon'hai hat|~","Extra","","","","","ManualTask"
"(Slayer) Obtain a ~|dagon'hai robe top|~","Extra","","","","","ManualTask"
"(Slayer) Obtain a ~|dagon'hai robe bottom|~","Extra","","","","","ManualTask"
"(Slayer) Obtain a ~|blood shard|~","Extra","","","","","ManualTask"
"(Slayer) Obtain an ~|ancient ceremonial mask|~","Extra","","","","","ManualTask"
"(Slayer) Obtain an ~|ancient ceremonial top|~","Extra","","","","","ManualTask"
"(Slayer) Obtain ~|ancient ceremonial legs|~","Extra","","","","","ManualTask"
"(Slayer) Obtain ~|ancient ceremonial gloves|~","Extra","","","","","ManualTask"
"(Slayer) Obtain ~|ancient ceremonial boots|~","Extra","","","","","ManualTask"
"(Slayer) Obtain a ~|warped sceptre (uncharged)|~","Extra","","","","","ManualTask"
"(Slayer) Obtain a ~|sulphur blades|~","Extra","","","","","ManualTask"
"(Slayer) Obtain a ~|teleport anchoring scroll|~","Extra","","","","","ManualTask"
"(Slayer) Obtain ~|aranea boots|~","Extra","","","","","ManualTask"
"(Slayer) Obtain a ~|glacial temotli|~","Extra","","","","","ManualTask"
"(Slayer) Obtain a ~|pendant of ates (inert)|~","Extra","","","","","ManualTask"
"(Slayer) Obtain a ~|frozen tear|~","Extra","","","","","ManualTask"
"(Slayer) Obtain an ~|earthbound tecpatl|~","Extra","","","","","ManualTask"
"(Slayer) Obtain an ~|antler guard|~","Extra","","","","","ManualTask"
"(Slayer) Obtain an ~|alchemist's signet|~","Extra","","","","","ManualTask"
"(Slayer) Obtain a ~|broken antler|~","Extra","","","","","ManualTask"
"(Tormented Demons) Obtain a ~|tormented synapse|~","Extra","","","","","ManualTask"
"(Tormented Demons) Obtain a ~|burning claw|~","Extra","","","","","ManualTask"
"(Tormented Demons) Obtain a ~|guthixian temple teleport|~","Extra","","","","","ManualTask"
"(TzHaar) Obtain an ~|obsidian cape|~","Extra","","","","","ManualTask"
"(TzHaar) Obtain a ~|toktz-ket-xil|~","Extra","","","","","ManualTask"
"(TzHaar) Obtain a ~|tzhaar-ket-om|~","Extra","","","","","ManualTask"
"(TzHaar) Obtain a ~|toktz-xil-ak|~","Extra","","","","","ManualTask"
"(TzHaar) Obtain a ~|toktz-xil-ek|~","Extra","","","","","ManualTask"
"(TzHaar) Obtain a ~|toktz-mej-tal|~","Extra","","","","","ManualTask"
"(TzHaar) Obtain a ~|toktz-xil-ul|~","Extra","","","","","ManualTask"
"(TzHaar) Obtain an ~|obsidian helmet|~","Extra","","","","","ManualTask"
"(TzHaar) Obtain an ~|obsidian platebody|~","Extra","","","","","ManualTask"
"(TzHaar) Obtain an ~|obsidian platelegs|~","Extra","","","","","ManualTask"
"(Miscellaneous) Obtain a ~|herbi|~","Extra","","","","","ManualTask"
"(Miscellaneous) Obtain a ~|chompy chick|~","Extra","","","","","ManualTask"
"(Miscellaneous) Obtain a ~|dragon warhammer|~","Extra","","","","","ManualTask"
"(Miscellaneous) Obtain a ~|big swordfish|~","Extra","","","","","ManualTask"
"(Miscellaneous) Obtain a ~|big shark|~","Extra","","","","","ManualTask"
"(Miscellaneous) Obtain a ~|big bass|~","Extra","","","","","ManualTask"
"(Miscellaneous) Obtain a ~|long bone|~","Extra","","","","","ManualTask"
"(Miscellaneous) Obtain a ~|curved bone|~","Extra","","","","","ManualTask"
"(Miscellaneous) Obtain an ~|ecumenical key|~","Extra","","","","","ManualTask"
"(Miscellaneous) Obtain a ~|pharaoh's sceptre (3)|~","Extra","","","","","ManualTask"
"(Miscellaneous) Obtain a ~|dark totem base|~","Extra","","","","","ManualTask"
"(Miscellaneous) Obtain a ~|dark totem middle|~","Extra","","","","","ManualTask"
"(Miscellaneous) Obtain a ~|dark totem top|~","Extra","","","","","ManualTask"
"(Miscellaneous) Obtain ~|chewed bones|~","Extra","","","","","ManualTask"
"(Miscellaneous) Obtain a ~|dragon full helm|~","Extra","","","","","ManualTask"
"(Miscellaneous) Obtain a ~|shield left half|~","Extra","","","","","ManualTask"
"(Miscellaneous) Obtain a ~|dragon metal slice|~","Extra","","","","","ManualTask"
"(Miscellaneous) Obtain a ~|dragon metal lump|~","Extra","","","","","ManualTask"
"(Miscellaneous) Obtain ~|dragon limbs|~","Extra","","","","","ManualTask"
"(Miscellaneous) Obtain a ~|dragon spear|~","Extra","","","","","ManualTask"
"(Miscellaneous) Obtain an ~|amulet of eternal glory|~","Extra","","","","","ManualTask"
"(Miscellaneous) Obtain a ~|shaman mask|~","Extra","","","","","ManualTask"
"(Miscellaneous) Obtain an ~|evil chicken head|~","Extra","","","","","ManualTask"
"(Miscellaneous) Obtain ~|evil chicken wings|~","Extra","","","","","ManualTask"
"(Miscellaneous) Obtain ~|evil chicken legs|~","Extra","","","","","ManualTask"
"(Miscellaneous) Obtain ~|evil chicken feet|~","Extra","","","","","ManualTask"
"(Miscellaneous) Obtain ~|mining gloves|~","Extra","","","","","ManualTask"
"(Miscellaneous) Obtain ~|superior mining gloves|~","Extra","","","","","ManualTask"
"(Miscellaneous) Obtain ~|expert mining gloves|~","Extra","","","","","ManualTask"
"(Miscellaneous) Obtain a ~|right skull half|~","Extra","","","","","ManualTask"
"(Miscellaneous) Obtain a ~|left skull half|~","Extra","","","","","ManualTask"
"(Miscellaneous) Obtain a ~|top of sceptre|~","Extra","","","","","ManualTask"
"(Miscellaneous) Obtain a ~|bottom of sceptre|~","Extra","","","","","ManualTask"
"(Miscellaneous) Obtain a ~|mossy key|~","Extra","","","","","ManualTask"
"(Miscellaneous) Obtain a ~|giant key|~","Extra","","","","","ManualTask"
"(Miscellaneous) Obtain a ~|hespori seed|~","Extra","","","","","ManualTask"
"(Miscellaneous) Obtain a ~|fresh crab claw|~","Extra","","","","","ManualTask"
"(Miscellaneous) Obtain a ~|fresh crab shell|~","Extra","","","","","ManualTask"
"(Miscellaneous) Obtain a ~|xeric's talisman (inert)|~","Extra","","","","","ManualTask"
"(Miscellaneous) Obtain a ~|mask of ranul|~","Extra","","","","","ManualTask"
"(Miscellaneous) Obtain an ~|elven signet|~","Extra","","","","","ManualTask"
"(Miscellaneous) Obtain a ~|crystal grail|~","Extra","","","","","ManualTask"
"(Miscellaneous) Obtain an ~|enhanced crystal teleport seed|~","Extra","","","","","ManualTask"
"(Miscellaneous) Obtain a ~|dragonstone full helm|~","Extra","","","","","ManualTask"
"(Miscellaneous) Obtain a ~|dragonstone platebody|~","Extra","","","","","ManualTask"
"(Miscellaneous) Obtain ~|dragonstone platelegs|~","Extra","","","","","ManualTask"
"(Miscellaneous) Obtain ~|dragonstone gauntlets|~","Extra","","","","","ManualTask"
"(Miscellaneous) Obtain ~|dragonstone boots|~","Extra","","","","","ManualTask"
"(Miscellaneous) Obtain an ~|uncut onyx|~","Extra","","","","","ManualTask"
"(Miscellaneous) Obtain a ~|merfolk trident|~","Extra","","","","","ManualTask"
"(Miscellaneous) Obtain an ~|orange egg sac|~","Extra","","","","","ManualTask"
"(Miscellaneous) Obtain a ~|blue egg sac|~","Extra","","","","","ManualTask"
"(Miscellaneous) Obtain a ~|broken zombie axe|~","Extra","","","","","ManualTask"
"(Miscellaneous) Obtain a ~|broken zombie helmet|~","Extra","","","","","ManualTask"
"Obtain ~|gardening boots|~","Extra","","","","","ManualTask"
"Obtain a ~|perfect snail shell|~","Extra","","","","","ManualTask"
"Obtain a ~|perfect shell|~","Extra","","","","","ManualTask"
"Obtain a ~|scaly blue dragonhide|~","Extra","","","","","ManualTask"
"Obtain the ~|corrupted helm|~","Extra","","","","","ManualTask"
"Obtain the ~|corrupted platebody|~","Extra","","","","","ManualTask"
"Obtain the ~|corrupted platelegs|~","Extra","","","","","ManualTask"
"Obtain the ~|corrupted plateskirt|~","Extra","","","","","ManualTask"
"Obtain the ~|corrupted kiteshield|~","Extra","","","","","ManualTask"
"Obtain the ~|helm of raedwald|~","Extra","","","","","ManualTask"
"Obtain the ~|clue hunter garb|~","Extra","","","","","ManualTask"
"Obtain the ~|clue hunter trousers|~","Extra","","","","","ManualTask"
"Obtain the ~|clue hunter gloves|~","Extra","","","","","ManualTask"
"Obtain the ~|clue hunter boots|~","Extra","","","","","ManualTask"
"Obtain the ~|clue hunter cloak|~","Extra","","","","","ManualTask"
"Obtain the ~|ornate helm|~","Extra","","","","","ManualTask"
"Obtain the ~|ornate top|~","Extra","","","","","ManualTask"
"Obtain the ~|ornate legs|~","Extra","","","","","ManualTask"
"Obtain the ~|ornate gloves|~","Extra","","","","","ManualTask"
"Obtain the ~|ornate boots|~","Extra","","","","","ManualTask"
"Obtain the ~|ornate cape|~","Extra","","","","","ManualTask"
"Obtain the ~|hood of ruin|~","Extra","","","","","ManualTask"
"Obtain the ~|robe top of ruin|~","Extra","","","","","ManualTask"
"Obtain the ~|robe bottom of ruin|~","Extra","","","","","ManualTask"
"Obtain the ~|gloves of ruin|~","Extra","","","","","ManualTask"
"Obtain the ~|socks of ruin|~","Extra","","","","","ManualTask"
"Obtain the ~|cloak of ruin|~","Extra","","","","","ManualTask"
"Obtain the ~|infinite money bag|~","Extra","","","","","ManualTask"
"Obtain the ~|bounty hunter hat (tier 1)|~","Extra","","","","","ManualTask"
"Obtain the ~|bounty hunter hat (tier 2)|~","Extra","","","","","ManualTask"
"Obtain the ~|bounty hunter hat (tier 3)|~","Extra","","","","","ManualTask"
"Obtain the ~|bounty hunter hat (tier 4)|~","Extra","","","","","ManualTask"
"Obtain the ~|bounty hunter hat (tier 5)|~","Extra","","","","","ManualTask"
"Obtain the ~|bounty hunter hat (tier 6)|~","Extra","","","","","ManualTask"
"Obtain the ~|enhanced quetzal whistle blueprint|~","Extra","","","","","ManualTask"
"Obtain the ~|perfected quetzal whistle blueprint|~","Extra","","","","","ManualTask"
"Obtain a ~|rock-shell chunk|~","Extra","","","","","ManualTask"
"Obtain a ~|rock-shell shard|~","Extra","","","","","ManualTask"
"Obtain a ~|rock-shell splinter|~","Extra","","","","","ManualTask"
"Obtain a ~|fibula piece|~","Extra","","","","","ManualTask"
"Obtain a ~|ribcage piece|~","Extra","","","","","ManualTask"
"Obtain a ~|skull piece|~","Extra","","","","","ManualTask"
"Obtain a ~|circular hide|~","Extra","","","","","ManualTask"
"Obtain a ~|flattened hide|~","Extra","","","","","ManualTask"
"Obtain a ~|stretched hide|~","Extra","","","","","ManualTask"
"Obtain a ~|cursed amulet of magic|~","Extra","","","","","ManualTask"
"Obtain an ~|ancient tablet|~","Extra","","","","","ManualTask"
"Obtain a ~|contract of bloodied blows|~","Extra","","","","","ManualTask"
"Obtain a ~|Contract of catalyst acquisition|~","Extra","","","","","ManualTask"
"Obtain a ~|contract of divine severance|~","Extra","","","","","ManualTask"
"Obtain a ~|contract of familiar acquisition|~","Extra","","","","","ManualTask"
"Obtain a ~|contract of forfeit breath|~","Extra","","","","","ManualTask"
"Obtain a ~|contract of glyphic attenuation|~","Extra","","","","","ManualTask"
"Obtain a ~|contract of harmony acquisition|~","Extra","","","","","ManualTask"
"Obtain a ~|contract of oathplate acquisition|~","Extra","","","","","ManualTask"
"Obtain a ~|contract of sensory clouding|~","Extra","","","","","ManualTask"
"Obtain a ~|contract of shard acquisition|~","Extra","","","","","ManualTask"
"Obtain a ~|contract of worm acquisition|~","Extra","","","","","ManualTask"
"Obtain a ~|purifying sigil (top)|~","Extra","","","","","ManualTask"
"Obtain a ~|purifying sigil (bottom)|~","Extra","","","","","ManualTask"
"Obtain a ~|purifying sigil (left)|~","Extra","","","","","ManualTask"
"Obtain a ~|purifying sigil (right)|~","Extra","","","","","ManualTask"
"Obtain a ~|purifying sigil (middle)|~","Extra","","","","","ManualTask"
"Obtain a ~|big bass|~","Extra","","","","","ManualTask"
"Obtain a ~|big swordfish|~","Extra","","","","","ManualTask"
"Obtain a ~|big harpoonfish|~","Extra","","","","","ManualTask"
"Obtain a ~|big shark|~","Extra","","","","","ManualTask"
"Obtain a ~|crawling hand (item)|~","Extra","","","","","ManualTask"
"Obtain a ~|cockatrice head|~","Extra","","","","","ManualTask"
"Obtain a ~|basilisk head|~","Extra","","","","","ManualTask"
"Obtain a ~|kurask head|~","Extra","","","","","ManualTask"
"Obtain an ~|abyssal head|~","Extra","","","","","ManualTask"
"Obtain ~|kbd heads|~","Extra","","","","","ManualTask"
"Obtain a ~|kq head|~","Extra","","","","","ManualTask"
"Obtain a ~|vorkath's head|~","Extra","","","","","ManualTask"
"Obtain ~|alchemical hydra heads|~","Extra","","","","","ManualTask"
"Change your family crest at ~|Sir Renitee|~ to a money crest","Extra","","","","","ManualTask"
"Change your gravestone in ~|Death's Office|~ to an angel gravestone","Extra","","","","","ManualTask"
"Buy the Edgeville ~|respawn|~ for 5m","Extra","","","","","ManualTask"
"Buy the Ferox Enclave ~|respawn|~ for 5m","Extra","","","","","ManualTask"
"Buy the ability to use ~|loot keys|~ for 1m","Extra","","","","","ManualTask"
"Unlock ~|auto-weed|~ from Tithe Farm","Extra","","","","","ManualTask"
"Unlock the ability buy ~|Bologa's blessing|~ from Tithe Farm","Extra","","","","","ManualTask"
"Unlock access to the upper level of ~|Motherlode Mine|~","Extra","","","","","ManualTask"
"Unlock free access to boat rides from ~|Andras|~ for 1m","Extra","","","","","ManualTask"
"Unlock unlimited charges for the ~|Camulet|~ for 1m","Extra","","","","","ManualTask"
"Unlock free access to Dragontooth Isle from the ~|ghost captain|~ for 500 ecto-tokens","Extra","","","","","ManualTask"
"Remove the darkness from Zamorak's Fortress with a ~|Saradomin's light|~","Extra","","","","","ManualTask"
"Imbue a ~|lyre|~ with infinite charges","Extra","","","","","ManualTask"
"Unlock access to the ~|Crypt of the Moon|~ in the Forthos Dungeon","Extra","","","","","ManualTask"
"Unlock all the doors in the Forthos Dungeon with the ~|temple key|~","Extra","","","","","ManualTask"
"Unlock access to the false blood altar via the ~|blood rift|~","Extra","","","","","ManualTask"
"Unlock access to the ~|soul rift|~","Extra","","","","","ManualTask"
"Unlock free access to the ~|Brimhaven Dungeon|~ from Saniboch","Extra","","","","","ManualTask"
"Unlock alternative access to the ~|Brimhaven Dungeon|~ from Banisoch","Extra","","","","","ManualTask"
"Unlock access to the portals inside the ~|Stronghold of Security|~","Extra","","","","","ManualTask"
"Unlock free ~|fish shoal|~ access","Extra","","","","","ManualTask"
"Unlock free ~|Volcanic Mine|~ access","Extra","","","","","ManualTask"
"Unlock the ~|Catacombs of Kourend|~ north-western entrance","Extra","","","","","ManualTask"
"Unlock the ~|Catacombs of Kourend|~ north-eastern entrance","Extra","","","","","ManualTask"
"Unlock the ~|Catacombs of Kourend|~ southern entrance","Extra","","","","","ManualTask"
"Unlock the ~|Catacombs of Kourend|~ south-eastern entrance","Extra","","","","","ManualTask"
"Unlock the alternative praying animation at the ~|broken sun altar|~","Extra","","","","","ManualTask"
"Unlock access to the ~|Contraband Yak Produce|~ shop","Extra","","","","","ManualTask"
"Unlock the ~|Ava's accumulator|~ effect within Castle Wars","Extra","","","","","ManualTask"
"Unlock the bigger sack within ~|Motherlode Mine|~","Extra","","","","","ManualTask"
"Unlock the super hopper within ~|Motherlode Mine|~","Extra","","","","","ManualTask"
"Unlock the Hosidius-themed ~|house style|~","Extra","","","","","ManualTask"
"Unlock the ~|Charm of Fishing|~ within the Ruins of Camdozaal","Extra","","","","","ManualTask"
"Unlock the ~|Charm of Preparation|~ within the Ruins of Camdozaal","Extra","","","","","ManualTask"
"Unlock the ~|Charm of Defence|~ within the Ruins of Camdozaal","Extra","","","","","ManualTask"
"Unlock the ~|Charm of Mining|~ within the Ruins of Camdozaal","Extra","","","","","ManualTask"
"Unlock the ~|Charm of Luck|~ within the Ruins of Camdozaal","Extra","","","","","ManualTask"
"Unlock the Stiletto Forte ~|preform mould|~ from Giants' Foundry","Extra","","","","","ManualTask"
"Unlock the Defender Base ~|preform mould|~ from Giants' Foundry","Extra","","","","","ManualTask"
"Unlock the Juggernaut Forte ~|preform mould|~ from Giants' Foundry","Extra","","","","","ManualTask"
"Unlock the Chopper Forte +1 ~|preform mould|~ from Giants' Foundry","Extra","","","","","ManualTask"
"Unlock the Spiker! ~|preform mould|~ from Giants' Foundry","Extra","","","","","ManualTask"
"Unlock the Flamberge Blade ~|preform mould|~ from Giants' Foundry","Extra","","","","","ManualTask"
"Unlock the Serpent Blade ~|preform mould|~ from Giants' Foundry","Extra","","","","","ManualTask"
"Unlock the Claymore Blade ~|preform mould|~ from Giants' Foundry","Extra","","","","","ManualTask"
"Unlock the Fleur de Blade ~|preform mould|~ from Giants' Foundry","Extra","","","","","ManualTask"
"Unlock the Choppa! ~|preform mould|~ from Giants' Foundry","Extra","","","","","ManualTask"
"Unlock the Corrupted Point ~|preform mould|~ from Giants' Foundry","Extra","","","","","ManualTask"
"Unlock the Defenders Tip ~|preform mould|~ from Giants' Foundry","Extra","","","","","ManualTask"
"Unlock the Serrated Tip ~|preform mould|~ from Giants' Foundry","Extra","","","","","ManualTask"
"Unlock the Needle Point ~|preform mould|~ from Giants' Foundry","Extra","","","","","ManualTask"
"Unlock the The Point! ~|preform mould|~ from Giants' Foundry","Extra","","","","","ManualTask"
"Unlock the House on the Hill ~|Magic Mushtree|~","Extra","","","","","ManualTask"
"Unlock the Verdent Valley ~|Magic Mushtree|~","Extra","","","","","ManualTask"
"Unlock the Sticky Swamp ~|Magic Mushtree|~","Extra","","","","","ManualTask"
"Unlock the Mushroom Meadow ~|Magic Mushtree|~","Extra","","","","","ManualTask"
"Unlock the House on the Hill teleport for the ~|digsite pendant|~","Extra","","","","","ManualTask"
"Unlock the Lithkren Vault teleport for the ~|digsite pendant|~","Extra","","","","","ManualTask"
"Unlock the Slepe teleport for the ~|Drakan's medallion|~","Extra","","","","","ManualTask"
"Unlock access to the ~|Jungle Eagle|~ Lair by growing the young vine","Extra","","","","","ManualTask"
"Unlock the ~|hot air balloon|~ to the Crafting Guild","Extra","","","","","ManualTask"
"Unlock the ~|hot air balloon|~ to the south of the Lumber Yard","Extra","","","","","ManualTask"
"Unlock the ~|hot air balloon|~ to Castle Wars","Extra","","","","","ManualTask"
"Unlock the ~|hot air balloon|~ to the Grand Tree","Extra","","","","","ManualTask"
"Build the ~|Fire of Eternal Light|~ in the Falador Mole Lair","Extra","","","","","ManualTask"
"Build the ~|Fire of Eternal Light|~ in the Lumbridge Swamp Caves","Extra","","","","","ManualTask"
"Build the ~|Fire of Eternal Light|~ in the Mos Le'Harmless Cave","Extra","","","","","ManualTask"
"Build the ~|Fire of Nourishment|~ in Weiss","Extra","","","","","ManualTask"
"Build the ~|Fire of Dehumidification|~ in the Mort Myre Swamp","Extra","","","","","ManualTask"
"Build the ~|Fire of Unseasonal Warmth|~ near God Wars Dungeon","Extra","","","","","ManualTask"
"Build the ~|landing site|~ outside Fortis Colosseum","Extra","","","","","ManualTask"
"Build the ~|landing site|~ in Outer Fortis","Extra","","","","","ManualTask"
"Build the ~|landing site|~ by the Colossal Wyrm Remains","Extra","","","","","ManualTask"
"Build the ~|landing site|~ by the Cam Torum entrance","Extra","","","","","ManualTask"
"Build the ~|landing site|~ at the Salvager Overlook","Extra","","","","","ManualTask"
"Build the ~|landing site|~ near Kastori","Extra","","","","","ManualTask"
"Unlock the ability to use ~|Preserve|~","Extra","","","","","ManualTask"
"Unlock the ability to use ~|Rigour|~","Extra","","","","","ManualTask"
"Unlock the ability to use ~|Augury|~","Extra","","","","","ManualTask"
"Unlock the teleport-blocking ability from a ~|teleport anchoring scroll|~","Extra","","","","","ManualTask"
"Unlock the ability to craft ~|swampbark|~","Extra","","","","","ManualTask"
"Unlock the ability to craft ~|bloodbark|~","Extra","","","","","ManualTask"
"Unlock access to ~|Haris|~' resource area in Corsair Cove","Extra","","","","","ManualTask"
"Unlock access to all four entrances to ~|Enakhra's Temple|~","Extra","","","","","ManualTask"
"Buy a ~|Player-owned house|~","Extra","","","","","ManualTask"
"Unlock the ability to repair essence pouches from ~|Apprentice Cordelia|~","Extra","","","","","ManualTask"
"Chip the gems from the ~|throne (Thammaron's throne room)|~","Extra","","","","","ManualTask"
"Dig up an uncut sapphire for ~|Ru Merald|~","Extra","","","","","ManualTask"
"Dig up an uncut emerald for ~|Ru Merald|~","Extra","","","","","ManualTask"
"Dig up an uncut ruby for ~|Ru Merald|~","Extra","","","","","ManualTask"
"Retrieve ~|Copper's crimson collar|~ for Veos","Extra","","","","","ManualTask"
"Help ~|Viero|~ with his food request","Extra","","","","","ManualTask"
"Help ~|ghost (Bernina)|~ rest in peace","Extra","","","","","ManualTask"
"Help unite ~|Fabia|~ with Xilo","Extra","","","","","ManualTask"
"Unlock Colosseum bank access with ~|Glory|~","Extra","","","","","ManualTask"
"Unlock Fortis respawn point with ~|Glory|~","Extra","","","","","ManualTask"
"Unlock improved valuables price with ~|Glory|~","Extra","","","","","ManualTask"
"Unlock Colosseum ring of dueling teleport with ~|Glory|~","Extra","","","","","ManualTask"
"Unlock Fortis herb patch protection with ~|Glory|~","Extra","","","","","ManualTask"
"Unlock the Fortis Salute emote with ~|Glory|~","Extra","","","","","ManualTask"
"Unlock free access to falconry from ~|Matthias|~ for 500k","Extra","","","","","ManualTask"
"Unlock ~|Hallowed Sepulchre|~ instances for 200 hallowed marks","Extra","","","","","ManualTask"
"Loot ~|Movario's Base|~","Extra","","","","","ManualTask"
"Activate the ~|Statue of Ates|~ by the Darkfrost","Extra","","","","","ManualTask"
"Activate the ~|Statue of Ates|~ by the Twilight Temple","Extra","","","","","ManualTask"
"Activate the ~|Statue of Ates|~ by Ralos' Rise","Extra","","","","","ManualTask"
"Activate the ~|Statue of Ates|~ on the Aldarin north coast","Extra","","","","","ManualTask"
"Gain xp from forging your first ~|chromium ingot|~","Extra","","","","","ManualTask"
"Unlock Xeric's Honour teleport on the ~|Xeric's talisman|~","Extra","","","","","ManualTask"
"Unlock upgraded Death Charge from the ~|rite of vile transference|~","Extra","","","","","ManualTask"
"Fully upgrade the ~|bow string spool|~","Extra","","","","","ManualTask"
"Unlock the normal variant of the ~|greenman mask|~","Extra","","","","","ManualTask"
"~|STASH#Beginner|~: Gypsy Aris's tent (Varrock)","Extra","","","","","ManualTask"
"~|STASH#Beginner|~: Bob's Brilliant Axes in Lumbridge","Extra","","","","","ManualTask"
"~|STASH#Beginner|~: Iffie Nitter in Varrock","Extra","","","","","ManualTask"
"~|STASH#Easy|~: Near a shed in Lumbridge Swamp","Extra","","","","","ManualTask"
"~|STASH#Easy|~: Draynor Village market","Extra","","","","","ManualTask"
"~|STASH#Easy|~: Outside the Legends' Guild gates","Extra","","","","","ManualTask"
"~|STASH#Easy|~: Near the Entrana ferry in Port Sarim","Extra","","","","","ManualTask"
"~|STASH#Easy|~: Draynor Manor by the fountain","Extra","","","","","ManualTask"
"~|STASH#Easy|~: Crossroads north of Draynor Village","Extra","","","","","ManualTask"
"~|STASH#Easy|~: Varrock Palace Library","Extra","","","","","ManualTask"
"~|STASH#Easy|~: Outside the Falador Party Room entrance","Extra","","","","","ManualTask"
"~|STASH#Easy|~: Catherby beehive field","Extra","","","","","ManualTask"
"~|STASH#Easy|~: Road junction north of Rimmington","Extra","","","","","ManualTask"
"~|STASH#Easy|~: Outside Keep Le Faye","Extra","","","","","ManualTask"
"~|STASH#Easy|~: Outside the Digsite Exam Centre","Extra","","","","","ManualTask"
"~|STASH#Easy|~: Mubariz's room at the Emir's Arena","Extra","","","","","ManualTask"
"~|STASH#Easy|~: Near Herquin's Gems shop in Falador","Extra","","","","","ManualTask"
"~|STASH#Easy|~: Aubury's shop in Varrock","Extra","","","","","ManualTask"
"~|STASH#Easy|~: On the bridge to the Misthalin Wizards' Tower","Extra","","","","","ManualTask"
"~|STASH#Easy|~: Limestone mine","Extra","","","","","ManualTask"
"~|STASH#Easy|~: Mudskipper Point","Extra","","","","","ManualTask"
"~|STASH#Easy|~: Al Kharid scorpion mine","Extra","","","","","ManualTask"
"~|STASH#Easy|~: Wheat field near the Lumbridge windmill","Extra","","","","","ManualTask"
"~|STASH#Easy|~: Rimmington mine","Extra","","","","","ManualTask"
"~|STASH#Easy|~: Upstairs in Ardougne windmill","Extra","","","","","ManualTask"
"~|STASH#Easy|~: Taverley Stone Circle","Extra","","","","","ManualTask"
"~|STASH#Easy|~: Near the parrots in Ardougne Zoo","Extra","","","","","ManualTask"
"~|STASH#Easy|~: Outside the Fishing Guild entrance","Extra","","","","","ManualTask"
"~|STASH#Easy|~: Road junction south of Sinclair Mansion","Extra","","","","","ManualTask"
"~|STASH#Easy|~: Near the Sawmill operator's booth","Extra","","","","","ManualTask"
"~|STASH#Easy|~: Outside Varrock Palace courtyard","Extra","","","","","ManualTask"
"~|STASH#Easy|~: South of the Grand Exchange","Extra","","","","","ManualTask"
"~|STASH#Easy|~: Civitas illa Fortis Grand Museum","Extra","","","","","ManualTask"
"~|STASH#Medium|~: Centre of Canifis","Extra","","","","","ManualTask"
"~|STASH#Medium|~: East of Barbarian Village bridge","Extra","","","","","ManualTask"
"~|STASH#Medium|~: Castle Wars bank","Extra","","","","","ManualTask"
"~|STASH#Medium|~: Gnome Stronghold balancing rope","Extra","","","","","ManualTask"
"~|STASH#Medium|~: Observatory","Extra","","","","","ManualTask"
"~|STASH#Medium|~: Digsite","Extra","","","","","ManualTask"
"~|STASH#Medium|~: Shantay Pass","Extra","","","","","ManualTask"
"~|STASH#Medium|~: Outside Catherby bank","Extra","","","","","ManualTask"
"~|STASH#Medium|~: Outside Harry's Fishing Shop in Catherby","Extra","","","","","ManualTask"
"~|STASH#Medium|~: North of Evil Dave's house in Edgeville","Extra","","","","","ManualTask"
"~|STASH#Medium|~: Entrance of the Arceuus library","Extra","","","","","ManualTask"
"~|STASH#Medium|~: North of Mount Karuulm","Extra","","","","","ManualTask"
"~|STASH#Medium|~: Mausoleum off the Morytania coast","Extra","","","","","ManualTask"
"~|STASH#Medium|~: South of the shrine in Tai Bwo Wannai Village","Extra","","","","","ManualTask"
"~|STASH#Medium|~: Barbarian Outpost obstacle course","Extra","","","","","ManualTask"
"~|STASH#Medium|~: Outside Yanille bank","Extra","","","","","ManualTask"
"~|STASH#Medium|~: Ogre cage in the Ardougne Training Camp","Extra","","","","","ManualTask"
"~|STASH#Medium|~: Hickton's Archery Emporium","Extra","","","","","ManualTask"
"~|STASH#Medium|~: Lumbridge Swamp Caves","Extra","","","","","ManualTask"
"~|STASH#Medium|~: Outside the Seers' Village courthouse","Extra","","","","","ManualTask"
"~|STASH#Medium|~: TzHaar weapons store","Extra","","","","","ManualTask"
"~|STASH#Medium|~: North of the Shayzien Combat Ring","Extra","","","","","ManualTask"
"~|STASH#Medium|~: Outside Draynor Village jail","Extra","","","","","ManualTask"
"~|STASH#Medium|~: East Salvager Overlook mine","Extra","","","","","ManualTask"
"~|STASH#Medium|~: Fishing spot east of The Proudspire","Extra","","","","","ManualTask"
"~|STASH#Hard|~: North of the Wilderness Chaos Temple","Extra","","","","","ManualTask"
"~|STASH#Hard|~: Top floor of the Lighthouse","Extra","","","","","ManualTask"
"~|STASH#Hard|~: Noterazzo's shop in the Wilderness","Extra","","","","","ManualTask"
"~|STASH#Hard|~: Mountain Camp goat enclosure","Extra","","","","","ManualTask"
"~|STASH#Hard|~: Shilo Village bank","Extra","","","","","ManualTask"
"~|STASH#Hard|~: Hosidius Mess","Extra","","","","","ManualTask"
"~|STASH#Hard|~: Fishing Guild bank","Extra","","","","","ManualTask"
"~|STASH#Hard|~: Outside the great pyramid of Sophanem","Extra","","","","","ManualTask"
"~|STASH#Hard|~: West side of the Karamja banana plantation","Extra","","","","","ManualTask"
"~|STASH#Hard|~: Gnome Glider on White Wolf Mountain","Extra","","","","","ManualTask"
"~|STASH#Hard|~: Inside the Digsite Exam Centre","Extra","","","","","ManualTask"
"~|STASH#Hard|~: Twilight Temple","Extra","","","","","ManualTask"
"~|STASH#Elite|~: Chapel in West Ardougne","Extra","","","","","ManualTask"
"~|STASH#Elite|~: Near a ladder in the Wilderness Lava Maze","Extra","","","","","ManualTask"
"~|STASH#Elite|~: Warriors' Guild bank","Extra","","","","","ManualTask"
"~|STASH#Elite|~: South-east corner of the Fishing Platform","Extra","","","","","ManualTask"
"~|STASH#Elite|~: On top of Trollheim Mountain","Extra","","","","","ManualTask"
"~|STASH#Elite|~: Near the gem stall in Ardougne Market","Extra","","","","","ManualTask"
"~|STASH#Elite|~: Near the Charcoal Furnace south of Hosidius","Extra","","","","","ManualTask"
"~|STASH#Elite|~: Near a runite rock in the Fremennik Isles","Extra","","","","","ManualTask"
"~|STASH#Elite|~: Outside the Slayer Tower gargoyle room","Extra","","","","","ManualTask"
"~|STASH#Elite|~: Fountain of Heroes","Extra","","","","","ManualTask"
"~|STASH#Elite|~: Half-way down Trollweiss Mountain","Extra","","","","","ManualTask"
"~|STASH#Elite|~: Outside the Legends' Guild door","Extra","","","","","ManualTask"
"~|STASH#Elite|~: Outside the bar by the Fight Arena","Extra","","","","","ManualTask"
"~|STASH#Elite|~: Temple in Civitas illa Fortis","Extra","","","","","ManualTask"
"~|STASH#Master|~: South-east corner of Lava Dragon Isle","Extra","","","","","ManualTask"
"~|STASH#Master|~: Barrows chest","Extra","","","","","ManualTask"
"~|STASH#Master|~: Soul Altar","Extra","","","","","ManualTask"
"~|STASH#Master|~: Entrana Chapel","Extra","","","","","ManualTask"
"~|STASH#Master|~: Tent in Lord Iorwerth's encampment","Extra","","","","","ManualTask"
"~|STASH#Master|~: Centre of the Catacombs of Kourend","Extra","","","","","ManualTask"
"~|STASH#Master|~: Death Altar","Extra","","","","","ManualTask"
"~|STASH#Master|~: North-western corner of the Enchanted Valley","Extra","","","","","ManualTask"
"~|STASH#Master|~: Near the pier in Zul-Andra","Extra","","","","","ManualTask"
"~|STASH#Master|~: Well of Voyage","Extra","","","","","ManualTask"
"~|STASH#Master|~: 7th Chamber of Jalsavrah","Extra","","","","","ManualTask"
"~|STASH#Master|~: Warriors' Guild bank","Extra","","","","","ManualTask"
"~|STASH#Master|~: TzHaar gem store","Extra","","","","","ManualTask"
"~|STASH#Master|~: By the bear cage in Varrock Palace gardens","Extra","","","","","ManualTask"
"~|STASH#Master|~: Top floor of the Yanille Watchtower","Extra","","","","","ManualTask"
"~|STASH#Master|~: Behind Miss Schism in Draynor Village","Extra","","","","","ManualTask"
"~|STASH#Master|~: North of Prifddinas by several maple trees","Extra","","","","","ManualTask"
"~|STASH#Master|~: South of Cam Torum entrance","Extra","","","","","ManualTask"
"~|STASH#Master|~: Northwest coast of Salvager Overlook","Extra","","","","","ManualTask"
"Armour Case: ~|Angler hat|~","Extra","","","","","ManualTask"
"Armour Case: ~|Angler top|~","Extra","","","","","ManualTask"
"Armour Case: ~|Angler waders|~","Extra","","","","","ManualTask"
"Armour Case: ~|Angler boots|~","Extra","","","","","ManualTask"
"Armour Case: ~|Prescription goggles|~","Extra","","","","","ManualTask"
"Armour Case: ~|Alchemist labcoat|~","Extra","","","","","ManualTask"
"Armour Case: ~|Alchemist pants|~","Extra","","","","","ManualTask"
"Armour Case: ~|Alchemist gloves|~","Extra","","","","","ManualTask"
"Armour Case: ~|Spirit angler headband|~","Extra","","","","","ManualTask"
"Armour Case: ~|Spirit angler top|~","Extra","","","","","ManualTask"
"Armour Case: ~|Spirit angler waders|~","Extra","","","","","ManualTask"
"Armour Case: ~|Spirit angler boots|~","Extra","","","","","ManualTask"
"Armour Case: ~|Desert camo top|~","Extra","","","","","ManualTask"
"Armour Case: ~|Desert camo legs|~","Extra","","","","","ManualTask"
"Armour Case: ~|Jungle camo top|~","Extra","","","","","ManualTask"
"Armour Case: ~|Jungle camo legs|~","Extra","","","","","ManualTask"
"Armour Case: ~|Polar camo top|~","Extra","","","","","ManualTask"
"Armour Case: ~|Polar camo legs|~","Extra","","","","","ManualTask"
"Armour Case: ~|Wood camo top|~","Extra","","","","","ManualTask"
"Armour Case: ~|Wood camo legs|~","Extra","","","","","ManualTask"
"Armour Case: ~|Decorative helm (red)|~","Extra","","","","","ManualTask"
"Armour Case: ~|Decorative full helm (red)|~","Extra","","","","","ManualTask"
"Armour Case: ~|Decorative armour (red platebody)|~","Extra","","","","","ManualTask"
"Armour Case: ~|Decorative armour (red plateskirt)|~","Extra","","","","","ManualTask"
"Armour Case: ~|Decorative armour (red platelegs)|~","Extra","","","","","ManualTask"
"Armour Case: ~|Decorative shield (red)|~","Extra","","","","","ManualTask"
"Armour Case: ~|Decorative boots (red)|~","Extra","","","","","ManualTask"
"Armour Case: ~|Decorative helm (white)|~","Extra","","","","","ManualTask"
"Armour Case: ~|Decorative full helm (white)|~","Extra","","","","","ManualTask"
"Armour Case: ~|Decorative armour (white platebody)|~","Extra","","","","","ManualTask"
"Armour Case: ~|Decorative armour (white plateskirt)|~","Extra","","","","","ManualTask"
"Armour Case: ~|Decorative armour (white platelegs)|~","Extra","","","","","ManualTask"
"Armour Case: ~|Decorative shield (white)|~","Extra","","","","","ManualTask"
"Armour Case: ~|Decorative boots (white)|~","Extra","","","","","ManualTask"
"Armour Case: ~|Decorative helm (gold)|~","Extra","","","","","ManualTask"
"Armour Case: ~|Decorative full helm (gold)|~","Extra","","","","","ManualTask"
"Armour Case: ~|Decorative armour (gold platebody)|~","Extra","","","","","ManualTask"
"Armour Case: ~|Decorative armour (gold plateskirt)|~","Extra","","","","","ManualTask"
"Armour Case: ~|Decorative armour (gold platelegs)|~","Extra","","","","","ManualTask"
"Armour Case: ~|Decorative shield (gold)|~","Extra","","","","","ManualTask"
"Armour Case: ~|Decorative boots (gold)|~","Extra","","","","","ManualTask"
"Armour Case: ~|Decorative sword (red)|~","Extra","","","","","ManualTask"
"Armour Case: ~|Decorative sword (white)|~","Extra","","","","","ManualTask"
"Armour Case: ~|Decorative sword (gold)|~","Extra","","","","","ManualTask"
"Armour Case: ~|Decorative armour (magic hat)|~","Extra","","","","","ManualTask"
"Armour Case: ~|Decorative armour (magic top)|~","Extra","","","","","ManualTask"
"Armour Case: ~|Decorative armour (magic legs)|~","Extra","","","","","ManualTask"
"Armour Case: ~|Decorative armour (ranged top)|~","Extra","","","","","ManualTask"
"Armour Case: ~|Decorative armour (ranged legs)|~","Extra","","","","","ManualTask"
"Armour Case: ~|Decorative armour (quiver)|~","Extra","","","","","ManualTask"
"Armour Case: ~|Clue hunter garb|~","Extra","","","","","ManualTask"
"Armour Case: ~|Clue hunter trousers|~","Extra","","","","","ManualTask"
"Armour Case: ~|Clue hunter cloak|~","Extra","","","","","ManualTask"
"Armour Case: ~|Clue hunter gloves|~","Extra","","","","","ManualTask"
"Armour Case: ~|Clue hunter boots|~","Extra","","","","","ManualTask"
"Armour Case: ~|Corrupted helm|~","Extra","","","","","ManualTask"
"Armour Case: ~|Corrupted platebody|~","Extra","","","","","ManualTask"
"Armour Case: ~|Corrupted platelegs|~","Extra","","","","","ManualTask"
"Armour Case: ~|Corrupted plateskirt|~","Extra","","","","","ManualTask"
"Armour Case: ~|Corrupted kiteshield|~","Extra","","","","","ManualTask"
"Armour Case: ~|Deadman's chest|~","Extra","","","","","ManualTask"
"Armour Case: ~|Deadman's legs|~","Extra","","","","","ManualTask"
"Armour Case: ~|Deadman's cape|~","Extra","","","","","ManualTask"
"Armour Case: ~|Dragonstone full helm|~","Extra","","","","","ManualTask"
"Armour Case: ~|Dragonstone platebody|~","Extra","","","","","ManualTask"
"Armour Case: ~|Dragonstone platelegs|~","Extra","","","","","ManualTask"
"Armour Case: ~|Dragonstone gauntlets|~","Extra","","","","","ManualTask"
"Armour Case: ~|Dragonstone boots|~","Extra","","","","","ManualTask"
"Armour Case: ~|Elite black full helm|~","Extra","","","","","ManualTask"
"Armour Case: ~|Elite black platebody|~","Extra","","","","","ManualTask"
"Armour Case: ~|Elite black platelegs|~","Extra","","","","","ManualTask"
"Armour Case: ~|Farmer's strawhat|~","Extra","","","","","ManualTask"
"Armour Case: ~|Farmer's jacket|~","Extra","","","","","ManualTask"
"Armour Case: ~|Farmer's shirt|~","Extra","","","","","ManualTask"
"Armour Case: ~|Farmer's boro trousers|~","Extra","","","","","ManualTask"
"Armour Case: ~|Farmer's boots|~","Extra","","","","","ManualTask"
"Armour Case: ~|Fedora|~","Extra","","","","","ManualTask"
"Armour Case: ~|Ham hood|~","Extra","","","","","ManualTask"
"Armour Case: ~|Ham shirt|~","Extra","","","","","ManualTask"
"Armour Case: ~|Ham robe|~","Extra","","","","","ManualTask"
"Armour Case: ~|Ham gloves|~","Extra","","","","","ManualTask"
"Armour Case: ~|Ham boots|~","Extra","","","","","ManualTask"
"Armour Case: ~|Ham cloak|~","Extra","","","","","ManualTask"
"Armour Case: ~|Ham logo|~","Extra","","","","","ManualTask"
"Armour Case: ~|Ancient halo|~","Extra","","","","","ManualTask"
"Armour Case: ~|Armadyl halo|~","Extra","","","","","ManualTask"
"Armour Case: ~|Bandos halo|~","Extra","","","","","ManualTask"
"Armour Case: ~|Brassica halo|~","Extra","","","","","ManualTask"
"Armour Case: ~|Guthix halo|~","Extra","","","","","ManualTask"
"Armour Case: ~|Saradomin halo|~","Extra","","","","","ManualTask"
"Armour Case: ~|Seren halo|~","Extra","","","","","ManualTask"
"Armour Case: ~|Zamorak halo|~","Extra","","","","","ManualTask"
"Armour Case: ~|Helm of raedwald|~","Extra","","","","","ManualTask"
"Armour Case: ~|Graahk headdress|~","Extra","","","","","ManualTask"
"Armour Case: ~|Graahk top|~","Extra","","","","","ManualTask"
"Armour Case: ~|Graahk legs|~","Extra","","","","","ManualTask"
"Armour Case: ~|Kyatt hat|~","Extra","","","","","ManualTask"
"Armour Case: ~|Kyatt top|~","Extra","","","","","ManualTask"
"Armour Case: ~|Kyatt legs|~","Extra","","","","","ManualTask"
"Armour Case: ~|Larupia hat|~","Extra","","","","","ManualTask"
"Armour Case: ~|Larupia top|~","Extra","","","","","ManualTask"
"Armour Case: ~|Larupia legs|~","Extra","","","","","ManualTask"
"Armour Case: ~|Guild hunter headwear|~","Extra","","","","","ManualTask"
"Armour Case: ~|Guild hunter top|~","Extra","","","","","ManualTask"
"Armour Case: ~|Guild hunter legs|~","Extra","","","","","ManualTask"
"Armour Case: ~|Guild hunter boots|~","Extra","","","","","ManualTask"
"Armour Case: ~|Inquisitor's great helm|~","Extra","","","","","ManualTask"
"Armour Case: ~|Inquisitor's hauberk|~","Extra","","","","","ManualTask"
"Armour Case: ~|Inquisitor's plateskirt|~","Extra","","","","","ManualTask"
"Armour Case: ~|Justiciar faceguard|~","Extra","","","","","ManualTask"
"Armour Case: ~|Justiciar chestguard|~","Extra","","","","","ManualTask"
"Armour Case: ~|Justiciar legguards|~","Extra","","","","","ManualTask"
"Armour Case: ~|Lumberjack hat|~","Extra","","","","","ManualTask"
"Armour Case: ~|Lumberjack top|~","Extra","","","","","ManualTask"
"Armour Case: ~|Lumberjack legs|~","Extra","","","","","ManualTask"
"Armour Case: ~|Lumberjack boots|~","Extra","","","","","ManualTask"
"Armour Case: ~|Masori mask|~","Extra","","","","","ManualTask"
"Armour Case: ~|Masori body|~","Extra","","","","","ManualTask"
"Armour Case: ~|Masori chaps|~","Extra","","","","","ManualTask"
"Armour Case: ~|Masori mask (f)|~","Extra","","","","","ManualTask"
"Armour Case: ~|Masori body (f)|~","Extra","","","","","ManualTask"
"Armour Case: ~|Masori chaps (f)|~","Extra","","","","","ManualTask"
"Armour Case: ~|Mining gloves|~","Extra","","","","","ManualTask"
"Armour Case: ~|Superior mining gloves|~","Extra","","","","","ManualTask"
"Armour Case: ~|Expert mining gloves|~","Extra","","","","","ManualTask"
"Armour Case: ~|Mixed hide top|~","Extra","","","","","ManualTask"
"Armour Case: ~|Mixed hide legs|~","Extra","","","","","ManualTask"
"Armour Case: ~|Mixed hide boots|~","Extra","","","","","ManualTask"
"Armour Case: ~|Mixed hide cape|~","Extra","","","","","ManualTask"
"Armour Case: ~|Oathplate helm|~","Extra","","","","","ManualTask"
"Armour Case: ~|Oathplate chest|~","Extra","","","","","ManualTask"
"Armour Case: ~|Oathplate legs|~","Extra","","","","","ManualTask"
"Armour Case: ~|Obsidian helmet|~","Extra","","","","","ManualTask"
"Armour Case: ~|Obsidian platebody|~","Extra","","","","","ManualTask"
"Armour Case: ~|Obsidian platelegs|~","Extra","","","","","ManualTask"
"Armour Case: ~|Ornate helm|~","Extra","","","","","ManualTask"
"Armour Case: ~|Ornate top|~","Extra","","","","","ManualTask"
"Armour Case: ~|Ornate legs|~","Extra","","","","","ManualTask"
"Armour Case: ~|Ornate gloves|~","Extra","","","","","ManualTask"
"Armour Case: ~|Ornate boots|~","Extra","","","","","ManualTask"
"Armour Case: ~|Ornate cape|~","Extra","","","","","ManualTask"
"Armour Case: ~|Fighter hat|~","Extra","","","","","ManualTask"
"Armour Case: ~|Fighter torso|~","Extra","","","","","ManualTask"
"Armour Case: ~|Penance gloves|~","Extra","","","","","ManualTask"
"Armour Case: ~|Healer hat|~","Extra","","","","","ManualTask"
"Armour Case: ~|Ranger hat|~","Extra","","","","","ManualTask"
"Armour Case: ~|Runner boots|~","Extra","","","","","ManualTask"
"Armour Case: ~|Runner hat|~","Extra","","","","","ManualTask"
"Armour Case: ~|Penance skirt|~","Extra","","","","","ManualTask"
"Armour Case: ~|Prospector helmet|~","Extra","","","","","ManualTask"
"Armour Case: ~|Prospector jacket|~","Extra","","","","","ManualTask"
"Armour Case: ~|Prospector legs|~","Extra","","","","","ManualTask"
"Armour Case: ~|Prospector boots|~","Extra","","","","","ManualTask"
"Armour Case: ~|Golden prospector helmet|~","Extra","","","","","ManualTask"
"Armour Case: ~|Golden prospector jacket|~","Extra","","","","","ManualTask"
"Armour Case: ~|Golden prospector legs|~","Extra","","","","","ManualTask"
"Armour Case: ~|Golden prospector boots|~","Extra","","","","","ManualTask"
"Armour Case: ~|Radiant oathplate helm|~","Extra","","","","","ManualTask"
"Armour Case: ~|Radiant oathplate chest|~","Extra","","","","","ManualTask"
"Armour Case: ~|Radiant oathplate legs|~","Extra","","","","","ManualTask"
"Armour Case: ~|Rock-shell helm|~","Extra","","","","","ManualTask"
"Armour Case: ~|Rock-shell plate|~","Extra","","","","","ManualTask"
"Armour Case: ~|Rock-shell legs|~","Extra","","","","","ManualTask"
"Armour Case: ~|Rock-shell gloves|~","Extra","","","","","ManualTask"
"Armour Case: ~|Rock-shell boots|~","Extra","","","","","ManualTask"
"Armour Case: ~|Rogue mask|~","Extra","","","","","ManualTask"
"Armour Case: ~|Rogue top|~","Extra","","","","","ManualTask"
"Armour Case: ~|Rogue trousers|~","Extra","","","","","ManualTask"
"Armour Case: ~|Rogue gloves|~","Extra","","","","","ManualTask"
"Armour Case: ~|Rogue boots|~","Extra","","","","","ManualTask"
"Armour Case: ~|Shayzien helm (1)|~","Extra","","","","","ManualTask"
"Armour Case: ~|Shayzien platebody (1)|~","Extra","","","","","ManualTask"
"Armour Case: ~|Shayzien greaves (1)|~","Extra","","","","","ManualTask"
"Armour Case: ~|Shayzien gloves (1)|~","Extra","","","","","ManualTask"
"Armour Case: ~|Shayzien boots (1)|~","Extra","","","","","ManualTask"
"Armour Case: ~|Shayzien helm (2)|~","Extra","","","","","ManualTask"
"Armour Case: ~|Shayzien platebody (2)|~","Extra","","","","","ManualTask"
"Armour Case: ~|Shayzien greaves (2)|~","Extra","","","","","ManualTask"
"Armour Case: ~|Shayzien gloves (2)|~","Extra","","","","","ManualTask"
"Armour Case: ~|Shayzien boots (2)|~","Extra","","","","","ManualTask"
"Armour Case: ~|Shayzien helm (3)|~","Extra","","","","","ManualTask"
"Armour Case: ~|Shayzien platebody (3)|~","Extra","","","","","ManualTask"
"Armour Case: ~|Shayzien greaves (3)|~","Extra","","","","","ManualTask"
"Armour Case: ~|Shayzien gloves (3)|~","Extra","","","","","ManualTask"
"Armour Case: ~|Shayzien boots (3)|~","Extra","","","","","ManualTask"
"Armour Case: ~|Shayzien helm (4)|~","Extra","","","","","ManualTask"
"Armour Case: ~|Shayzien platebody (4)|~","Extra","","","","","ManualTask"
"Armour Case: ~|Shayzien greaves (4)|~","Extra","","","","","ManualTask"
"Armour Case: ~|Shayzien gloves (4)|~","Extra","","","","","ManualTask"
"Armour Case: ~|Shayzien boots (4)|~","Extra","","","","","ManualTask"
"Armour Case: ~|Shayzien helm (5)|~","Extra","","","","","ManualTask"
"Armour Case: ~|Shayzien body (5)|~","Extra","","","","","ManualTask"
"Armour Case: ~|Shayzien greaves (5)|~","Extra","","","","","ManualTask"
"Armour Case: ~|Shayzien gloves (5)|~","Extra","","","","","ManualTask"
"Armour Case: ~|Shayzien boots (5)|~","Extra","","","","","ManualTask"
"Armour Case: ~|Snakeskin bandana|~","Extra","","","","","ManualTask"
"Armour Case: ~|Snakeskin body|~","Extra","","","","","ManualTask"
"Armour Case: ~|Snakeskin chaps|~","Extra","","","","","ManualTask"
"Armour Case: ~|Snakeskin vambraces|~","Extra","","","","","ManualTask"
"Armour Case: ~|Snakeskin boots|~","Extra","","","","","ManualTask"
"Armour Case: ~|Spined helm|~","Extra","","","","","ManualTask"
"Armour Case: ~|Spined body|~","Extra","","","","","ManualTask"
"Armour Case: ~|Spined chaps|~","Extra","","","","","ManualTask"
"Armour Case: ~|Spined gloves|~","Extra","","","","","ManualTask"
"Armour Case: ~|Spined boots|~","Extra","","","","","ManualTask"
"Armour Case: ~|Fancy boots|~","Extra","","","","","ManualTask"
"Armour Case: ~|Fighting boots|~","Extra","","","","","ManualTask"
"Armour Case: ~|Fancier boots|~","Extra","","","","","ManualTask"
"Armour Case: ~|Sunfire fanatic helm|~","Extra","","","","","ManualTask"
"Armour Case: ~|Sunfire fanatic cuirass|~","Extra","","","","","ManualTask"
"Armour Case: ~|Sunfire fanatic chausses|~","Extra","","","","","ManualTask"
"Armour Case: ~|Swift blade|~","Extra","","","","","ManualTask"
"Armour Case: ~|Initiate sallet|~","Extra","","","","","ManualTask"
"Armour Case: ~|Initiate hauberk|~","Extra","","","","","ManualTask"
"Armour Case: ~|Initiate cuisse|~","Extra","","","","","ManualTask"
"Armour Case: ~|Proselyte sallet|~","Extra","","","","","ManualTask"
"Armour Case: ~|Proselyte hauberk|~","Extra","","","","","ManualTask"
"Armour Case: ~|Proselyte tasset|~","Extra","","","","","ManualTask"
"Armour Case: ~|Proselyte cuisse|~","Extra","","","","","ManualTask"
"Armour Case: ~|Tribal mask (combat)|~","Extra","","","","","ManualTask"
"Armour Case: ~|Tribal mask (disease)|~","Extra","","","","","ManualTask"
"Armour Case: ~|Tribal mask (poison)|~","Extra","","","","","ManualTask"
"Armour Case: ~|Void knight top|~","Extra","","","","","ManualTask"
"Armour Case: ~|Void knight robe|~","Extra","","","","","ManualTask"
"Armour Case: ~|Void knight gloves|~","Extra","","","","","ManualTask"
"Armour Case: ~|Elite void top|~","Extra","","","","","ManualTask"
"Armour Case: ~|Elite void robe|~","Extra","","","","","ManualTask"
"Armour Case: ~|Void mage helm|~","Extra","","","","","ManualTask"
"Armour Case: ~|Void melee helm|~","Extra","","","","","ManualTask"
"Armour Case: ~|Void ranger helm|~","Extra","","","","","ManualTask"
"Armour Case: ~|White full helm|~","Extra","","","","","ManualTask"
"Armour Case: ~|White platebody|~","Extra","","","","","ManualTask"
"Armour Case: ~|White plateskirt|~","Extra","","","","","ManualTask"
"Armour Case: ~|White platelegs|~","Extra","","","","","ManualTask"
"Armour Case: ~|White gloves|~","Extra","","","","","ManualTask"
"Armour Case: ~|White boots|~","Extra","","","","","ManualTask"
"Armour Case: ~|White kiteshield|~","Extra","","","","","ManualTask"
"Armour Case: ~|Xerician hat|~","Extra","","","","","ManualTask"
"Armour Case: ~|Xerician top|~","Extra","","","","","ManualTask"
"Armour Case: ~|Xerician robe|~","Extra","","","","","ManualTask"
"Magic Wardrobe: ~|Amy's saw|~","Extra","","","","","ManualTask"
"Magic Wardrobe: ~|Amy's saw (off-hand)|~","Extra","","","","","ManualTask"
"Magic Wardrobe: ~|Ancestral hat|~","Extra","","","","","ManualTask"
"Magic Wardrobe: ~|Ancestral robe top|~","Extra","","","","","ManualTask"
"Magic Wardrobe: ~|Ancestral robe bottom|~","Extra","","","","","ManualTask"
"Magic Wardrobe: ~|Twisted ancestral hat|~","Extra","","","","","ManualTask"
"Magic Wardrobe: ~|Twisted ancestral robe top|~","Extra","","","","","ManualTask"
"Magic Wardrobe: ~|Twisted ancestral robe bottom|~","Extra","","","","","ManualTask"
"Magic Wardrobe: ~|Ancient ceremonial top|~","Extra","","","","","ManualTask"
"Magic Wardrobe: ~|Ancient ceremonial legs|~","Extra","","","","","ManualTask"
"Magic Wardrobe: ~|Ancient ceremonial mask|~","Extra","","","","","ManualTask"
"Magic Wardrobe: ~|Ancient ceremonial gloves|~","Extra","","","","","ManualTask"
"Magic Wardrobe: ~|Ancient ceremonial boots|~","Extra","","","","","ManualTask"
"Magic Wardrobe: ~|Bloodbark helm|~","Extra","","","","","ManualTask"
"Magic Wardrobe: ~|Bloodbark body|~","Extra","","","","","ManualTask"
"Magic Wardrobe: ~|Bloodbark legs|~","Extra","","","","","ManualTask"
"Magic Wardrobe: ~|Bloodbark gauntlets|~","Extra","","","","","ManualTask"
"Magic Wardrobe: ~|Bloodbark boots|~","Extra","","","","","ManualTask"
"Magic Wardrobe: ~|Bruma torch|~","Extra","","","","","ManualTask"
"Magic Wardrobe: ~|Carpenter's helmet|~","Extra","","","","","ManualTask"
"Magic Wardrobe: ~|Carpenter's shirt|~","Extra","","","","","ManualTask"
"Magic Wardrobe: ~|Carpenter's trousers|~","Extra","","","","","ManualTask"
"Magic Wardrobe: ~|Carpenter's boots|~","Extra","","","","","ManualTask"
"Magic Wardrobe: ~|Dagon'hai hat|~","Extra","","","","","ManualTask"
"Magic Wardrobe: ~|Dagon'hai robe top|~","Extra","","","","","ManualTask"
"Magic Wardrobe: ~|Dagon'hai robe bottom|~","Extra","","","","","ManualTask"
"Magic Wardrobe: ~|Dark flippers|~","Extra","","","","","ManualTask"
"Armour Case: ~|Dark squall hood|~","Extra","","","","","ManualTask"
"Armour Case: ~|Dark squall robe top|~","Extra","","","","","ManualTask"
"Armour Case: ~|Dark squall robe bottom|~","Extra","","","","","ManualTask"
"Magic Wardrobe: ~|Elder chaos hood|~","Extra","","","","","ManualTask"
"Magic Wardrobe: ~|Elder chaos top|~","Extra","","","","","ManualTask"
"Magic Wardrobe: ~|Elder chaos robe|~","Extra","","","","","ManualTask"
"Magic Wardrobe: ~|Evil chicken head|~","Extra","","","","","ManualTask"
"Magic Wardrobe: ~|Evil chicken wings|~","Extra","","","","","ManualTask"
"Magic Wardrobe: ~|Evil chicken legs|~","Extra","","","","","ManualTask"
"Magic Wardrobe: ~|Evil chicken feet|~","Extra","","","","","ManualTask"
"Magic Wardrobe: ~|Fish sack|~","Extra","","","","","ManualTask"
"Magic Wardrobe: ~|Fish sack barrel|~","Extra","","","","","ManualTask"
"Magic Wardrobe: ~|Bronze fist flag|~","Extra","","","","","ManualTask"
"Magic Wardrobe: ~|Cutthroat flag|~","Extra","","","","","ManualTask"
"Magic Wardrobe: ~|Gilded smile flag|~","Extra","","","","","ManualTask"
"Magic Wardrobe: ~|Lucky shot flag|~","Extra","","","","","ManualTask"
"Magic Wardrobe: ~|Phasmatys flag|~","Extra","","","","","ManualTask"
"Magic Wardrobe: ~|Treasure flag|~","Extra","","","","","ManualTask"
"Magic Wardrobe: ~|Fletching knife|~","Extra","","","","","ManualTask"
"Magic Wardrobe: ~|Forestry kit|~","Extra","","","","","ManualTask"
"Magic Wardrobe: ~|Golden tench|~","Extra","","","","","ManualTask"
"Magic Wardrobe: ~|Graceful hood|~","Extra","","","","","ManualTask"
"Magic Wardrobe: ~|Graceful top|~","Extra","","","","","ManualTask"
"Magic Wardrobe: ~|Graceful legs|~","Extra","","","","","ManualTask"
"Magic Wardrobe: ~|Graceful cape|~","Extra","","","","","ManualTask"
"Magic Wardrobe: ~|Graceful gloves|~","Extra","","","","","ManualTask"
"Magic Wardrobe: ~|Graceful boots|~","Extra","","","","","ManualTask"
"Magic Wardrobe: ~|Graceful hood (Agility Arena)|~","Extra","","","","","ManualTask"
"Magic Wardrobe: ~|Graceful top (Agility Arena)|~","Extra","","","","","ManualTask"
"Magic Wardrobe: ~|Graceful legs (Agility Arena)|~","Extra","","","","","ManualTask"
"Magic Wardrobe: ~|Graceful cape (Agility Arena)|~","Extra","","","","","ManualTask"
"Magic Wardrobe: ~|Graceful gloves (Agility Arena)|~","Extra","","","","","ManualTask"
"Magic Wardrobe: ~|Graceful boots (Agility Arena)|~","Extra","","","","","ManualTask"
"Magic Wardrobe: ~|Graceful hood (Arceuus)|~","Extra","","","","","ManualTask"
"Magic Wardrobe: ~|Graceful top (Arceuus)|~","Extra","","","","","ManualTask"
"Magic Wardrobe: ~|Graceful legs (Arceuus)|~","Extra","","","","","ManualTask"
"Magic Wardrobe: ~|Graceful cape (Arceuus)|~","Extra","","","","","ManualTask"
"Magic Wardrobe: ~|Graceful gloves (Arceuus)|~","Extra","","","","","ManualTask"
"Magic Wardrobe: ~|Graceful boots (Arceuus)|~","Extra","","","","","ManualTask"
"Magic Wardrobe: ~|Graceful hood (Hallowed)|~","Extra","","","","","ManualTask"
"Magic Wardrobe: ~|Graceful top (Hallowed)|~","Extra","","","","","ManualTask"
"Magic Wardrobe: ~|Graceful legs (Hallowed)|~","Extra","","","","","ManualTask"
"Magic Wardrobe: ~|Graceful cape (Hallowed)|~","Extra","","","","","ManualTask"
"Magic Wardrobe: ~|Graceful gloves (Hallowed)|~","Extra","","","","","ManualTask"
"Magic Wardrobe: ~|Graceful boots (Hallowed)|~","Extra","","","","","ManualTask"
"Magic Wardrobe: ~|Graceful hood (Hosidius)|~","Extra","","","","","ManualTask"
"Magic Wardrobe: ~|Graceful top (Hosidius)|~","Extra","","","","","ManualTask"
"Magic Wardrobe: ~|Graceful legs (Hosidius)|~","Extra","","","","","ManualTask"
"Magic Wardrobe: ~|Graceful cape (Hosidius)|~","Extra","","","","","ManualTask"
"Magic Wardrobe: ~|Graceful gloves (Hosidius)|~","Extra","","","","","ManualTask"
"Magic Wardrobe: ~|Graceful boots (Hosidius)|~","Extra","","","","","ManualTask"
"Magic Wardrobe: ~|Graceful hood (Kourend)|~","Extra","","","","","ManualTask"
"Magic Wardrobe: ~|Graceful top (Kourend)|~","Extra","","","","","ManualTask"
"Magic Wardrobe: ~|Graceful legs (Kourend)|~","Extra","","","","","ManualTask"
"Magic Wardrobe: ~|Graceful cape (Kourend)|~","Extra","","","","","ManualTask"
"Magic Wardrobe: ~|Graceful gloves (Kourend)|~","Extra","","","","","ManualTask"
"Magic Wardrobe: ~|Graceful boots (Kourend)|~","Extra","","","","","ManualTask"
"Magic Wardrobe: ~|Graceful hood (Lovakengj)|~","Extra","","","","","ManualTask"
"Magic Wardrobe: ~|Graceful top (Lovakengj)|~","Extra","","","","","ManualTask"
"Magic Wardrobe: ~|Graceful legs (Lovakengj)|~","Extra","","","","","ManualTask"
"Magic Wardrobe: ~|Graceful cape (Lovakengj)|~","Extra","","","","","ManualTask"
"Magic Wardrobe: ~|Graceful gloves (Lovakengj)|~","Extra","","","","","ManualTask"
"Magic Wardrobe: ~|Graceful boots (Lovakengj)|~","Extra","","","","","ManualTask"
"Magic Wardrobe: ~|Graceful hood (Piscarilius)|~","Extra","","","","","ManualTask"
"Magic Wardrobe: ~|Graceful top (Piscarilius)|~","Extra","","","","","ManualTask"
"Magic Wardrobe: ~|Graceful legs (Piscarilius)|~","Extra","","","","","ManualTask"
"Magic Wardrobe: ~|Graceful cape (Piscarilius)|~","Extra","","","","","ManualTask"
"Magic Wardrobe: ~|Graceful gloves (Piscarilius)|~","Extra","","","","","ManualTask"
"Magic Wardrobe: ~|Graceful boots (Piscarilius)|~","Extra","","","","","ManualTask"
"Magic Wardrobe: ~|Graceful hood (Shayzien)|~","Extra","","","","","ManualTask"
"Magic Wardrobe: ~|Graceful top (Shayzien)|~","Extra","","","","","ManualTask"
"Magic Wardrobe: ~|Graceful legs (Shayzien)|~","Extra","","","","","ManualTask"
"Magic Wardrobe: ~|Graceful cape (Shayzien)|~","Extra","","","","","ManualTask"
"Magic Wardrobe: ~|Graceful gloves (Shayzien)|~","Extra","","","","","ManualTask"
"Magic Wardrobe: ~|Graceful boots (Shayzien)|~","Extra","","","","","ManualTask"
"Magic Wardrobe: ~|Graceful hood (Varlamore)|~","Extra","","","","","ManualTask"
"Magic Wardrobe: ~|Graceful top (Varlamore)|~","Extra","","","","","ManualTask"
"Magic Wardrobe: ~|Graceful legs (Varlamore)|~","Extra","","","","","ManualTask"
"Magic Wardrobe: ~|Graceful cape (Varlamore)|~","Extra","","","","","ManualTask"
"Magic Wardrobe: ~|Graceful gloves (Varlamore)|~","Extra","","","","","ManualTask"
"Magic Wardrobe: ~|Graceful boots (Varlamore)|~","Extra","","","","","ManualTask"
"Magic Wardrobe: ~|Greenman mask|~","Extra","","","","","ManualTask"
"Magic Wardrobe: ~|Imcando hammer|~","Extra","","","","","ManualTask"
"Magic Wardrobe: ~|Imcando hammer (off-hand)|~","Extra","","","","","ManualTask"
"Magic Wardrobe: ~|Infinity hat|~","Extra","","","","","ManualTask"
"Magic Wardrobe: ~|Infinity top|~","Extra","","","","","ManualTask"
"Magic Wardrobe: ~|Infinity bottoms|~","Extra","","","","","ManualTask"
"Magic Wardrobe: ~|Infinity gloves|~","Extra","","","","","ManualTask"
"Magic Wardrobe: ~|Infinity boots|~","Extra","","","","","ManualTask"
"Magic Wardrobe: ~|Log basket|~","Extra","","","","","ManualTask"
"Magic Wardrobe: ~|Lunar helm|~","Extra","","","","","ManualTask"
"Magic Wardrobe: ~|Lunar torso|~","Extra","","","","","ManualTask"
"Magic Wardrobe: ~|Lunar legs|~","Extra","","","","","ManualTask"
"Magic Wardrobe: ~|Lunar amulet|~","Extra","","","","","ManualTask"
"Magic Wardrobe: ~|Lunar cape|~","Extra","","","","","ManualTask"
"Magic Wardrobe: ~|Lunar gloves|~","Extra","","","","","ManualTask"
"Magic Wardrobe: ~|Lunar ring|~","Extra","","","","","ManualTask"
"Magic Wardrobe: ~|Lunar boots|~","Extra","","","","","ManualTask"
"Magic Wardrobe: ~|Mask of rebirth|~","Extra","","","","","ManualTask"
"Magic Wardrobe: ~|Moonclan hat|~","Extra","","","","","ManualTask"
"Magic Wardrobe: ~|Moonclan helm|~","Extra","","","","","ManualTask"
"Magic Wardrobe: ~|Moonclan armour|~","Extra","","","","","ManualTask"
"Magic Wardrobe: ~|Moonclan skirt|~","Extra","","","","","ManualTask"
"Magic Wardrobe: ~|Moonclan cape|~","Extra","","","","","ManualTask"
"Magic Wardrobe: ~|Moonclan gloves|~","Extra","","","","","ManualTask"
"Magic Wardrobe: ~|Moonclan boots|~","Extra","","","","","ManualTask"
"Magic Wardrobe: ~|Mudskipper hat|~","Extra","","","","","ManualTask"
"Magic Wardrobe: ~|Flippers|~","Extra","","","","","ManualTask"
"Magic Wardrobe: ~|Mystic hat|~","Extra","","","","","ManualTask"
"Magic Wardrobe: ~|Mystic robe top|~","Extra","","","","","ManualTask"
"Magic Wardrobe: ~|Mystic robe bottom|~","Extra","","","","","ManualTask"
"Magic Wardrobe: ~|Mystic gloves|~","Extra","","","","","ManualTask"
"Magic Wardrobe: ~|Mystic boots|~","Extra","","","","","ManualTask"
"Magic Wardrobe: ~|Mystic hat (dark)|~","Extra","","","","","ManualTask"
"Magic Wardrobe: ~|Mystic robe top (dark)|~","Extra","","","","","ManualTask"
"Magic Wardrobe: ~|Mystic robe bottom (dark)|~","Extra","","","","","ManualTask"
"Magic Wardrobe: ~|Mystic gloves (dark)|~","Extra","","","","","ManualTask"
"Magic Wardrobe: ~|Mystic boots (dark)|~","Extra","","","","","ManualTask"
"Magic Wardrobe: ~|Mystic hat (dusk)|~","Extra","","","","","ManualTask"
"Magic Wardrobe: ~|Mystic robe top (dusk)|~","Extra","","","","","ManualTask"
"Magic Wardrobe: ~|Mystic robe bottom (dusk)|~","Extra","","","","","ManualTask"
"Magic Wardrobe: ~|Mystic gloves (dusk)|~","Extra","","","","","ManualTask"
"Magic Wardrobe: ~|Mystic boots (dusk)|~","Extra","","","","","ManualTask"
"Magic Wardrobe: ~|Mystic hat (light)|~","Extra","","","","","ManualTask"
"Magic Wardrobe: ~|Mystic robe top (light)|~","Extra","","","","","ManualTask"
"Magic Wardrobe: ~|Mystic robe bottom (light)|~","Extra","","","","","ManualTask"
"Magic Wardrobe: ~|Mystic gloves (light)|~","Extra","","","","","ManualTask"
"Magic Wardrobe: ~|Mystic boots (light)|~","Extra","","","","","ManualTask"
"Magic Wardrobe: ~|Black tricorn hat|~","Extra","","","","","ManualTask"
"Magic Wardrobe: ~|Black naval shirt|~","Extra","","","","","ManualTask"
"Magic Wardrobe: ~|Black navy slacks|~","Extra","","","","","ManualTask"
"Magic Wardrobe: ~|Blue tricorn hat|~","Extra","","","","","ManualTask"
"Magic Wardrobe: ~|Blue naval shirt|~","Extra","","","","","ManualTask"
"Magic Wardrobe: ~|Blue navy slacks|~","Extra","","","","","ManualTask"
"Magic Wardrobe: ~|Brown tricorn hat|~","Extra","","","","","ManualTask"
"Magic Wardrobe: ~|Brown naval shirt|~","Extra","","","","","ManualTask"
"Magic Wardrobe: ~|Brown navy slacks|~","Extra","","","","","ManualTask"
"Magic Wardrobe: ~|Green tricorn hat|~","Extra","","","","","ManualTask"
"Magic Wardrobe: ~|Green naval shirt|~","Extra","","","","","ManualTask"
"Magic Wardrobe: ~|Green navy slacks|~","Extra","","","","","ManualTask"
"Magic Wardrobe: ~|Grey tricorn hat|~","Extra","","","","","ManualTask"
"Magic Wardrobe: ~|Grey naval shirt|~","Extra","","","","","ManualTask"
"Magic Wardrobe: ~|Grey navy slacks|~","Extra","","","","","ManualTask"
"Magic Wardrobe: ~|Purple tricorn hat|~","Extra","","","","","ManualTask"
"Magic Wardrobe: ~|Purple naval shirt|~","Extra","","","","","ManualTask"
"Magic Wardrobe: ~|Purple navy slacks|~","Extra","","","","","ManualTask"
"Magic Wardrobe: ~|Red tricorn hat|~","Extra","","","","","ManualTask"
"Magic Wardrobe: ~|Red naval shirt|~","Extra","","","","","ManualTask"
"Magic Wardrobe: ~|Red navy slacks|~","Extra","","","","","ManualTask"
"Magic Wardrobe: ~|Oily pearl fishing rod|~","Extra","","","","","ManualTask"
"Magic Wardrobe: ~|Pearl barbarian rod|~","Extra","","","","","ManualTask"
"Magic Wardrobe: ~|Pearl fishing rod|~","Extra","","","","","ManualTask"
"Magic Wardrobe: ~|Pearl fly fishing rod|~","Extra","","","","","ManualTask"
"Magic Wardrobe: ~|Pheasant hat|~","Extra","","","","","ManualTask"
"Magic Wardrobe: ~|Pheasant legs|~","Extra","","","","","ManualTask"
"Magic Wardrobe: ~|Pheasant boots|~","Extra","","","","","ManualTask"
"Magic Wardrobe: ~|Pheasant cape|~","Extra","","","","","ManualTask"
"Magic Wardrobe: ~|Pyromancer hood|~","Extra","","","","","ManualTask"
"Magic Wardrobe: ~|Pyromancer garb|~","Extra","","","","","ManualTask"
"Magic Wardrobe: ~|Pyromancer robe|~","Extra","","","","","ManualTask"
"Magic Wardrobe: ~|Pyromancer boots|~","Extra","","","","","ManualTask"
"Magic Wardrobe: ~|Hat of the eye|~","Extra","","","","","ManualTask"
"Magic Wardrobe: ~|Robe top of the eye|~","Extra","","","","","ManualTask"
"Magic Wardrobe: ~|Robe bottoms of the eye|~","Extra","","","","","ManualTask"
"Magic Wardrobe: ~|Hat of the eye (blue)|~","Extra","","","","","ManualTask"
"Magic Wardrobe: ~|Robe top of the eye (blue)|~","Extra","","","","","ManualTask"
"Magic Wardrobe: ~|Robe bottoms of the eye (blue)|~","Extra","","","","","ManualTask"
"Magic Wardrobe: ~|Hat of the eye (green)|~","Extra","","","","","ManualTask"
"Magic Wardrobe: ~|Robe top of the eye (green)|~","Extra","","","","","ManualTask"
"Magic Wardrobe: ~|Robe bottoms of the eye (green)|~","Extra","","","","","ManualTask"
"Magic Wardrobe: ~|Hat of the eye (red)|~","Extra","","","","","ManualTask"
"Magic Wardrobe: ~|Robe top of the eye (red)|~","Extra","","","","","ManualTask"
"Magic Wardrobe: ~|Robe bottoms of the eye (red)|~","Extra","","","","","ManualTask"
"Magic Wardrobe: ~|Boots of the eye|~","Extra","","","","","ManualTask"
"Magic Wardrobe: ~|Hood of ruin|~","Extra","","","","","ManualTask"
"Magic Wardrobe: ~|Robe top of ruin|~","Extra","","","","","ManualTask"
"Magic Wardrobe: ~|Robe bottom of ruin|~","Extra","","","","","ManualTask"
"Magic Wardrobe: ~|Gloves of ruin|~","Extra","","","","","ManualTask"
"Magic Wardrobe: ~|Socks of ruin|~","Extra","","","","","ManualTask"
"Magic Wardrobe: ~|Cloak of ruin|~","Extra","","","","","ManualTask"
"Magic Wardrobe: ~|Skeletal helm|~","Extra","","","","","ManualTask"
"Magic Wardrobe: ~|Skeletal top|~","Extra","","","","","ManualTask"
"Magic Wardrobe: ~|Skeletal bottoms|~","Extra","","","","","ManualTask"
"Magic Wardrobe: ~|Skeletal boots|~","Extra","","","","","ManualTask"
"Magic Wardrobe: ~|Skeletal gloves|~","Extra","","","","","ManualTask"
"Magic Wardrobe: ~|Smiths tunic|~","Extra","","","","","ManualTask"
"Magic Wardrobe: ~|Smiths trousers|~","Extra","","","","","ManualTask"
"Magic Wardrobe: ~|Smiths boots|~","Extra","","","","","ManualTask"
"Magic Wardrobe: ~|Smiths gloves|~","Extra","","","","","ManualTask"
"Magic Wardrobe: ~|Splitbark helm|~","Extra","","","","","ManualTask"
"Magic Wardrobe: ~|Splitbark body|~","Extra","","","","","ManualTask"
"Magic Wardrobe: ~|Splitbark legs|~","Extra","","","","","ManualTask"
"Magic Wardrobe: ~|Splitbark gauntlets|~","Extra","","","","","ManualTask"
"Magic Wardrobe: ~|Splitbark boots|~","Extra","","","","","ManualTask"
"Magic Wardrobe: ~|Swampbark helm|~","Extra","","","","","ManualTask"
"Magic Wardrobe: ~|Swampbark body|~","Extra","","","","","ManualTask"
"Magic Wardrobe: ~|Swampbark legs|~","Extra","","","","","ManualTask"
"Magic Wardrobe: ~|Swampbark gauntlets|~","Extra","","","","","ManualTask"
"Magic Wardrobe: ~|Swampbark boots|~","Extra","","","","","ManualTask"
"Magic Wardrobe: ~|Villager hat (blue)|~","Extra","","","","","ManualTask"
"Magic Wardrobe: ~|Tribal top (blue)|~","Extra","","","","","ManualTask"
"Magic Wardrobe: ~|Villager robe (blue)|~","Extra","","","","","ManualTask"
"Magic Wardrobe: ~|Villager armband (blue)|~","Extra","","","","","ManualTask"
"Magic Wardrobe: ~|Villager sandals (blue)|~","Extra","","","","","ManualTask"
"Magic Wardrobe: ~|Villager hat (brown)|~","Extra","","","","","ManualTask"
"Magic Wardrobe: ~|Tribal top (brown)|~","Extra","","","","","ManualTask"
"Magic Wardrobe: ~|Villager robe (brown)|~","Extra","","","","","ManualTask"
"Magic Wardrobe: ~|Villager armband (brown)|~","Extra","","","","","ManualTask"
"Magic Wardrobe: ~|Villager sandals (brown)|~","Extra","","","","","ManualTask"
"Magic Wardrobe: ~|Villager hat (pink)|~","Extra","","","","","ManualTask"
"Magic Wardrobe: ~|Tribal top (pink)|~","Extra","","","","","ManualTask"
"Magic Wardrobe: ~|Villager robe (pink)|~","Extra","","","","","ManualTask"
"Magic Wardrobe: ~|Villager armband (pink)|~","Extra","","","","","ManualTask"
"Magic Wardrobe: ~|Villager sandals (pink)|~","Extra","","","","","ManualTask"
"Magic Wardrobe: ~|Villager hat (yellow)|~","Extra","","","","","ManualTask"
"Magic Wardrobe: ~|Tribal top (yellow)|~","Extra","","","","","ManualTask"
"Magic Wardrobe: ~|Villager robe (yellow)|~","Extra","","","","","ManualTask"
"Magic Wardrobe: ~|Villager armband (yellow)|~","Extra","","","","","ManualTask"
"Magic Wardrobe: ~|Villager sandals (yellow)|~","Extra","","","","","ManualTask"
"Magic Wardrobe: ~|Virtus mask|~","Extra","","","","","ManualTask"
"Magic Wardrobe: ~|Virtus robe top|~","Extra","","","","","ManualTask"
"Magic Wardrobe: ~|Virtus robe bottom|~","Extra","","","","","ManualTask"
"Magic Wardrobe: ~|Warm gloves|~","Extra","","","","","ManualTask"
"Magic Wardrobe: ~|Zealot's helm|~","Extra","","","","","ManualTask"
"Magic Wardrobe: ~|Zealot's robe top|~","Extra","","","","","ManualTask"
"Magic Wardrobe: ~|Zealot's robe bottom|~","Extra","","","","","ManualTask"
"Magic Wardrobe: ~|Zealot's boots|~","Extra","","","","","ManualTask"
"Cape Rack: ~|Cape of legends|~","Extra","","","","","ManualTask"
"Cape Rack: ~|Obsidian cape|~","Extra","","","","","ManualTask"
"Cape Rack: ~|Fire cape|~","Extra","","","","","ManualTask"
"Cape Rack: ~|Team cape|~","Extra","","","","","ManualTask"
"Cape Rack: ~|Saradomin cape|~","Extra","","","","","ManualTask"
"Cape Rack: ~|Guthix cape|~","Extra","","","","","ManualTask"
"Cape Rack: ~|Zamorak cape|~","Extra","","","","","ManualTask"
"Cape Rack: ~|Spotted cape|~","Extra","","","","","ManualTask"
"Cape Rack: ~|Spottier cape|~","Extra","","","","","ManualTask"
"Cape Rack: ~|Infernal cape|~","Extra","","","","","ManualTask"
"Cape Rack: ~|Champion's cape|~","Extra","","","","","ManualTask"
"Cape Rack: ~|Imbued saradomin cape|~","Extra","","","","","ManualTask"
"Cape Rack: ~|Imbued guthix cape|~","Extra","","","","","ManualTask"
"Cape Rack: ~|Imbued zamorak cape|~","Extra","","","","","ManualTask"
"Cape Rack: ~|Mythical cape|~","Extra","","","","","ManualTask"
"Cape Rack: ~|Xeric's guard|~","Extra","","","","","ManualTask"
"Cape Rack: ~|Xeric's warrior|~","Extra","","","","","ManualTask"
"Cape Rack: ~|Xeric's sentinel|~","Extra","","","","","ManualTask"
"Cape Rack: ~|Xeric's general|~","Extra","","","","","ManualTask"
"Cape Rack: ~|Xeric's champion|~","Extra","","","","","ManualTask"
"Cape Rack: ~|Sinhaza shroud tier 1|~","Extra","","","","","ManualTask"
"Cape Rack: ~|Sinhaza shroud tier 2|~","Extra","","","","","ManualTask"
"Cape Rack: ~|Sinhaza shroud tier 3|~","Extra","","","","","ManualTask"
"Cape Rack: ~|Sinhaza shroud tier 4|~","Extra","","","","","ManualTask"
"Cape Rack: ~|Sinhaza shroud tier 5|~","Extra","","","","","ManualTask"
"Cape Rack: ~|Gauntlet cape|~","Extra","","","","","ManualTask"
"Cape Rack: ~|Victor's cape (1)|~","Extra","","","","","ManualTask"
"Cape Rack: ~|Victor's cape (10)|~","Extra","","","","","ManualTask"
"Cape Rack: ~|Victor's cape (50)|~","Extra","","","","","ManualTask"
"Cape Rack: ~|Victor's cape (100)|~","Extra","","","","","ManualTask"
"Cape Rack: ~|Victor's cape (500)|~","Extra","","","","","ManualTask"
"Cape Rack: ~|Icthlarin's shroud (tier 1)|~","Extra","","","","","ManualTask"
"Cape Rack: ~|Icthlarin's shroud (tier 2)|~","Extra","","","","","ManualTask"
"Cape Rack: ~|Icthlarin's shroud (tier 3)|~","Extra","","","","","ManualTask"
"Cape Rack: ~|Icthlarin's shroud (tier 4)|~","Extra","","","","","ManualTask"
"Cape Rack: ~|Icthlarin's shroud (tier 5)|~","Extra","","","","","ManualTask"
"Cape Rack: ~|Soul cape|~","Extra","","","","","ManualTask"
"Cape Rack: ~|Achievement diary cape (t)|~","Extra","","","","","ManualTask"
"Cape Rack: ~|Agility cape(t)|~","Extra","","","","","ManualTask"
"Cape Rack: ~|Attack cape(t)|~","Extra","","","","","ManualTask"
"Cape Rack: ~|Construct. cape(t)|~","Extra","","","","","ManualTask"
"Cape Rack: ~|Cooking cape(t)|~","Extra","","","","","ManualTask"
"Cape Rack: ~|Crafting cape(t)|~","Extra","","","","","ManualTask"
"Cape Rack: ~|Defence cape(t)|~","Extra","","","","","ManualTask"
"Cape Rack: ~|Farming cape(t)|~","Extra","","","","","ManualTask"
"Cape Rack: ~|Firemaking cape(t)|~","Extra","","","","","ManualTask"
"Cape Rack: ~|Fishing cape(t)|~","Extra","","","","","ManualTask"
"Cape Rack: ~|Fletching cape(t)|~","Extra","","","","","ManualTask"
"Cape Rack: ~|Herblore cape(t)|~","Extra","","","","","ManualTask"
"Cape Rack: ~|Hitpoints cape(t)|~","Extra","","","","","ManualTask"
"Cape Rack: ~|Hunter cape(t)|~","Extra","","","","","ManualTask"
"Cape Rack: ~|Magic cape(t)|~","Extra","","","","","ManualTask"
"Cape Rack: ~|Mining cape(t)|~","Extra","","","","","ManualTask"
"Cape Rack: ~|Prayer cape(t)|~","Extra","","","","","ManualTask"
"Cape Rack: ~|Quest point cape (t)|~","Extra","","","","","ManualTask"
"Cape Rack: ~|Ranging cape(t)|~","Extra","","","","","ManualTask"
"Cape Rack: ~|Runecraft cape(t)|~","Extra","","","","","ManualTask"
"Cape Rack: ~|Slayer cape(t)|~","Extra","","","","","ManualTask"
"Cape Rack: ~|Smithing cape(t)|~","Extra","","","","","ManualTask"
"Cape Rack: ~|Strength cape(t)|~","Extra","","","","","ManualTask"
"Cape Rack: ~|Thieving cape(t)|~","Extra","","","","","ManualTask"
"Cape Rack: ~|Woodcut. cape(t)|~","Extra","","","","","ManualTask"
"~|Ardougne Diary#Easy|~ Task 1","subquest","","","","","ManualTask"
"~|Ardougne Diary#Easy|~ Task 2","subquest","","","","","ManualTask"
"~|Ardougne Diary#Easy|~ Task 3","subquest","","","","","ManualTask"
"~|Ardougne Diary#Easy|~ Task 4","subquest","","","","","ManualTask"
"~|Ardougne Diary#Easy|~ Task 5","subquest","","","","","ManualTask"
"~|Ardougne Diary#Easy|~ Task 6","subquest","","","","","ManualTask"
"~|Ardougne Diary#Easy|~ Task 7","subquest","","","","","ManualTask"
"~|Ardougne Diary#Easy|~ Task 8","subquest","","","","","ManualTask"
"~|Ardougne Diary#Easy|~ Task 9","subquest","","","","","ManualTask"
"~|Ardougne Diary#Easy|~ Task 10","subquest","","","","","ManualTask"
"~|Ardougne Diary#Easy|~ Complete the Easy Diary","quest","","","","","ManualTask"
"~|Ardougne Diary#Medium|~ Task 1","subquest","","","","","ManualTask"
"~|Ardougne Diary#Medium|~ Task 2","subquest","","","","","ManualTask"
"~|Ardougne Diary#Medium|~ Task 3","subquest","","","","","ManualTask"
"~|Ardougne Diary#Medium|~ Task 4","subquest","","","","","ManualTask"
"~|Ardougne Diary#Medium|~ Task 5","subquest","","","","","ManualTask"
"~|Ardougne Diary#Medium|~ Task 6","subquest","","","","","ManualTask"
"~|Ardougne Diary#Medium|~ Task 7","subquest","","","","","ManualTask"
"~|Ardougne Diary#Medium|~ Task 8","subquest","","","","","ManualTask"
"~|Ardougne Diary#Medium|~ Task 9","subquest","","","","","ManualTask"
"~|Ardougne Diary#Medium|~ Task 10","subquest","","","","","ManualTask"
"~|Ardougne Diary#Medium|~ Task 11","subquest","","","","","ManualTask"
"~|Ardougne Diary#Medium|~ Task 12","subquest","","","","","ManualTask"
"~|Ardougne Diary#Medium|~ Complete the Medium Diary","quest","","","","","ManualTask"
"~|Ardougne Diary#Hard|~ Task 1","subquest","","","","","ManualTask"
"~|Ardougne Diary#Hard|~ Task 2","subquest","","","","","ManualTask"
"~|Ardougne Diary#Hard|~ Task 3","subquest","","","","","ManualTask"
"~|Ardougne Diary#Hard|~ Task 4","subquest","","","","","ManualTask"
"~|Ardougne Diary#Hard|~ Task 5","subquest","","","","","ManualTask"
"~|Ardougne Diary#Hard|~ Task 6","subquest","","","","","ManualTask"
"~|Ardougne Diary#Hard|~ Task 7","subquest","","","","","ManualTask"
"~|Ardougne Diary#Hard|~ Task 8","subquest","","","","","ManualTask"
"~|Ardougne Diary#Hard|~ Task 9","subquest","","","","","ManualTask"
"~|Ardougne Diary#Hard|~ Task 10","subquest","","","","","ManualTask"
"~|Ardougne Diary#Hard|~ Task 11","subquest","","","","","ManualTask"
"~|Ardougne Diary#Hard|~ Task 12","subquest","","","","","ManualTask"
"~|Ardougne Diary#Hard|~ Complete the Hard Diary","quest","","","","","ManualTask"
"~|Ardougne Diary#Elite|~ Task 1","subquest","","","","","ManualTask"
"~|Ardougne Diary#Elite|~ Task 2","subquest","","","","","ManualTask"
"~|Ardougne Diary#Elite|~ Task 3","subquest","","","","","ManualTask"
"~|Ardougne Diary#Elite|~ Task 4","subquest","","","","","ManualTask"
"~|Ardougne Diary#Elite|~ Task 5","subquest","","","","","ManualTask"
"~|Ardougne Diary#Elite|~ Task 6","subquest","","","","","ManualTask"
"~|Ardougne Diary#Elite|~ Task 7","subquest","","","","","ManualTask"
"~|Ardougne Diary#Elite|~ Task 8","subquest","","","","","ManualTask"
"~|Ardougne Diary#Elite|~ Complete the Elite Diary","quest","","","","","ManualTask"
"~|Desert Diary#Easy|~ Task 1","subquest","","","","","ManualTask"
"~|Desert Diary#Easy|~ Task 2","subquest","","","","","ManualTask"
"~|Desert Diary#Easy|~ Task 3","subquest","","","","","ManualTask"
"~|Desert Diary#Easy|~ Task 4","subquest","","","","","ManualTask"
"~|Desert Diary#Easy|~ Task 5","subquest","","","","","ManualTask"
"~|Desert Diary#Easy|~ Task 6","subquest","","","","","ManualTask"
"~|Desert Diary#Easy|~ Task 7","subquest","","","","","ManualTask"
"~|Desert Diary#Easy|~ Task 8","subquest","","","","","ManualTask"
"~|Desert Diary#Easy|~ Task 9","subquest","","","","","ManualTask"
"~|Desert Diary#Easy|~ Task 10","subquest","","","","","ManualTask"
"~|Desert Diary#Easy|~ Task 11","subquest","","","","","ManualTask"
"~|Desert Diary#Easy|~ Complete the Easy Diary","quest","","","","","ManualTask"
"~|Desert Diary#Medium|~ Task 1","subquest","","","","","ManualTask"
"~|Desert Diary#Medium|~ Task 2","subquest","","","","","ManualTask"
"~|Desert Diary#Medium|~ Task 3","subquest","","","","","ManualTask"
"~|Desert Diary#Medium|~ Task 4","subquest","","","","","ManualTask"
"~|Desert Diary#Medium|~ Task 5","subquest","","","","","ManualTask"
"~|Desert Diary#Medium|~ Task 6","subquest","","","","","ManualTask"
"~|Desert Diary#Medium|~ Task 7","subquest","","","","","ManualTask"
"~|Desert Diary#Medium|~ Task 8","subquest","","","","","ManualTask"
"~|Desert Diary#Medium|~ Task 9","subquest","","","","","ManualTask"
"~|Desert Diary#Medium|~ Task 10","subquest","","","","","ManualTask"
"~|Desert Diary#Medium|~ Task 11","subquest","","","","","ManualTask"
"~|Desert Diary#Medium|~ Task 12","subquest","","","","","ManualTask"
"~|Desert Diary#Medium|~ Complete the Medium Diary","quest","","","","","ManualTask"
"~|Desert Diary#Hard|~ Task 1","subquest","","","","","ManualTask"
"~|Desert Diary#Hard|~ Task 2","subquest","","","","","ManualTask"
"~|Desert Diary#Hard|~ Task 3","subquest","","","","","ManualTask"
"~|Desert Diary#Hard|~ Task 4","subquest","","","","","ManualTask"
"~|Desert Diary#Hard|~ Task 5","subquest","","","","","ManualTask"
"~|Desert Diary#Hard|~ Task 6","subquest","","","","","ManualTask"
"~|Desert Diary#Hard|~ Task 7","subquest","","","","","ManualTask"
"~|Desert Diary#Hard|~ Task 8","subquest","","","","","ManualTask"
"~|Desert Diary#Hard|~ Task 9","subquest","","","","","ManualTask"
"~|Desert Diary#Hard|~ Task 10","subquest","","","","","ManualTask"
"~|Desert Diary#Hard|~ Complete the Hard Diary","quest","","","","","ManualTask"
"~|Desert Diary#Elite|~ Task 1","subquest","","","","","ManualTask"
"~|Desert Diary#Elite|~ Task 2","subquest","","","","","ManualTask"
"~|Desert Diary#Elite|~ Task 3","subquest","","","","","ManualTask"
"~|Desert Diary#Elite|~ Task 4","subquest","","","","","ManualTask"
"~|Desert Diary#Elite|~ Task 5","subquest","","","","","ManualTask"
"~|Desert Diary#Elite|~ Task 6","subquest","","","","","ManualTask"
"~|Desert Diary#Elite|~ Complete the Elite Diary","quest","","","","","ManualTask"
"~|Falador Diary#Easy|~ Task 1","subquest","","","","","ManualTask"
"~|Falador Diary#Easy|~ Task 2","subquest","","","","","ManualTask"
"~|Falador Diary#Easy|~ Task 3","subquest","","","","","ManualTask"
"~|Falador Diary#Easy|~ Task 4","subquest","","","","","ManualTask"
"~|Falador Diary#Easy|~ Task 5","subquest","","","","","ManualTask"
"~|Falador Diary#Easy|~ Task 6","subquest","","","","","ManualTask"
"~|Falador Diary#Easy|~ Task 7","subquest","","","","","ManualTask"
"~|Falador Diary#Easy|~ Task 8","subquest","","","","","ManualTask"
"~|Falador Diary#Easy|~ Task 9","subquest","","","","","ManualTask"
"~|Falador Diary#Easy|~ Task 10","subquest","","","","","ManualTask"
"~|Falador Diary#Easy|~ Task 11","subquest","","","","","ManualTask"
"~|Falador Diary#Easy|~ Complete the Easy Diary","quest","","","","","ManualTask"
"~|Falador Diary#Medium|~ Task 1","subquest","","","","","ManualTask"
"~|Falador Diary#Medium|~ Task 2","subquest","","","","","ManualTask"
"~|Falador Diary#Medium|~ Task 3","subquest","","","","","ManualTask"
"~|Falador Diary#Medium|~ Task 4","subquest","","","","","ManualTask"
"~|Falador Diary#Medium|~ Task 5","subquest","","","","","ManualTask"
"~|Falador Diary#Medium|~ Task 6","subquest","","","","","ManualTask"
"~|Falador Diary#Medium|~ Task 7","subquest","","","","","ManualTask"
"~|Falador Diary#Medium|~ Task 8","subquest","","","","","ManualTask"
"~|Falador Diary#Medium|~ Task 9","subquest","","","","","ManualTask"
"~|Falador Diary#Medium|~ Task 10","subquest","","","","","ManualTask"
"~|Falador Diary#Medium|~ Task 11","subquest","","","","","ManualTask"
"~|Falador Diary#Medium|~ Task 12","subquest","","","","","ManualTask"
"~|Falador Diary#Medium|~ Task 13","subquest","","","","","ManualTask"
"~|Falador Diary#Medium|~ Task 14","subquest","","","","","ManualTask"
"~|Falador Diary#Medium|~ Complete the Medium Diary","quest","","","","","ManualTask"
"~|Falador Diary#Hard|~ Task 1","subquest","","","","","ManualTask"
"~|Falador Diary#Hard|~ Task 2","subquest","","","","","ManualTask"
"~|Falador Diary#Hard|~ Task 3","subquest","","","","","ManualTask"
"~|Falador Diary#Hard|~ Task 4","subquest","","","","","ManualTask"
"~|Falador Diary#Hard|~ Task 5","subquest","","","","","ManualTask"
"~|Falador Diary#Hard|~ Task 6","subquest","","","","","ManualTask"
"~|Falador Diary#Hard|~ Task 7","subquest","","","","","ManualTask"
"~|Falador Diary#Hard|~ Task 8","subquest","","","","","ManualTask"
"~|Falador Diary#Hard|~ Task 9","subquest","","","","","ManualTask"
"~|Falador Diary#Hard|~ Task 10","subquest","","","","","ManualTask"
"~|Falador Diary#Hard|~ Task 11","subquest","","","","","ManualTask"
"~|Falador Diary#Hard|~ Complete the Hard Diary","quest","","","","","ManualTask"
"~|Falador Diary#Elite|~ Task 1","subquest","","","","","ManualTask"
"~|Falador Diary#Elite|~ Task 2","subquest","","","","","ManualTask"
"~|Falador Diary#Elite|~ Task 3","subquest","","","","","ManualTask"
"~|Falador Diary#Elite|~ Task 4","subquest","","","","","ManualTask"
"~|Falador Diary#Elite|~ Task 5","subquest","","","","","ManualTask"
"~|Falador Diary#Elite|~ Task 6","subquest","","","","","ManualTask"
"~|Falador Diary#Elite|~ Complete the Elite Diary","quest","","","","","ManualTask"
"~|Fremennik Diary#Easy|~ Task 1","subquest","","","","","ManualTask"
"~|Fremennik Diary#Easy|~ Task 2","subquest","","","","","ManualTask"
"~|Fremennik Diary#Easy|~ Task 3","subquest","","","","","ManualTask"
"~|Fremennik Diary#Easy|~ Task 4","subquest","","","","","ManualTask"
"~|Fremennik Diary#Easy|~ Task 5","subquest","","","","","ManualTask"
"~|Fremennik Diary#Easy|~ Task 6","subquest","","","","","ManualTask"
"~|Fremennik Diary#Easy|~ Task 7","subquest","","","","","ManualTask"
"~|Fremennik Diary#Easy|~ Task 8","subquest","","","","","ManualTask"
"~|Fremennik Diary#Easy|~ Task 9","subquest","","","","","ManualTask"
"~|Fremennik Diary#Easy|~ Task 10","subquest","","","","","ManualTask"
"~|Fremennik Diary#Easy|~ Complete the Easy Diary","quest","","","","","ManualTask"
"~|Fremennik Diary#Medium|~ Task 1","subquest","","","","","ManualTask"
"~|Fremennik Diary#Medium|~ Task 2","subquest","","","","","ManualTask"
"~|Fremennik Diary#Medium|~ Task 3","subquest","","","","","ManualTask"
"~|Fremennik Diary#Medium|~ Task 4","subquest","","","","","ManualTask"
"~|Fremennik Diary#Medium|~ Task 5","subquest","","","","","ManualTask"
"~|Fremennik Diary#Medium|~ Task 6","subquest","","","","","ManualTask"
"~|Fremennik Diary#Medium|~ Task 7","subquest","","","","","ManualTask"
"~|Fremennik Diary#Medium|~ Task 8","subquest","","","","","ManualTask"
"~|Fremennik Diary#Medium|~ Task 9","subquest","","","","","ManualTask"
"~|Fremennik Diary#Medium|~ Complete the Medium Diary","quest","","","","","ManualTask"
"~|Fremennik Diary#Hard|~ Task 1","subquest","","","","","ManualTask"
"~|Fremennik Diary#Hard|~ Task 2","subquest","","","","","ManualTask"
"~|Fremennik Diary#Hard|~ Task 3","subquest","","","","","ManualTask"
"~|Fremennik Diary#Hard|~ Task 4","subquest","","","","","ManualTask"
"~|Fremennik Diary#Hard|~ Task 5","subquest","","","","","ManualTask"
"~|Fremennik Diary#Hard|~ Task 6","subquest","","","","","ManualTask"
"~|Fremennik Diary#Hard|~ Task 7","subquest","","","","","ManualTask"
"~|Fremennik Diary#Hard|~ Task 8","subquest","","","","","ManualTask"
"~|Fremennik Diary#Hard|~ Task 9","subquest","","","","","ManualTask"
"~|Fremennik Diary#Hard|~ Complete the Hard Diary","quest","","","","","ManualTask"
"~|Fremennik Diary#Elite|~ Task 1","subquest","","","","","ManualTask"
"~|Fremennik Diary#Elite|~ Task 2","subquest","","","","","ManualTask"
"~|Fremennik Diary#Elite|~ Task 3","subquest","","","","","ManualTask"
"~|Fremennik Diary#Elite|~ Task 4","subquest","","","","","ManualTask"
"~|Fremennik Diary#Elite|~ Task 5","subquest","","","","","ManualTask"
"~|Fremennik Diary#Elite|~ Task 6","subquest","","","","","ManualTask"
"~|Fremennik Diary#Elite|~ Complete the Elite Diary","quest","","","","","ManualTask"
"~|Kandarin Diary#Easy|~ Task 1","subquest","","","","","ManualTask"
"~|Kandarin Diary#Easy|~ Task 2","subquest","","","","","ManualTask"
"~|Kandarin Diary#Easy|~ Task 3","subquest","","","","","ManualTask"
"~|Kandarin Diary#Easy|~ Task 4","subquest","","","","","ManualTask"
"~|Kandarin Diary#Easy|~ Task 5","subquest","","","","","ManualTask"
"~|Kandarin Diary#Easy|~ Task 6","subquest","","","","","ManualTask"
"~|Kandarin Diary#Easy|~ Task 7","subquest","","","","","ManualTask"
"~|Kandarin Diary#Easy|~ Task 8","subquest","","","","","ManualTask"
"~|Kandarin Diary#Easy|~ Task 9","subquest","","","","","ManualTask"
"~|Kandarin Diary#Easy|~ Task 10","subquest","","","","","ManualTask"
"~|Kandarin Diary#Easy|~ Task 11","subquest","","","","","ManualTask"
"~|Kandarin Diary#Easy|~ Complete the Easy Diary","quest","","","","","ManualTask"
"~|Kandarin Diary#Medium|~ Task 1","subquest","","","","","ManualTask"
"~|Kandarin Diary#Medium|~ Task 2","subquest","","","","","ManualTask"
"~|Kandarin Diary#Medium|~ Task 3","subquest","","","","","ManualTask"
"~|Kandarin Diary#Medium|~ Task 4","subquest","","","","","ManualTask"
"~|Kandarin Diary#Medium|~ Task 5","subquest","","","","","ManualTask"
"~|Kandarin Diary#Medium|~ Task 6","subquest","","","","","ManualTask"
"~|Kandarin Diary#Medium|~ Task 7","subquest","","","","","ManualTask"
"~|Kandarin Diary#Medium|~ Task 8","subquest","","","","","ManualTask"
"~|Kandarin Diary#Medium|~ Task 9","subquest","","","","","ManualTask"
"~|Kandarin Diary#Medium|~ Task 10","subquest","","","","","ManualTask"
"~|Kandarin Diary#Medium|~ Task 11","subquest","","","","","ManualTask"
"~|Kandarin Diary#Medium|~ Task 12","subquest","","","","","ManualTask"
"~|Kandarin Diary#Medium|~ Task 13","subquest","","","","","ManualTask"
"~|Kandarin Diary#Medium|~ Task 14","subquest","","","","","ManualTask"
"~|Kandarin Diary#Medium|~ Complete the Medium Diary","quest","","","","","ManualTask"
"~|Kandarin Diary#Hard|~ Task 1","subquest","","","","","ManualTask"
"~|Kandarin Diary#Hard|~ Task 2","subquest","","","","","ManualTask"
"~|Kandarin Diary#Hard|~ Task 3","subquest","","","","","ManualTask"
"~|Kandarin Diary#Hard|~ Task 4","subquest","","","","","ManualTask"
"~|Kandarin Diary#Hard|~ Task 5","subquest","","","","","ManualTask"
"~|Kandarin Diary#Hard|~ Task 6","subquest","","","","","ManualTask"
"~|Kandarin Diary#Hard|~ Task 7","subquest","","","","","ManualTask"
"~|Kandarin Diary#Hard|~ Task 8","subquest","","","","","ManualTask"
"~|Kandarin Diary#Hard|~ Task 9","subquest","","","","","ManualTask"
"~|Kandarin Diary#Hard|~ Task 10","subquest","","","","","ManualTask"
"~|Kandarin Diary#Hard|~ Task 11","subquest","","","","","ManualTask"
"~|Kandarin Diary#Hard|~ Complete the Hard Diary","quest","","","","","ManualTask"
"~|Kandarin Diary#Elite|~ Task 1","subquest","","","","","ManualTask"
"~|Kandarin Diary#Elite|~ Task 2","subquest","","","","","ManualTask"
"~|Kandarin Diary#Elite|~ Task 3","subquest","","","","","ManualTask"
"~|Kandarin Diary#Elite|~ Task 4","subquest","","","","","ManualTask"
"~|Kandarin Diary#Elite|~ Task 5","subquest","","","","","ManualTask"
"~|Kandarin Diary#Elite|~ Task 6","subquest","","","","","ManualTask"
"~|Kandarin Diary#Elite|~ Task 7","subquest","","","","","ManualTask"
"~|Kandarin Diary#Elite|~ Complete the Elite Diary","quest","","","","","ManualTask"
"~|Karamja Diary#Easy|~ Task 1","subquest","","","","","ManualTask"
"~|Karamja Diary#Easy|~ Task 2","subquest","","","","","ManualTask"
"~|Karamja Diary#Easy|~ Task 3","subquest","","","","","ManualTask"
"~|Karamja Diary#Easy|~ Task 4","subquest","","","","","ManualTask"
"~|Karamja Diary#Easy|~ Task 5","subquest","","","","","ManualTask"
"~|Karamja Diary#Easy|~ Task 6","subquest","","","","","ManualTask"
"~|Karamja Diary#Easy|~ Task 7","subquest","","","","","ManualTask"
"~|Karamja Diary#Easy|~ Task 8","subquest","","","","","ManualTask"
"~|Karamja Diary#Easy|~ Task 9","subquest","","","","","ManualTask"
"~|Karamja Diary#Easy|~ Task 10","subquest","","","","","ManualTask"
"~|Karamja Diary#Easy|~ Complete the Easy Diary","quest","","","","","ManualTask"
"~|Karamja Diary#Medium|~ Task 1","subquest","","","","","ManualTask"
"~|Karamja Diary#Medium|~ Task 2","subquest","","","","","ManualTask"
"~|Karamja Diary#Medium|~ Task 3","subquest","","","","","ManualTask"
"~|Karamja Diary#Medium|~ Task 4","subquest","","","","","ManualTask"
"~|Karamja Diary#Medium|~ Task 5","subquest","","","","","ManualTask"
"~|Karamja Diary#Medium|~ Task 6","subquest","","","","","ManualTask"
"~|Karamja Diary#Medium|~ Task 7","subquest","","","","","ManualTask"
"~|Karamja Diary#Medium|~ Task 8","subquest","","","","","ManualTask"
"~|Karamja Diary#Medium|~ Task 9","subquest","","","","","ManualTask"
"~|Karamja Diary#Medium|~ Task 10","subquest","","","","","ManualTask"
"~|Karamja Diary#Medium|~ Task 11","subquest","","","","","ManualTask"
"~|Karamja Diary#Medium|~ Task 12","subquest","","","","","ManualTask"
"~|Karamja Diary#Medium|~ Task 13","subquest","","","","","ManualTask"
"~|Karamja Diary#Medium|~ Task 14","subquest","","","","","ManualTask"
"~|Karamja Diary#Medium|~ Task 15","subquest","","","","","ManualTask"
"~|Karamja Diary#Medium|~ Task 16","subquest","","","","","ManualTask"
"~|Karamja Diary#Medium|~ Task 17","subquest","","","","","ManualTask"
"~|Karamja Diary#Medium|~ Task 18","subquest","","","","","ManualTask"
"~|Karamja Diary#Medium|~ Task 19","subquest","","","","","ManualTask"
"~|Karamja Diary#Medium|~ Complete the Medium Diary","quest","","","","","ManualTask"
"~|Karamja Diary#Hard|~ Task 1","subquest","","","","","ManualTask"
"~|Karamja Diary#Hard|~ Task 2","subquest","","","","","ManualTask"
"~|Karamja Diary#Hard|~ Task 3","subquest","","","","","ManualTask"
"~|Karamja Diary#Hard|~ Task 4","subquest","","","","","ManualTask"
"~|Karamja Diary#Hard|~ Task 5","subquest","","","","","ManualTask"
"~|Karamja Diary#Hard|~ Task 6","subquest","","","","","ManualTask"
"~|Karamja Diary#Hard|~ Task 7","subquest","","","","","ManualTask"
"~|Karamja Diary#Hard|~ Task 8","subquest","","","","","ManualTask"
"~|Karamja Diary#Hard|~ Task 9","subquest","","","","","ManualTask"
"~|Karamja Diary#Hard|~ Task 10","subquest","","","","","ManualTask"
"~|Karamja Diary#Hard|~ Complete the Hard Diary","quest","","","","","ManualTask"
"~|Karamja Diary#Elite|~ Task 1","subquest","","","","","ManualTask"
"~|Karamja Diary#Elite|~ Task 2","subquest","","","","","ManualTask"
"~|Karamja Diary#Elite|~ Task 3","subquest","","","","","ManualTask"
"~|Karamja Diary#Elite|~ Task 4","subquest","","","","","ManualTask"
"~|Karamja Diary#Elite|~ Task 5","subquest","","","","","ManualTask"
"~|Karamja Diary#Elite|~ Complete the Elite Diary","quest","","","","","ManualTask"
"~|Kourend and Kebos Diary#Easy|~ Task 1","subquest","","","","","ManualTask"
"~|Kourend and Kebos Diary#Easy|~ Task 2","subquest","","","","","ManualTask"
"~|Kourend and Kebos Diary#Easy|~ Task 3","subquest","","","","","ManualTask"
"~|Kourend and Kebos Diary#Easy|~ Task 4","subquest","","","","","ManualTask"
"~|Kourend and Kebos Diary#Easy|~ Task 5","subquest","","","","","ManualTask"
"~|Kourend and Kebos Diary#Easy|~ Task 6","subquest","","","","","ManualTask"
"~|Kourend and Kebos Diary#Easy|~ Task 7","subquest","","","","","ManualTask"
"~|Kourend and Kebos Diary#Easy|~ Task 8","subquest","","","","","ManualTask"
"~|Kourend and Kebos Diary#Easy|~ Task 9","subquest","","","","","ManualTask"
"~|Kourend and Kebos Diary#Easy|~ Task 10","subquest","","","","","ManualTask"
"~|Kourend and Kebos Diary#Easy|~ Task 11","subquest","","","","","ManualTask"
"~|Kourend and Kebos Diary#Easy|~ Task 12","subquest","","","","","ManualTask"
"~|Kourend and Kebos Diary#Easy|~ Complete the Easy Diary","quest","","","","","ManualTask"
"~|Kourend and Kebos Diary#Medium|~ Task 1","subquest","","","","","ManualTask"
"~|Kourend and Kebos Diary#Medium|~ Task 2","subquest","","","","","ManualTask"
"~|Kourend and Kebos Diary#Medium|~ Task 3","subquest","","","","","ManualTask"
"~|Kourend and Kebos Diary#Medium|~ Task 4","subquest","","","","","ManualTask"
"~|Kourend and Kebos Diary#Medium|~ Task 5","subquest","","","","","ManualTask"
"~|Kourend and Kebos Diary#Medium|~ Task 6","subquest","","","","","ManualTask"
"~|Kourend and Kebos Diary#Medium|~ Task 7","subquest","","","","","ManualTask"
"~|Kourend and Kebos Diary#Medium|~ Task 8","subquest","","","","","ManualTask"
"~|Kourend and Kebos Diary#Medium|~ Task 9","subquest","","","","","ManualTask"
"~|Kourend and Kebos Diary#Medium|~ Task 10","subquest","","","","","ManualTask"
"~|Kourend and Kebos Diary#Medium|~ Task 11","subquest","","","","","ManualTask"
"~|Kourend and Kebos Diary#Medium|~ Task 12","subquest","","","","","ManualTask"
"~|Kourend and Kebos Diary#Medium|~ Task 13","subquest","","","","","ManualTask"
"~|Kourend and Kebos Diary#Medium|~ Complete the Medium Diary","quest","","","","","ManualTask"
"~|Kourend and Kebos Diary#Hard|~ Task 1","subquest","","","","","ManualTask"
"~|Kourend and Kebos Diary#Hard|~ Task 2","subquest","","","","","ManualTask"
"~|Kourend and Kebos Diary#Hard|~ Task 3","subquest","","","","","ManualTask"
"~|Kourend and Kebos Diary#Hard|~ Task 4","subquest","","","","","ManualTask"
"~|Kourend and Kebos Diary#Hard|~ Task 5","subquest","","","","","ManualTask"
"~|Kourend and Kebos Diary#Hard|~ Task 6","subquest","","","","","ManualTask"
"~|Kourend and Kebos Diary#Hard|~ Task 7","subquest","","","","","ManualTask"
"~|Kourend and Kebos Diary#Hard|~ Task 8","subquest","","","","","ManualTask"
"~|Kourend and Kebos Diary#Hard|~ Task 9","subquest","","","","","ManualTask"
"~|Kourend and Kebos Diary#Hard|~ Task 10","subquest","","","","","ManualTask"
"~|Kourend and Kebos Diary#Hard|~ Complete the Hard Diary","quest","","","","","ManualTask"
"~|Kourend and Kebos Diary#Elite|~ Task 1","subquest","","","","","ManualTask"
"~|Kourend and Kebos Diary#Elite|~ Task 2","subquest","","","","","ManualTask"
"~|Kourend and Kebos Diary#Elite|~ Task 3","subquest","","","","","ManualTask"
"~|Kourend and Kebos Diary#Elite|~ Task 4","subquest","","","","","ManualTask"
"~|Kourend and Kebos Diary#Elite|~ Task 5","subquest","","","","","ManualTask"
"~|Kourend and Kebos Diary#Elite|~ Task 6","subquest","","","","","ManualTask"
"~|Kourend and Kebos Diary#Elite|~ Task 7","subquest","","","","","ManualTask"
"~|Kourend and Kebos Diary#Elite|~ Task 8","subquest","","","","","ManualTask"
"~|Kourend and Kebos Diary#Elite|~ Complete the Elite Diary","quest","","","","","ManualTask"
"~|Lumbridge and Draynor Diary#Easy|~ Task 1","subquest","","","","","ManualTask"
"~|Lumbridge and Draynor Diary#Easy|~ Task 2","subquest","","","","","ManualTask"
"~|Lumbridge and Draynor Diary#Easy|~ Task 3","subquest","","","","","ManualTask"
"~|Lumbridge and Draynor Diary#Easy|~ Task 4","subquest","","","","","ManualTask"
"~|Lumbridge and Draynor Diary#Easy|~ Task 5","subquest","","","","","ManualTask"
"~|Lumbridge and Draynor Diary#Easy|~ Task 6","subquest","","","","","ManualTask"
"~|Lumbridge and Draynor Diary#Easy|~ Task 7","subquest","","","","","ManualTask"
"~|Lumbridge and Draynor Diary#Easy|~ Task 8","subquest","","","","","ManualTask"
"~|Lumbridge and Draynor Diary#Easy|~ Task 9","subquest","","","","","ManualTask"
"~|Lumbridge and Draynor Diary#Easy|~ Task 10","subquest","","","","","ManualTask"
"~|Lumbridge and Draynor Diary#Easy|~ Task 11","subquest","","","","","ManualTask"
"~|Lumbridge and Draynor Diary#Easy|~ Task 12","subquest","","","","","ManualTask"
"~|Lumbridge and Draynor Diary#Easy|~ Complete the Easy Diary","quest","","","","","ManualTask"
"~|Lumbridge and Draynor Diary#Medium|~ Task 1","subquest","","","","","ManualTask"
"~|Lumbridge and Draynor Diary#Medium|~ Task 2","subquest","","","","","ManualTask"
"~|Lumbridge and Draynor Diary#Medium|~ Task 3","subquest","","","","","ManualTask"
"~|Lumbridge and Draynor Diary#Medium|~ Task 4","subquest","","","","","ManualTask"
"~|Lumbridge and Draynor Diary#Medium|~ Task 5","subquest","","","","","ManualTask"
"~|Lumbridge and Draynor Diary#Medium|~ Task 6","subquest","","","","","ManualTask"
"~|Lumbridge and Draynor Diary#Medium|~ Task 7","subquest","","","","","ManualTask"
"~|Lumbridge and Draynor Diary#Medium|~ Task 8","subquest","","","","","ManualTask"
"~|Lumbridge and Draynor Diary#Medium|~ Task 9","subquest","","","","","ManualTask"
"~|Lumbridge and Draynor Diary#Medium|~ Task 10","subquest","","","","","ManualTask"
"~|Lumbridge and Draynor Diary#Medium|~ Task 11","subquest","","","","","ManualTask"
"~|Lumbridge and Draynor Diary#Medium|~ Task 12","subquest","","","","","ManualTask"
"~|Lumbridge and Draynor Diary#Medium|~ Complete the Medium Diary","quest","","","","","ManualTask"
"~|Lumbridge and Draynor Diary#Hard|~ Task 1","subquest","","","","","ManualTask"
"~|Lumbridge and Draynor Diary#Hard|~ Task 2","subquest","","","","","ManualTask"
"~|Lumbridge and Draynor Diary#Hard|~ Task 3","subquest","","","","","ManualTask"
"~|Lumbridge and Draynor Diary#Hard|~ Task 4","subquest","","","","","ManualTask"
"~|Lumbridge and Draynor Diary#Hard|~ Task 5","subquest","","","","","ManualTask"
"~|Lumbridge and Draynor Diary#Hard|~ Task 6","subquest","","","","","ManualTask"
"~|Lumbridge and Draynor Diary#Hard|~ Task 7","subquest","","","","","ManualTask"
"~|Lumbridge and Draynor Diary#Hard|~ Task 8","subquest","","","","","ManualTask"
"~|Lumbridge and Draynor Diary#Hard|~ Task 9","subquest","","","","","ManualTask"
"~|Lumbridge and Draynor Diary#Hard|~ Task 10","subquest","","","","","ManualTask"
"~|Lumbridge and Draynor Diary#Hard|~ Task 11","subquest","","","","","ManualTask"
"~|Lumbridge and Draynor Diary#Hard|~ Complete the Hard Diary","quest","","","","","ManualTask"
"~|Lumbridge and Draynor Diary#Elite|~ Task 1","subquest","","","","","ManualTask"
"~|Lumbridge and Draynor Diary#Elite|~ Task 2","subquest","","","","","ManualTask"
"~|Lumbridge and Draynor Diary#Elite|~ Task 3","subquest","","","","","ManualTask"
"~|Lumbridge and Draynor Diary#Elite|~ Task 4","subquest","","","","","ManualTask"
"~|Lumbridge and Draynor Diary#Elite|~ Task 5","subquest","","","","","ManualTask"
"~|Lumbridge and Draynor Diary#Elite|~ Task 6","subquest","","","","","ManualTask"
"~|Lumbridge and Draynor Diary#Elite|~ Complete the Elite Diary","quest","","","","","ManualTask"
"~|Morytania Diary#Easy|~ Task 1","subquest","","","","","ManualTask"
"~|Morytania Diary#Easy|~ Task 2","subquest","","","","","ManualTask"
"~|Morytania Diary#Easy|~ Task 3","subquest","","","","","ManualTask"
"~|Morytania Diary#Easy|~ Task 4","subquest","","","","","ManualTask"
"~|Morytania Diary#Easy|~ Task 5","subquest","","","","","ManualTask"
"~|Morytania Diary#Easy|~ Task 6","subquest","","","","","ManualTask"
"~|Morytania Diary#Easy|~ Task 7","subquest","","","","","ManualTask"
"~|Morytania Diary#Easy|~ Task 8","subquest","","","","","ManualTask"
"~|Morytania Diary#Easy|~ Task 9","subquest","","","","","ManualTask"
"~|Morytania Diary#Easy|~ Task 10","subquest","","","","","ManualTask"
"~|Morytania Diary#Easy|~ Task 11","subquest","","","","","ManualTask"
"~|Morytania Diary#Easy|~ Complete the Easy Diary","quest","","","","","ManualTask"
"~|Morytania Diary#Medium|~ Task 1","subquest","","","","","ManualTask"
"~|Morytania Diary#Medium|~ Task 2","subquest","","","","","ManualTask"
"~|Morytania Diary#Medium|~ Task 3","subquest","","","","","ManualTask"
"~|Morytania Diary#Medium|~ Task 4","subquest","","","","","ManualTask"
"~|Morytania Diary#Medium|~ Task 5","subquest","","","","","ManualTask"
"~|Morytania Diary#Medium|~ Task 6","subquest","","","","","ManualTask"
"~|Morytania Diary#Medium|~ Task 7","subquest","","","","","ManualTask"
"~|Morytania Diary#Medium|~ Task 8","subquest","","","","","ManualTask"
"~|Morytania Diary#Medium|~ Task 9","subquest","","","","","ManualTask"
"~|Morytania Diary#Medium|~ Task 10","subquest","","","","","ManualTask"
"~|Morytania Diary#Medium|~ Task 11","subquest","","","","","ManualTask"
"~|Morytania Diary#Medium|~ Complete the Medium Diary","quest","","","","","ManualTask"
"~|Morytania Diary#Hard|~ Task 1","subquest","","","","","ManualTask"
"~|Morytania Diary#Hard|~ Task 2","subquest","","","","","ManualTask"
"~|Morytania Diary#Hard|~ Task 3","subquest","","","","","ManualTask"
"~|Morytania Diary#Hard|~ Task 4","subquest","","","","","ManualTask"
"~|Morytania Diary#Hard|~ Task 5","subquest","","","","","ManualTask"
"~|Morytania Diary#Hard|~ Task 6","subquest","","","","","ManualTask"
"~|Morytania Diary#Hard|~ Task 7","subquest","","","","","ManualTask"
"~|Morytania Diary#Hard|~ Task 8","subquest","","","","","ManualTask"
"~|Morytania Diary#Hard|~ Task 9","subquest","","","","","ManualTask"
"~|Morytania Diary#Hard|~ Task 10","subquest","","","","","ManualTask"
"~|Morytania Diary#Hard|~ Complete the Hard Diary","quest","","","","","ManualTask"
"~|Morytania Diary#Elite|~ Task 1","subquest","","","","","ManualTask"
"~|Morytania Diary#Elite|~ Task 2","subquest","","","","","ManualTask"
"~|Morytania Diary#Elite|~ Task 3","subquest","","","","","ManualTask"
"~|Morytania Diary#Elite|~ Task 4","subquest","","","","","ManualTask"
"~|Morytania Diary#Elite|~ Task 5","subquest","","","","","ManualTask"
"~|Morytania Diary#Elite|~ Task 6","subquest","","","","","ManualTask"
"~|Morytania Diary#Elite|~ Complete the Elite Diary","quest","","","","","ManualTask"
"~|Varrock Diary#Easy|~ Task 1","subquest","","","","","ManualTask"
"~|Varrock Diary#Easy|~ Task 2","subquest","","","","","ManualTask"
"~|Varrock Diary#Easy|~ Task 3","subquest","","","","","ManualTask"
"~|Varrock Diary#Easy|~ Task 4","subquest","","","","","ManualTask"
"~|Varrock Diary#Easy|~ Task 5","subquest","","","","","ManualTask"
"~|Varrock Diary#Easy|~ Task 6","subquest","","","","","ManualTask"
"~|Varrock Diary#Easy|~ Task 7","subquest","","","","","ManualTask"
"~|Varrock Diary#Easy|~ Task 8","subquest","","","","","ManualTask"
"~|Varrock Diary#Easy|~ Task 9","subquest","","","","","ManualTask"
"~|Varrock Diary#Easy|~ Task 10","subquest","","","","","ManualTask"
"~|Varrock Diary#Easy|~ Task 11","subquest","","","","","ManualTask"
"~|Varrock Diary#Easy|~ Task 12","subquest","","","","","ManualTask"
"~|Varrock Diary#Easy|~ Task 13","subquest","","","","","ManualTask"
"~|Varrock Diary#Easy|~ Task 14","subquest","","","","","ManualTask"
"~|Varrock Diary#Easy|~ Complete the Easy Diary","quest","","","","","ManualTask"
"~|Varrock Diary#Medium|~ Task 1","subquest","","","","","ManualTask"
"~|Varrock Diary#Medium|~ Task 2","subquest","","","","","ManualTask"
"~|Varrock Diary#Medium|~ Task 3","subquest","","","","","ManualTask"
"~|Varrock Diary#Medium|~ Task 4","subquest","","","","","ManualTask"
"~|Varrock Diary#Medium|~ Task 5","subquest","","","","","ManualTask"
"~|Varrock Diary#Medium|~ Task 6","subquest","","","","","ManualTask"
"~|Varrock Diary#Medium|~ Task 7","subquest","","","","","ManualTask"
"~|Varrock Diary#Medium|~ Task 8","subquest","","","","","ManualTask"
"~|Varrock Diary#Medium|~ Task 9","subquest","","","","","ManualTask"
"~|Varrock Diary#Medium|~ Task 10","subquest","","","","","ManualTask"
"~|Varrock Diary#Medium|~ Task 11","subquest","","","","","ManualTask"
"~|Varrock Diary#Medium|~ Task 12","subquest","","","","","ManualTask"
"~|Varrock Diary#Medium|~ Task 13","subquest","","","","","ManualTask"
"~|Varrock Diary#Medium|~ Complete the Medium Diary","quest","","","","","ManualTask"
"~|Varrock Diary#Hard|~ Task 1","subquest","","","","","ManualTask"
"~|Varrock Diary#Hard|~ Task 2","subquest","","","","","ManualTask"
"~|Varrock Diary#Hard|~ Task 3","subquest","","","","","ManualTask"
"~|Varrock Diary#Hard|~ Task 4","subquest","","","","","ManualTask"
"~|Varrock Diary#Hard|~ Task 5","subquest","","","","","ManualTask"
"~|Varrock Diary#Hard|~ Task 6","subquest","","","","","ManualTask"
"~|Varrock Diary#Hard|~ Task 7","subquest","","","","","ManualTask"
"~|Varrock Diary#Hard|~ Task 8","subquest","","","","","ManualTask"
"~|Varrock Diary#Hard|~ Task 9","subquest","","","","","ManualTask"
"~|Varrock Diary#Hard|~ Task 10","subquest","","","","","ManualTask"
"~|Varrock Diary#Hard|~ Complete the Hard Diary","quest","","","","","ManualTask"
"~|Varrock Diary#Elite|~ Task 1","subquest","","","","","ManualTask"
"~|Varrock Diary#Elite|~ Task 2","subquest","","","","","ManualTask"
"~|Varrock Diary#Elite|~ Task 3","subquest","","","","","ManualTask"
"~|Varrock Diary#Elite|~ Task 4","subquest","","","","","ManualTask"
"~|Varrock Diary#Elite|~ Task 5","subquest","","","","","ManualTask"
"~|Varrock Diary#Elite|~ Complete the Elite Diary","quest","","","","","ManualTask"
"~|Western Provinces Diary#Easy|~ Task 1","subquest","","","","","ManualTask"
"~|Western Provinces Diary#Easy|~ Task 2","subquest","","","","","ManualTask"
"~|Western Provinces Diary#Easy|~ Task 3","subquest","","","","","ManualTask"
"~|Western Provinces Diary#Easy|~ Task 4","subquest","","","","","ManualTask"
"~|Western Provinces Diary#Easy|~ Task 5","subquest","","","","","ManualTask"
"~|Western Provinces Diary#Easy|~ Task 6","subquest","","","","","ManualTask"
"~|Western Provinces Diary#Easy|~ Task 7","subquest","","","","","ManualTask"
"~|Western Provinces Diary#Easy|~ Task 8","subquest","","","","","ManualTask"
"~|Western Provinces Diary#Easy|~ Task 9","subquest","","","","","ManualTask"
"~|Western Provinces Diary#Easy|~ Task 10","subquest","","","","","ManualTask"
"~|Western Provinces Diary#Easy|~ Task 11","subquest","","","","","ManualTask"
"~|Western Provinces Diary#Easy|~ Complete the Easy Diary","quest","","","","","ManualTask"
"~|Western Provinces Diary#Medium|~ Task 1","subquest","","","","","ManualTask"
"~|Western Provinces Diary#Medium|~ Task 2","subquest","","","","","ManualTask"
"~|Western Provinces Diary#Medium|~ Task 3","subquest","","","","","ManualTask"
"~|Western Provinces Diary#Medium|~ Task 4","subquest","","","","","ManualTask"
"~|Western Provinces Diary#Medium|~ Task 5","subquest","","","","","ManualTask"
"~|Western Provinces Diary#Medium|~ Task 6","subquest","","","","","ManualTask"
"~|Western Provinces Diary#Medium|~ Task 7","subquest","","","","","ManualTask"
"~|Western Provinces Diary#Medium|~ Task 8","subquest","","","","","ManualTask"
"~|Western Provinces Diary#Medium|~ Task 9","subquest","","","","","ManualTask"
"~|Western Provinces Diary#Medium|~ Task 10","subquest","","","","","ManualTask"
"~|Western Provinces Diary#Medium|~ Task 11","subquest","","","","","ManualTask"
"~|Western Provinces Diary#Medium|~ Task 12","subquest","","","","","ManualTask"
"~|Western Provinces Diary#Medium|~ Task 13","subquest","","","","","ManualTask"
"~|Western Provinces Diary#Medium|~ Complete the Medium Diary","quest","","","","","ManualTask"
"~|Western Provinces Diary#Hard|~ Task 1","subquest","","","","","ManualTask"
"~|Western Provinces Diary#Hard|~ Task 2","subquest","","","","","ManualTask"
"~|Western Provinces Diary#Hard|~ Task 3","subquest","","","","","ManualTask"
"~|Western Provinces Diary#Hard|~ Task 4","subquest","","","","","ManualTask"
"~|Western Provinces Diary#Hard|~ Task 5","subquest","","","","","ManualTask"
"~|Western Provinces Diary#Hard|~ Task 6","subquest","","","","","ManualTask"
"~|Western Provinces Diary#Hard|~ Task 7","subquest","","","","","ManualTask"
"~|Western Provinces Diary#Hard|~ Task 8","subquest","","","","","ManualTask"
"~|Western Provinces Diary#Hard|~ Task 9","subquest","","","","","ManualTask"
"~|Western Provinces Diary#Hard|~ Task 10","subquest","","","","","ManualTask"
"~|Western Provinces Diary#Hard|~ Task 11","subquest","","","","","ManualTask"
"~|Western Provinces Diary#Hard|~ Task 12","subquest","","","","","ManualTask"
"~|Western Provinces Diary#Hard|~ Task 13","subquest","","","","","ManualTask"
"~|Western Provinces Diary#Hard|~ Complete the Hard Diary","quest","","","","","ManualTask"
"~|Western Provinces Diary#Elite|~ Task 1","subquest","","","","","ManualTask"
"~|Western Provinces Diary#Elite|~ Task 2","subquest","","","","","ManualTask"
"~|Western Provinces Diary#Elite|~ Task 3","subquest","","","","","ManualTask"
"~|Western Provinces Diary#Elite|~ Task 4","subquest","","","","","ManualTask"
"~|Western Provinces Diary#Elite|~ Task 5","subquest","","","","","ManualTask"
"~|Western Provinces Diary#Elite|~ Task 6","subquest","","","","","ManualTask"
"~|Western Provinces Diary#Elite|~ Task 7","subquest","","","","","ManualTask"
"~|Western Provinces Diary#Elite|~ Complete the Elite Diary","quest","","","","","ManualTask"
"~|Wilderness Diary#Easy|~ Task 1","subquest","","","","","ManualTask"
"~|Wilderness Diary#Easy|~ Task 2","subquest","","","","","ManualTask"
"~|Wilderness Diary#Easy|~ Task 3","subquest","","","","","ManualTask"
"~|Wilderness Diary#Easy|~ Task 4","subquest","","","","","ManualTask"
"~|Wilderness Diary#Easy|~ Task 5","subquest","","","","","ManualTask"
"~|Wilderness Diary#Easy|~ Task 6","subquest","","","","","ManualTask"
"~|Wilderness Diary#Easy|~ Task 7","subquest","","","","","ManualTask"
"~|Wilderness Diary#Easy|~ Task 8","subquest","","","","","ManualTask"
"~|Wilderness Diary#Easy|~ Task 9","subquest","","","","","ManualTask"
"~|Wilderness Diary#Easy|~ Task 10","subquest","","","","","ManualTask"
"~|Wilderness Diary#Easy|~ Task 11","subquest","","","","","ManualTask"
"~|Wilderness Diary#Easy|~ Task 12","subquest","","","","","ManualTask"
"~|Wilderness Diary#Easy|~ Complete the Easy Diary","quest","","","","","ManualTask"
"~|Wilderness Diary#Medium|~ Task 1","subquest","","","","","ManualTask"
"~|Wilderness Diary#Medium|~ Task 2","subquest","","","","","ManualTask"
"~|Wilderness Diary#Medium|~ Task 3","subquest","","","","","ManualTask"
"~|Wilderness Diary#Medium|~ Task 4","subquest","","","","","ManualTask"
"~|Wilderness Diary#Medium|~ Task 5","subquest","","","","","ManualTask"
"~|Wilderness Diary#Medium|~ Task 6","subquest","","","","","ManualTask"
"~|Wilderness Diary#Medium|~ Task 7","subquest","","","","","ManualTask"
"~|Wilderness Diary#Medium|~ Task 8","subquest","","","","","ManualTask"
"~|Wilderness Diary#Medium|~ Task 9","subquest","","","","","ManualTask"
"~|Wilderness Diary#Medium|~ Task 10","subquest","","","","","ManualTask"
"~|Wilderness Diary#Medium|~ Task 11","subquest","","","","","ManualTask"
"~|Wilderness Diary#Medium|~ Complete the Medium Diary","quest","","","","","ManualTask"
"~|Wilderness Diary#Hard|~ Task 1","subquest","","","","","ManualTask"
"~|Wilderness Diary#Hard|~ Task 2","subquest","","","","","ManualTask"
"~|Wilderness Diary#Hard|~ Task 3","subquest","","","","","ManualTask"
"~|Wilderness Diary#Hard|~ Task 4","subquest","","","","","ManualTask"
"~|Wilderness Diary#Hard|~ Task 5","subquest","","","","","ManualTask"
"~|Wilderness Diary#Hard|~ Task 6","subquest","","","","","ManualTask"
"~|Wilderness Diary#Hard|~ Task 7","subquest","","","","","ManualTask"
"~|Wilderness Diary#Hard|~ Task 8","subquest","","","","","ManualTask"
"~|Wilderness Diary#Hard|~ Task 9","subquest","","","","","ManualTask"
"~|Wilderness Diary#Hard|~ Task 10","subquest","","","","","ManualTask"
"~|Wilderness Diary#Hard|~ Complete the Hard Diary","quest","","","","","ManualTask"
"~|Wilderness Diary#Elite|~ Task 1","subquest","","","","","ManualTask"
"~|Wilderness Diary#Elite|~ Task 2","subquest","","","","","ManualTask"
"~|Wilderness Diary#Elite|~ Task 3","subquest","","","","","ManualTask"
"~|Wilderness Diary#Elite|~ Task 4","subquest","","","","","ManualTask"
"~|Wilderness Diary#Elite|~ Task 5","subquest","","","","","ManualTask"
"~|Wilderness Diary#Elite|~ Task 6","subquest","","","","","ManualTask"
"~|Wilderness Diary#Elite|~ Task 7","subquest","","","","","ManualTask"
"~|Wilderness Diary#Elite|~ Complete the Elite Diary","quest","","","","","ManualTask"
"~|Fossil Island Diary#Museum Camp|~ Task 1","subquest","","","","","ManualTask"
"~|Fossil Island Diary#Museum Camp|~ Task 2","subquest","","","","","ManualTask"
"~|Fossil Island Diary#Museum Camp|~ Task 3","subquest","","","","","ManualTask"
"~|Fossil Island Diary#Museum Camp|~ Task 4","subquest","","","","","ManualTask"
"~|Fossil Island Diary#Museum Camp|~ Task 5","subquest","","","","","ManualTask"
"~|Fossil Island Diary#Museum Camp|~ Task 6","subquest","","","","","ManualTask"
"~|Fossil Island Diary#Museum Camp|~ Complete the Museum Camp Section","quest","","","","","ManualTask"
"~|Fossil Island Diary#Northern Reaches|~ Task 1","subquest","","","","","ManualTask"
"~|Fossil Island Diary#Northern Reaches|~ Task 2","subquest","","","","","ManualTask"
"~|Fossil Island Diary#Northern Reaches|~ Task 3","subquest","","","","","ManualTask"
"~|Fossil Island Diary#Northern Reaches|~ Task 4","subquest","","","","","ManualTask"
"~|Fossil Island Diary#Northern Reaches|~ Task 5","subquest","","","","","ManualTask"
"~|Fossil Island Diary#Northern Reaches|~ Task 6","subquest","","","","","ManualTask"
"~|Fossil Island Diary#Northern Reaches|~ Task 7","subquest","","","","","ManualTask"
"~|Fossil Island Diary#Northern Reaches|~ Task 8","subquest","","","","","ManualTask"
"~|Fossil Island Diary#Northern Reaches|~ Complete the Northern Reaches Section","quest","","","","","ManualTask"
"~|Fossil Island Diary#Southern Swamps|~ Task 1","subquest","","","","","ManualTask"
"~|Fossil Island Diary#Southern Swamps|~ Task 2","subquest","","","","","ManualTask"
"~|Fossil Island Diary#Southern Swamps|~ Task 3","subquest","","","","","ManualTask"
"~|Fossil Island Diary#Southern Swamps|~ Task 4","subquest","","","","","ManualTask"
"~|Fossil Island Diary#Southern Swamps|~ Task 5","subquest","","","","","ManualTask"
"~|Fossil Island Diary#Southern Swamps|~ Task 6","subquest","","","","","ManualTask"
"~|Fossil Island Diary#Southern Swamps|~ Task 7","subquest","","","","","ManualTask"
"~|Fossil Island Diary#Southern Swamps|~ Complete the Southern Swamps Section","quest","","","","","ManualTask"
"~|Fossil Island Diary#Mountainous East|~ Task 1","subquest","","","","","ManualTask"
"~|Fossil Island Diary#Mountainous East|~ Task 2","subquest","","","","","ManualTask"
"~|Fossil Island Diary#Mountainous East|~ Task 3","subquest","","","","","ManualTask"
"~|Fossil Island Diary#Mountainous East|~ Task 4","subquest","","","","","ManualTask"
"~|Fossil Island Diary#Mountainous East|~ Task 5","subquest","","","","","ManualTask"
"~|Fossil Island Diary#Mountainous East|~ Task 6","subquest","","","","","ManualTask"
"~|Fossil Island Diary#Mountainous East|~ Complete the Mountainous East Section","quest","","","","","ManualTask"
"~|Combat Achievements#Easy|~ Noxious Foe","subquest","","","","","ManualTask"
"~|Combat Achievements#Easy|~ Barrows Novice","subquest","","","","","ManualTask"
"~|Combat Achievements#Easy|~ Defence? What Defence?","subquest","","","","","ManualTask"
"~|Combat Achievements#Easy|~ Big, Black and Fiery","subquest","","","","","ManualTask"
"~|Combat Achievements#Easy|~ The Demonic Punching Bag","subquest","","","","","ManualTask"
"~|Combat Achievements#Easy|~ Fighting as Intended II","subquest","","","","","ManualTask"
"~|Combat Achievements#Easy|~ A Slow Death","subquest","","","","","ManualTask"
"~|Combat Achievements#Easy|~ Preparation Is Key","subquest","","","","","ManualTask"
"~|Combat Achievements#Easy|~ Protection from Moss","subquest","","","","","ManualTask"
"~|Combat Achievements#Easy|~ Bryophyta Novice","subquest","","","","","ManualTask"
"~|Combat Achievements#Easy|~ Deranged Archaeologist Novice","subquest","","","","","ManualTask"
"~|Combat Achievements#Easy|~ The Walking Volcano","subquest","","","","","ManualTask"
"~|Combat Achievements#Easy|~ Giant Mole Novice","subquest","","","","","ManualTask"
"~|Combat Achievements#Easy|~ Not So Great After All","subquest","","","","","ManualTask"
"~|Combat Achievements#Easy|~ A Greater Foe","subquest","","","","","ManualTask"
"~|Combat Achievements#Easy|~ A Demon's Best Friend","subquest","","","","","ManualTask"
"~|Combat Achievements#Easy|~ Into the Den of Giants","subquest","","","","","ManualTask"
"~|Combat Achievements#Easy|~ King Black Dragon Novice","subquest","","","","","ManualTask"
"~|Combat Achievements#Easy|~ Shayzien Protector","subquest","","","","","ManualTask"
"~|Combat Achievements#Easy|~ A Scaley Encounter","subquest","","","","","ManualTask"
"~|Combat Achievements#Easy|~ Fighting as Intended","subquest","","","","","ManualTask"
"~|Combat Achievements#Easy|~ Sleeping Giant","subquest","","","","","ManualTask"
"~|Combat Achievements#Easy|~ Obor Novice","subquest","","","","","ManualTask"
"~|Combat Achievements#Easy|~ Elemental Company","subquest","","","","","ManualTask"
"~|Combat Achievements#Easy|~ Let them fight","subquest","","","","","ManualTask"
"~|Combat Achievements#Easy|~ One by one","subquest","","","","","ManualTask"
"~|Combat Achievements#Easy|~ Sarachnis Novice","subquest","","","","","ManualTask"
"~|Combat Achievements#Easy|~ Scurrius Novice","subquest","","","","","ManualTask"
"~|Combat Achievements#Easy|~ Sit Rat","subquest","","","","","ManualTask"
"~|Combat Achievements#Easy|~ Fire in the Hole!","subquest","","","","","ManualTask"
"~|Combat Achievements#Easy|~ Calm Before the Storm","subquest","","","","","ManualTask"
"~|Combat Achievements#Easy|~ Master of Buckets","subquest","","","","","ManualTask"
"~|Combat Achievements#Easy|~ Tempoross Novice","subquest","","","","","ManualTask"
"~|Combat Achievements#Easy|~ Cosy","subquest","","","","","ManualTask"
"~|Combat Achievements#Easy|~ Handyman","subquest","","","","","ManualTask"
"~|Combat Achievements#Easy|~ Mummy!","subquest","","","","","ManualTask"
"~|Combat Achievements#Easy|~ Wintertodt Novice","subquest","","","","","ManualTask"
"~|Combat Achievements#Easy|~ A Slithery Encounter","subquest","","","","","ManualTask"
"~|Combat Achievements#Easy|~ Complete the Easy Diary by reaching the point threshold","quest","","","","","ManualTask"
"~|Combat Achievements#Medium|~ Amoxliatl Champion","subquest","","","","","ManualTask"
"~|Combat Achievements#Medium|~ Temotli Triumph","subquest","","","","","ManualTask"
"~|Combat Achievements#Medium|~ Pray for Success","subquest","","","","","ManualTask"
"~|Combat Achievements#Medium|~ Can't Touch Me","subquest","","","","","ManualTask"
"~|Combat Achievements#Medium|~ Barrows Champion","subquest","","","","","ManualTask"
"~|Combat Achievements#Medium|~ Brutal, Big, Black and Firey","subquest","","","","","ManualTask"
"~|Combat Achievements#Medium|~ Quick Cutter","subquest","","","","","ManualTask"
"~|Combat Achievements#Medium|~ Bryophyta Champion","subquest","","","","","ManualTask"
"~|Combat Achievements#Medium|~ Sorry, What Was That?","subquest","","","","","ManualTask"
"~|Combat Achievements#Medium|~ Chaos Fanatic Champion","subquest","","","","","ManualTask"
"~|Combat Achievements#Medium|~ I'd Rather Not Learn","subquest","","","","","ManualTask"
"~|Combat Achievements#Medium|~ Mage of the Ruins","subquest","","","","","ManualTask"
"~|Combat Achievements#Medium|~ Crazy Archaeologist Champion","subquest","","","","","ManualTask"
"~|Combat Achievements#Medium|~ Dagannoth Prime Champion","subquest","","","","","ManualTask"
"~|Combat Achievements#Medium|~ A Frozen King","subquest","","","","","ManualTask"
"~|Combat Achievements#Medium|~ Dagannoth Rex Champion","subquest","","","","","ManualTask"
"~|Combat Achievements#Medium|~ Dagannoth Supreme Champion","subquest","","","","","ManualTask"
"~|Combat Achievements#Medium|~ I'd Rather Be Illiterate","subquest","","","","","ManualTask"
"~|Combat Achievements#Medium|~ Mage of the Swamp","subquest","","","","","ManualTask"
"~|Combat Achievements#Medium|~ Deranged Archaeologist Champion","subquest","","","","","ManualTask"
"~|Combat Achievements#Medium|~ A Smashing Time","subquest","","","","","ManualTask"
"~|Combat Achievements#Medium|~ Avoiding Those Little Arms","subquest","","","","","ManualTask"
"~|Combat Achievements#Medium|~ Giant Mole Champion","subquest","","","","","ManualTask"
"~|Combat Achievements#Medium|~ Antifire Protection","subquest","","","","","ManualTask"
"~|Combat Achievements#Medium|~ Hide Penetration","subquest","","","","","ManualTask"
"~|Combat Achievements#Medium|~ Claw Clipper","subquest","","","","","ManualTask"
"~|Combat Achievements#Medium|~ King Black Dragon Champion","subquest","","","","","ManualTask"
"~|Combat Achievements#Medium|~ Master of Broad Weaponry","subquest","","","","","ManualTask"
"~|Combat Achievements#Medium|~ Back to Our Roots","subquest","","","","","ManualTask"
"~|Combat Achievements#Medium|~ Moons of Peril Speed-Trialist","subquest","","","","","ManualTask"
"~|Combat Achievements#Medium|~ Perilous Novice","subquest","","","","","ManualTask"
"~|Combat Achievements#Medium|~ Lunar Triplet","subquest","","","","","ManualTask"
"~|Combat Achievements#Medium|~ Squashing the Giant","subquest","","","","","ManualTask"
"~|Combat Achievements#Medium|~ It takes too long","subquest","","","","","ManualTask"
"~|Combat Achievements#Medium|~ Royal Titan Adept","subquest","","","","","ManualTask"
"~|Combat Achievements#Medium|~ Royal Titan Champion","subquest","","","","","ManualTask"
"~|Combat Achievements#Medium|~ Back to the Wall","subquest","","","","","ManualTask"
"~|Combat Achievements#Medium|~ Obor Champion","subquest","","","","","ManualTask"
"~|Combat Achievements#Medium|~ Newspaper Enthusiast","subquest","","","","","ManualTask"
"~|Combat Achievements#Medium|~ Sarachnis Champion","subquest","","","","","ManualTask"
"~|Combat Achievements#Medium|~ Efficient Pest Control","subquest","","","","","ManualTask"
"~|Combat Achievements#Medium|~ Perfect Scurrius","subquest","","","","","ManualTask"
"~|Combat Achievements#Medium|~ Scurrius Champion","subquest","","","","","ManualTask"
"~|Combat Achievements#Medium|~ A Frozen Foe from the Past","subquest","","","","","ManualTask"
"~|Combat Achievements#Medium|~ Demonbane Weaponry","subquest","","","","","ManualTask"
"~|Combat Achievements#Medium|~ Demonic Weakening","subquest","","","","","ManualTask"
"~|Combat Achievements#Medium|~ Skotizo Champion","subquest","","","","","ManualTask"
"~|Combat Achievements#Medium|~ The Lone Angler","subquest","","","","","ManualTask"
"~|Combat Achievements#Medium|~ Tempoross Champion","subquest","","","","","ManualTask"
"~|Combat Achievements#Medium|~ Hueycoatl Champion","subquest","","","","","ManualTask"
"~|Combat Achievements#Medium|~ You're a wizard","subquest","","","","","ManualTask"
"~|Combat Achievements#Medium|~ Sit Back and Relax","subquest","","","","","ManualTask"
"~|Combat Achievements#Medium|~ Leaving No One Behind","subquest","","","","","ManualTask"
"~|Combat Achievements#Medium|~ Can We Fix It?","subquest","","","","","ManualTask"
"~|Combat Achievements#Medium|~ Wintertodt Champion","subquest","","","","","ManualTask"
"~|Combat Achievements#Medium|~ Complete the Medium Diary by reaching the point threshold","quest","","","","","ManualTask"
"~|Combat Achievements#Hard|~ Don't Stop Moving","subquest","","","","","ManualTask"
"~|Combat Achievements#Hard|~ Don't Whip Me","subquest","","","","","ManualTask"
"~|Combat Achievements#Hard|~ They Grow Up Too Fast","subquest","","","","","ManualTask"
"~|Combat Achievements#Hard|~ Abyssal Adept","subquest","","","","","ManualTask"
"~|Combat Achievements#Hard|~ Amoxliatl Adept","subquest","","","","","ManualTask"
"~|Combat Achievements#Hard|~ Nagua Negation","subquest","","","","","ManualTask"
"~|Combat Achievements#Hard|~ Kemo Makti","subquest","","","","","ManualTask"
"~|Combat Achievements#Hard|~ Amoxliatl Speed-Trialist","subquest","","","","","ManualTask"
"~|Combat Achievements#Hard|~ Totally Shattered","subquest","","","","","ManualTask"
"~|Combat Achievements#Hard|~ Faithless Crypt Run","subquest","","","","","ManualTask"
"~|Combat Achievements#Hard|~ Just Like That","subquest","","","","","ManualTask"
"~|Combat Achievements#Hard|~ Callisto Adept","subquest","","","","","ManualTask"
"~|Combat Achievements#Hard|~ The Flincher","subquest","","","","","ManualTask"
"~|Combat Achievements#Hard|~ Hoarder","subquest","","","","","ManualTask"
"~|Combat Achievements#Hard|~ Chaos Elemental Adept","subquest","","","","","ManualTask"
"~|Combat Achievements#Hard|~ Praying to the Gods","subquest","","","","","ManualTask"
"~|Combat Achievements#Hard|~ Chaos Fanatic Adept","subquest","","","","","ManualTask"
"~|Combat Achievements#Hard|~ Commander Showdown","subquest","","","","","ManualTask"
"~|Combat Achievements#Hard|~ Commander Zilyana Adept","subquest","","","","","ManualTask"
"~|Combat Achievements#Hard|~ Crazy Archaeologist Adept","subquest","","","","","ManualTask"
"~|Combat Achievements#Hard|~ Dagannoth Prime Adept","subquest","","","","","ManualTask"
"~|Combat Achievements#Hard|~ Dagannoth Rex Adept","subquest","","","","","ManualTask"
"~|Combat Achievements#Hard|~ Dagannoth Supreme Adept","subquest","","","","","ManualTask"
"~|Combat Achievements#Hard|~ General Showdown","subquest","","","","","ManualTask"
"~|Combat Achievements#Hard|~ Ourg Freezer","subquest","","","","","ManualTask"
"~|Combat Achievements#Hard|~ General Graardor Adept","subquest","","","","","ManualTask"
"~|Combat Achievements#Hard|~ Whack-a-Mole","subquest","","","","","ManualTask"
"~|Combat Achievements#Hard|~ Why Are You Running?","subquest","","","","","ManualTask"
"~|Combat Achievements#Hard|~ Static Awareness","subquest","","","","","ManualTask"
"~|Combat Achievements#Hard|~ Heal No More","subquest","","","","","ManualTask"
"~|Combat Achievements#Hard|~ Granite Footwork","subquest","","","","","ManualTask"
"~|Combat Achievements#Hard|~ Prison Break","subquest","","","","","ManualTask"
"~|Combat Achievements#Hard|~ Don't Look at the Eclipse","subquest","","","","","ManualTask"
"~|Combat Achievements#Hard|~ Grotesque Guardians Adept","subquest","","","","","ManualTask"
"~|Combat Achievements#Hard|~ Weed Whacker","subquest","","","","","ManualTask"
"~|Combat Achievements#Hard|~ Hesporisn't","subquest","","","","","ManualTask"
"~|Combat Achievements#Hard|~ Hespori Adept","subquest","","","","","ManualTask"
"~|Combat Achievements#Hard|~ Demonbane Weaponry II","subquest","","","","","ManualTask"
"~|Combat Achievements#Hard|~ Demonic Showdown","subquest","","","","","ManualTask"
"~|Combat Achievements#Hard|~ Yarr No More","subquest","","","","","ManualTask"
"~|Combat Achievements#Hard|~ K'ril Tsutsaroth Adept","subquest","","","","","ManualTask"
"~|Combat Achievements#Hard|~ Chitin Penetrator","subquest","","","","","ManualTask"
"~|Combat Achievements#Hard|~ Kalphite Queen Adept","subquest","","","","","ManualTask"
"~|Combat Achievements#Hard|~ Who Is the King Now?","subquest","","","","","ManualTask"
"~|Combat Achievements#Hard|~ Krakan't Hurt Me","subquest","","","","","ManualTask"
"~|Combat Achievements#Hard|~ Unnecessary Optimization","subquest","","","","","ManualTask"
"~|Combat Achievements#Hard|~ Kraken Adept","subquest","","","","","ManualTask"
"~|Combat Achievements#Hard|~ Airborne Showdown","subquest","","","","","ManualTask"
"~|Combat Achievements#Hard|~ Kree'arra Adept","subquest","","","","","ManualTask"
"~|Combat Achievements#Hard|~ Fortified","subquest","","","","","ManualTask"
"~|Combat Achievements#Hard|~ Moons of Peril Speed-Chaser","subquest","","","","","ManualTask"
"~|Combat Achievements#Hard|~ Perilous Dancer","subquest","","","","","ManualTask"
"~|Combat Achievements#Hard|~ Betrayal","subquest","","","","","ManualTask"
"~|Combat Achievements#Hard|~ Perilous Champion","subquest","","","","","ManualTask"
"~|Combat Achievements#Hard|~ Fat of the Land","subquest","","","","","ManualTask"
"~|Combat Achievements#Hard|~ The Clone Zone","subquest","","","","","ManualTask"
"~|Combat Achievements#Hard|~ Nightmare Adept","subquest","","","","","ManualTask"
"~|Combat Achievements#Hard|~ Phantom Muspah Adept","subquest","","","","","ManualTask"
"~|Combat Achievements#Hard|~ I need room","subquest","","","","","ManualTask"
"~|Combat Achievements#Hard|~ Perfect Royal Titan","subquest","","","","","ManualTask"
"~|Combat Achievements#Hard|~ Titan Killer","subquest","","","","","ManualTask"
"~|Combat Achievements#Hard|~ Royal Titan Speed-Runner","subquest","","","","","ManualTask"
"~|Combat Achievements#Hard|~ Inspect Repellent","subquest","","","","","ManualTask"
"~|Combat Achievements#Hard|~ Ready to Pounce","subquest","","","","","ManualTask"
"~|Combat Achievements#Hard|~ Guardians No More","subquest","","","","","ManualTask"
"~|Combat Achievements#Hard|~ I Can't Reach That","subquest","","","","","ManualTask"
"~|Combat Achievements#Hard|~ Scorpia Adept","subquest","","","","","ManualTask"
"~|Combat Achievements#Hard|~ Skotizo Adept","subquest","","","","","ManualTask"
"~|Combat Achievements#Hard|~ Why Cook?","subquest","","","","","ManualTask"
"~|Combat Achievements#Hard|~ Dress Like You Mean It","subquest","","","","","ManualTask"
"~|Combat Achievements#Hard|~ I'm your son","subquest","","","","","ManualTask"
"~|Combat Achievements#Hard|~ Hueycoatl Adept","subquest","","","","","ManualTask"
"~|Combat Achievements#Hard|~ Pillar Lover","subquest","","","","","ManualTask"
"~|Combat Achievements#Hard|~ Theatre of Blood: SM Adept","subquest","","","","","ManualTask"
"~|Combat Achievements#Hard|~ Novice Tomb Explorer","subquest","","","","","ManualTask"
"~|Combat Achievements#Hard|~ Movin' on up","subquest","","","","","ManualTask"
"~|Combat Achievements#Hard|~ Novice Tomb Looter","subquest","","","","","ManualTask"
"~|Combat Achievements#Hard|~ Confident Raider","subquest","","","","","ManualTask"
"~|Combat Achievements#Hard|~ Venenatis Adept","subquest","","","","","ManualTask"
"~|Combat Achievements#Hard|~ Vet'ion Adept","subquest","","","","","ManualTask"
"~|Combat Achievements#Hard|~ Why Fletch?","subquest","","","","","ManualTask"
"~|Combat Achievements#Hard|~ Zulrah Adept","subquest","","","","","ManualTask"
"~|Combat Achievements#Hard|~ Complete the Hard Diary by reaching the point threshold","quest","","","","","ManualTask"
"~|Combat Achievements#Elite|~ Perfect Sire","subquest","","","","","ManualTask"
"~|Combat Achievements#Elite|~ Demonic Rebound","subquest","","","","","ManualTask"
"~|Combat Achievements#Elite|~ Respiratory Runner","subquest","","","","","ManualTask"
"~|Combat Achievements#Elite|~ Abyssal Veteran","subquest","","","","","ManualTask"
"~|Combat Achievements#Elite|~ Alchemical Veteran","subquest","","","","","ManualTask"
"~|Combat Achievements#Elite|~ Without Ralos' Light","subquest","","","","","ManualTask"
"~|Combat Achievements#Elite|~ Amoxliatl Speed-Chaser","subquest","","","","","ManualTask"
"~|Combat Achievements#Elite|~ Araxxor Veteran","subquest","","","","","ManualTask"
"~|Combat Achievements#Elite|~ Relaxxor","subquest","","","","","ManualTask"
"~|Combat Achievements#Elite|~ Araxxor Speed-Trialist","subquest","","","","","ManualTask"
"~|Combat Achievements#Elite|~ Reflecting on This Encounter","subquest","","","","","ManualTask"
"~|Combat Achievements#Elite|~ Callisto Veteran","subquest","","","","","ManualTask"
"~|Combat Achievements#Elite|~ Anti-Bite Mechanics","subquest","","","","","ManualTask"
"~|Combat Achievements#Elite|~ Unrequired Antifire","subquest","","","","","ManualTask"
"~|Combat Achievements#Elite|~ Ghost Buster","subquest","","","","","ManualTask"
"~|Combat Achievements#Elite|~ Cerberus Veteran","subquest","","","","","ManualTask"
"~|Combat Achievements#Elite|~ Kill It with Fire","subquest","","","","","ManualTask"
"~|Combat Achievements#Elite|~ Blizzard Dodger","subquest","","","","","ManualTask"
"~|Combat Achievements#Elite|~ Cryo No More","subquest","","","","","ManualTask"
"~|Combat Achievements#Elite|~ Shayzien Specialist","subquest","","","","","ManualTask"
"~|Combat Achievements#Elite|~ Undying Raid Team","subquest","","","","","ManualTask"
"~|Combat Achievements#Elite|~ Dancing with Statues","subquest","","","","","ManualTask"
"~|Combat Achievements#Elite|~ Redemption Enthusiast","subquest","","","","","ManualTask"
"~|Combat Achievements#Elite|~ Mutta-diet","subquest","","","","","ManualTask"
"~|Combat Achievements#Elite|~ Together We'll Fall","subquest","","","","","ManualTask"
"~|Combat Achievements#Elite|~ Perfectly Balanced","subquest","","","","","ManualTask"
"~|Combat Achievements#Elite|~ Chambers of Xeric Veteran","subquest","","","","","ManualTask"
"~|Combat Achievements#Elite|~ Dust Seeker","subquest","","","","","ManualTask"
"~|Combat Achievements#Elite|~ Chaos Elemental Veteran","subquest","","","","","ManualTask"
"~|Combat Achievements#Elite|~ Reminisce","subquest","","","","","ManualTask"
"~|Combat Achievements#Elite|~ Commander Zilyana Veteran","subquest","","","","","ManualTask"
"~|Combat Achievements#Elite|~ Chicken Killer","subquest","","","","","ManualTask"
"~|Combat Achievements#Elite|~ Finding the Weak Spot","subquest","","","","","ManualTask"
"~|Combat Achievements#Elite|~ Hot on Your Feet","subquest","","","","","ManualTask"
"~|Combat Achievements#Elite|~ Corporeal Beast Veteran","subquest","","","","","ManualTask"
"~|Combat Achievements#Elite|~ 3, 2, 1 - Mage","subquest","","","","","ManualTask"
"~|Combat Achievements#Elite|~ Corrupted Gauntlet Veteran","subquest","","","","","ManualTask"
"~|Combat Achievements#Elite|~ From One King to Another","subquest","","","","","ManualTask"
"~|Combat Achievements#Elite|~ Death to the Seer King","subquest","","","","","ManualTask"
"~|Combat Achievements#Elite|~ Toppling the Diarchy","subquest","","","","","ManualTask"
"~|Combat Achievements#Elite|~ Death to the Warrior King","subquest","","","","","ManualTask"
"~|Combat Achievements#Elite|~ Rapid Succession","subquest","","","","","ManualTask"
"~|Combat Achievements#Elite|~ Death to the Archer King","subquest","","","","","ManualTask"
"~|Combat Achievements#Elite|~ If Gorillas Could Fly","subquest","","","","","ManualTask"
"~|Combat Achievements#Elite|~ Hitting Them Where It Hurts","subquest","","","","","ManualTask"
"~|Combat Achievements#Elite|~ Facing Jad Head-on","subquest","","","","","ManualTask"
"~|Combat Achievements#Elite|~ A Near Miss!","subquest","","","","","ManualTask"
"~|Combat Achievements#Elite|~ Fight Caves Veteran","subquest","","","","","ManualTask"
"~|Combat Achievements#Elite|~ Duke Sucellus Speed-Trialist","subquest","","","","","ManualTask"
"~|Combat Achievements#Elite|~ Duke Sucellus Adept","subquest","","","","","ManualTask"
"~|Combat Achievements#Elite|~ I was here first!","subquest","","","","","ManualTask"
"~|Combat Achievements#Elite|~ Denied","subquest","","","","","ManualTask"
"~|Combat Achievements#Elite|~ Furball","subquest","","","","","ManualTask"
"~|Combat Achievements#Elite|~ Fragment of Seren Speed-Trialist","subquest","","","","","ManualTask"
"~|Combat Achievements#Elite|~ Galvek Speed-Trialist","subquest","","","","","ManualTask"
"~|Combat Achievements#Elite|~ Wolf Puncher","subquest","","","","","ManualTask"
"~|Combat Achievements#Elite|~ Crystalline Warrior","subquest","","","","","ManualTask"
"~|Combat Achievements#Elite|~ Egniol Diet","subquest","","","","","ManualTask"
"~|Combat Achievements#Elite|~ 3, 2, 1 - Range","subquest","","","","","ManualTask"
"~|Combat Achievements#Elite|~ Gauntlet Veteran","subquest","","","","","ManualTask"
"~|Combat Achievements#Elite|~ Ourg Freezer II","subquest","","","","","ManualTask"
"~|Combat Achievements#Elite|~ General Graardor Veteran","subquest","","","","","ManualTask"
"~|Combat Achievements#Elite|~ Hard Hitter","subquest","","","","","ManualTask"
"~|Combat Achievements#Elite|~ Glough Speed-Trialist","subquest","","","","","ManualTask"
"~|Combat Achievements#Elite|~ From Dusk...","subquest","","","","","ManualTask"
"~|Combat Achievements#Elite|~ Grotesque Guardians Speed-Trialist","subquest","","","","","ManualTask"
"~|Combat Achievements#Elite|~ Perfect Grotesque Guardians","subquest","","","","","ManualTask"
"~|Combat Achievements#Elite|~ Done before Dusk","subquest","","","","","ManualTask"
"~|Combat Achievements#Elite|~ Grotesque Guardians Veteran","subquest","","","","","ManualTask"
"~|Combat Achievements#Elite|~ Hespori Speed-Trialist","subquest","","","","","ManualTask"
"~|Combat Achievements#Elite|~ Plant-Based Diet","subquest","","","","","ManualTask"
"~|Combat Achievements#Elite|~ Half-Way There","subquest","","","","","ManualTask"
"~|Combat Achievements#Elite|~ Demonic Defence","subquest","","","","","ManualTask"
"~|Combat Achievements#Elite|~ The Bane of Demons","subquest","","","","","ManualTask"
"~|Combat Achievements#Elite|~ K'ril Tsutsaroth Veteran","subquest","","","","","ManualTask"
"~|Combat Achievements#Elite|~ Prayer Smasher","subquest","","","","","ManualTask"
"~|Combat Achievements#Elite|~ Insect Deflection","subquest","","","","","ManualTask"
"~|Combat Achievements#Elite|~ Kalphite Queen Veteran","subquest","","","","","ManualTask"
"~|Combat Achievements#Elite|~ Ten-tacles","subquest","","","","","ManualTask"
"~|Combat Achievements#Elite|~ Kree'arra Veteran","subquest","","","","","ManualTask"
"~|Combat Achievements#Elite|~ Leviathan Speed-Trialist","subquest","","","","","ManualTask"
"~|Combat Achievements#Elite|~ Leviathan Adept","subquest","","","","","ManualTask"
"~|Combat Achievements#Elite|~ Mimic Veteran","subquest","","","","","ManualTask"
"~|Combat Achievements#Elite|~ High Hitter","subquest","","","","","ManualTask"
"~|Combat Achievements#Elite|~ Nex Veteran","subquest","","","","","ManualTask"
"~|Combat Achievements#Elite|~ Nex Survivors","subquest","","","","","ManualTask"
"~|Combat Achievements#Elite|~ Nightmare (5-Scale) Speed-Trialist","subquest","","","","","ManualTask"
"~|Combat Achievements#Elite|~ Nightmare (Solo) Speed-Trialist","subquest","","","","","ManualTask"
"~|Combat Achievements#Elite|~ Sleep Tight","subquest","","","","","ManualTask"
"~|Combat Achievements#Elite|~ Explosion!","subquest","","","","","ManualTask"
"~|Combat Achievements#Elite|~ Nightmare Veteran","subquest","","","","","ManualTask"
"~|Combat Achievements#Elite|~ Can't Escape","subquest","","","","","ManualTask"
"~|Combat Achievements#Elite|~ Phantom Muspah Speed-Trialist","subquest","","","","","ManualTask"
"~|Combat Achievements#Elite|~ Phantom Muspah Veteran","subquest","","","","","ManualTask"
"~|Combat Achievements#Elite|~ Versatile Drainer","subquest","","","","","ManualTask"
"~|Combat Achievements#Elite|~ Phosani's Veteran","subquest","","","","","ManualTask"
"~|Combat Achievements#Elite|~ No time to pray","subquest","","","","","ManualTask"
"~|Combat Achievements#Elite|~ Scorpia Veteran","subquest","","","","","ManualTask"
"~|Combat Achievements#Elite|~ Up for the Challenge","subquest","","","","","ManualTask"
"~|Combat Achievements#Elite|~ Demon Evasion","subquest","","","","","ManualTask"
"~|Combat Achievements#Elite|~ Perfect Hueycoatl","subquest","","","","","ManualTask"
"~|Combat Achievements#Elite|~ Hueycoatl Speed-Trialist","subquest","","","","","ManualTask"
"~|Combat Achievements#Elite|~ Hueycoatl Veteran","subquest","","","","","ManualTask"
"~|Combat Achievements#Elite|~ Theatre of Blood Veteran","subquest","","","","","ManualTask"
"~|Combat Achievements#Elite|~ Pass It On","subquest","","","","","ManualTask"
"~|Combat Achievements#Elite|~ Attack, Step, Wait","subquest","","","","","ManualTask"
"~|Combat Achievements#Elite|~ No-Pillar","subquest","","","","","ManualTask"
"~|Combat Achievements#Elite|~ Don't Look at Me!","subquest","","","","","ManualTask"
"~|Combat Achievements#Elite|~ Just To Be Safe","subquest","","","","","ManualTask"
"~|Combat Achievements#Elite|~ Nylocas, On the Rocks","subquest","","","","","ManualTask"
"~|Combat Achievements#Elite|~ Chally Time","subquest","","","","","ManualTask"
"~|Combat Achievements#Elite|~ They Won't Expect This","subquest","","","","","ManualTask"
"~|Combat Achievements#Elite|~ Appropriate Tools","subquest","","","","","ManualTask"
"~|Combat Achievements#Elite|~ Anticoagulants","subquest","","","","","ManualTask"
"~|Combat Achievements#Elite|~ Spec'd Out","subquest","","","","","ManualTask"
"~|Combat Achievements#Elite|~ Hazard Prevention","subquest","","","","","ManualTask"
"~|Combat Achievements#Elite|~ Thermonuclear Veteran","subquest","","","","","ManualTask"
"~|Combat Achievements#Elite|~ Tomb Explorer","subquest","","","","","ManualTask"
"~|Combat Achievements#Elite|~ Novice Tomb Raider","subquest","","","","","ManualTask"
"~|Combat Achievements#Elite|~ Expert Tomb Explorer","subquest","","","","","ManualTask"
"~|Combat Achievements#Elite|~ Hardcore Raiders","subquest","","","","","ManualTask"
"~|Combat Achievements#Elite|~ Hardcore Tombs","subquest","","","","","ManualTask"
"~|Combat Achievements#Elite|~ Helpful spirit who?","subquest","","","","","ManualTask"
"~|Combat Achievements#Elite|~ Dropped the ball","subquest","","","","","ManualTask"
"~|Combat Achievements#Elite|~ No skipping allowed","subquest","","","","","ManualTask"
"~|Combat Achievements#Elite|~ Down Do Specs","subquest","","","","","ManualTask"
"~|Combat Achievements#Elite|~ Perfect Het","subquest","","","","","ManualTask"
"~|Combat Achievements#Elite|~ Perfect Apmeken","subquest","","","","","ManualTask"
"~|Combat Achievements#Elite|~ Perfect Crondis","subquest","","","","","ManualTask"
"~|Combat Achievements#Elite|~ I'm in a rush","subquest","","","","","ManualTask"
"~|Combat Achievements#Elite|~ Two Times the Torment","subquest","","","","","ManualTask"
"~|Combat Achievements#Elite|~ Through Fire and Flames","subquest","","","","","ManualTask"
"~|Combat Achievements#Elite|~ Rapid Reload","subquest","","","","","ManualTask"
"~|Combat Achievements#Elite|~ Unending Torment","subquest","","","","","ManualTask"
"~|Combat Achievements#Elite|~ Facing Jad Head-on III","subquest","","","","","ManualTask"
"~|Combat Achievements#Elite|~ TzHaar-Ket-Rak's Speed-Trialist","subquest","","","","","ManualTask"
"~|Combat Achievements#Elite|~ The II Jad Challenge","subquest","","","","","ManualTask"
"~|Combat Achievements#Elite|~ Vardorvis Speed-Trialist","subquest","","","","","ManualTask"
"~|Combat Achievements#Elite|~ Vardorvis Adept","subquest","","","","","ManualTask"
"~|Combat Achievements#Elite|~ Venenatis Veteran","subquest","","","","","ManualTask"
"~|Combat Achievements#Elite|~ Vet'eran","subquest","","","","","ManualTask"
"~|Combat Achievements#Elite|~ Stick 'em With the Pointy End","subquest","","","","","ManualTask"
"~|Combat Achievements#Elite|~ Zombie Destroyer","subquest","","","","","ManualTask"
"~|Combat Achievements#Elite|~ Vorkath Veteran","subquest","","","","","ManualTask"
"~|Combat Achievements#Elite|~ Tentacular","subquest","","","","","ManualTask"
"~|Combat Achievements#Elite|~ Whisperer Speed-Trialist","subquest","","","","","ManualTask"
"~|Combat Achievements#Elite|~ Whisperer Adept","subquest","","","","","ManualTask"
"~|Combat Achievements#Elite|~ Back so soon?","subquest","","","","","ManualTask"
"~|Combat Achievements#Elite|~ Yama Speed-Trialist","subquest","","","","","ManualTask"
"~|Combat Achievements#Elite|~ Yama Adept","subquest","","","","","ManualTask"
"~|Combat Achievements#Elite|~ The Spurned Hero","subquest","","","","","ManualTask"
"~|Combat Achievements#Elite|~ Team Player","subquest","","","","","ManualTask"
"~|Combat Achievements#Elite|~ Perfect Zalcano","subquest","","","","","ManualTask"
"~|Combat Achievements#Elite|~ Zalcano Veteran","subquest","","","","","ManualTask"
"~|Combat Achievements#Elite|~ Zulrah Speed-Trialist","subquest","","","","","ManualTask"
"~|Combat Achievements#Elite|~ Snake. Snake!? Snaaaaaake!","subquest","","","","","ManualTask"
"~|Combat Achievements#Elite|~ Snake Rebound","subquest","","","","","ManualTask"
"~|Combat Achievements#Elite|~ Zulrah Veteran","subquest","","","","","ManualTask"
"~|Combat Achievements#Elite|~ Complete the Elite Diary by reaching the point threshold","quest","","","","","ManualTask"
"~|Combat Achievements#Master|~ Working Overtime","subquest","","","","","ManualTask"
"~|Combat Achievements#Master|~ Alchemical Speed-Chaser","subquest","","","","","ManualTask"
"~|Combat Achievements#Master|~ Alcleanical Hydra","subquest","","","","","ManualTask"
"~|Combat Achievements#Master|~ The Flame Skipper","subquest","","","","","ManualTask"
"~|Combat Achievements#Master|~ Mixing Correctly","subquest","","","","","ManualTask"
"~|Combat Achievements#Master|~ Don't Flame Me","subquest","","","","","ManualTask"
"~|Combat Achievements#Master|~ Lightning Lure","subquest","","","","","ManualTask"
"~|Combat Achievements#Master|~ Unrequired Antipoisons","subquest","","","","","ManualTask"
"~|Combat Achievements#Master|~ Alchemical Master","subquest","","","","","ManualTask"
"~|Combat Achievements#Master|~ Araxyte Betrayal","subquest","","","","","ManualTask"
"~|Combat Achievements#Master|~ Perfect Araxxor","subquest","","","","","ManualTask"
"~|Combat Achievements#Master|~ Araxxor Master","subquest","","","","","ManualTask"
"~|Combat Achievements#Master|~ Let it seep in","subquest","","","","","ManualTask"
"~|Combat Achievements#Master|~ Arachnid Lover","subquest","","","","","ManualTask"
"~|Combat Achievements#Master|~ Araxxor Speed-Chaser","subquest","","","","","ManualTask"
"~|Combat Achievements#Master|~ Arooo No More","subquest","","","","","ManualTask"
"~|Combat Achievements#Master|~ Cerberus Master","subquest","","","","","ManualTask"
"~|Combat Achievements#Master|~ Chambers of Xeric (Trio) Speed-Chaser","subquest","","","","","ManualTask"
"~|Combat Achievements#Master|~ Chambers of Xeric (5-Scale) Speed-Chaser","subquest","","","","","ManualTask"
"~|Combat Achievements#Master|~ Chambers of Xeric (Solo) Speed-Chaser","subquest","","","","","ManualTask"
"~|Combat Achievements#Master|~ Blind Spot","subquest","","","","","ManualTask"
"~|Combat Achievements#Master|~ Perfect Olm (Trio)","subquest","","","","","ManualTask"
"~|Combat Achievements#Master|~ Perfect Olm (Solo)","subquest","","","","","ManualTask"
"~|Combat Achievements#Master|~ Playing with Lasers","subquest","","","","","ManualTask"
"~|Combat Achievements#Master|~ Undying Raider","subquest","","","","","ManualTask"
"~|Combat Achievements#Master|~ Anvil No More","subquest","","","","","ManualTask"
"~|Combat Achievements#Master|~ Stop Drop and Roll","subquest","","","","","ManualTask"
"~|Combat Achievements#Master|~ A Not So Special Lizard","subquest","","","","","ManualTask"
"~|Combat Achievements#Master|~ Putting It Olm on the Line","subquest","","","","","ManualTask"
"~|Combat Achievements#Master|~ No Time for Death","subquest","","","","","ManualTask"
"~|Combat Achievements#Master|~ Chambers of Xeric Master","subquest","","","","","ManualTask"
"~|Combat Achievements#Master|~ Chambers of Xeric: CM (Trio) Speed-Chaser","subquest","","","","","ManualTask"
"~|Combat Achievements#Master|~ Chambers of Xeric: CM (5-Scale) Speed-Chaser","subquest","","","","","ManualTask"
"~|Combat Achievements#Master|~ Chambers of Xeric: CM (Solo) Speed-Chaser","subquest","","","","","ManualTask"
"~|Combat Achievements#Master|~ Immortal Raider","subquest","","","","","ManualTask"
"~|Combat Achievements#Master|~ Immortal Raid Team","subquest","","","","","ManualTask"
"~|Combat Achievements#Master|~ Chambers of Xeric: CM Master","subquest","","","","","ManualTask"
"~|Combat Achievements#Master|~ Moving Collateral","subquest","","","","","ManualTask"
"~|Combat Achievements#Master|~ Corporeal Beast Master","subquest","","","","","ManualTask"
"~|Combat Achievements#Master|~ Corrupted Gauntlet Speed-Chaser","subquest","","","","","ManualTask"
"~|Combat Achievements#Master|~ Corrupted Warrior","subquest","","","","","ManualTask"
"~|Combat Achievements#Master|~ Defence Doesn't Matter II","subquest","","","","","ManualTask"
"~|Combat Achievements#Master|~ Perfect Corrupted Hunllef","subquest","","","","","ManualTask"
"~|Combat Achievements#Master|~ Corrupted Gauntlet Master","subquest","","","","","ManualTask"
"~|Combat Achievements#Master|~ Fight Caves Speed-Chaser","subquest","","","","","ManualTask"
"~|Combat Achievements#Master|~ You Didn't Say Anything About a Bat","subquest","","","","","ManualTask"
"~|Combat Achievements#Master|~ Denying the Healers","subquest","","","","","ManualTask"
"~|Combat Achievements#Master|~ Fight Caves Master","subquest","","","","","ManualTask"
"~|Combat Achievements#Master|~ One-off","subquest","","","","","ManualTask"
"~|Combat Achievements#Master|~ Showboating","subquest","","","","","ManualTask"
"~|Combat Achievements#Master|~ I Brought Mine Too","subquest","","","","","ManualTask"
"~|Combat Achievements#Master|~ Sportsmanship","subquest","","","","","ManualTask"
"~|Combat Achievements#Master|~ Colosseum Speed-Chaser","subquest","","","","","ManualTask"
"~|Combat Achievements#Master|~ Gauntlet Speed-Chaser","subquest","","","","","ManualTask"
"~|Combat Achievements#Master|~ Defence Doesn't Matter","subquest","","","","","ManualTask"
"~|Combat Achievements#Master|~ Perfect Crystalline Hunllef","subquest","","","","","ManualTask"
"~|Combat Achievements#Master|~ Gauntlet Master","subquest","","","","","ManualTask"
"~|Combat Achievements#Master|~ Perfect Duke Sucellus","subquest","","","","","ManualTask"
"~|Combat Achievements#Master|~ Duke Sucellus Speed-Chaser","subquest","","","","","ManualTask"
"~|Combat Achievements#Master|~ Cold Feet","subquest","","","","","ManualTask"
"~|Combat Achievements#Master|~ Duke Sucellus Master","subquest","","","","","ManualTask"
"~|Combat Achievements#Master|~ ... 'til Dawn","subquest","","","","","ManualTask"
"~|Combat Achievements#Master|~ Grotesque Guardians Speed-Chaser","subquest","","","","","ManualTask"
"~|Combat Achievements#Master|~ Perfect Grotesque Guardians II","subquest","","","","","ManualTask"
"~|Combat Achievements#Master|~ Hespori Speed-Chaser","subquest","","","","","ManualTask"
"~|Combat Achievements#Master|~ Nibblers, Begone!","subquest","","","","","ManualTask"
"~|Combat Achievements#Master|~ One Hundred Tentacles","subquest","","","","","ManualTask"
"~|Combat Achievements#Master|~ Swoop No More","subquest","","","","","ManualTask"
"~|Combat Achievements#Master|~ Collateral Damage","subquest","","","","","ManualTask"
"~|Combat Achievements#Master|~ Leviathan Speed-Chaser","subquest","","","","","ManualTask"
"~|Combat Achievements#Master|~ Perfect Leviathan","subquest","","","","","ManualTask"
"~|Combat Achievements#Master|~ Serpentine Solo","subquest","","","","","ManualTask"
"~|Combat Achievements#Master|~ Leviathan Master","subquest","","","","","ManualTask"
"~|Combat Achievements#Master|~ Nex Master","subquest","","","","","ManualTask"
"~|Combat Achievements#Master|~ A siphon will solve this","subquest","","","","","ManualTask"
"~|Combat Achievements#Master|~ Contain this!","subquest","","","","","ManualTask"
"~|Combat Achievements#Master|~ There is no escape!","subquest","","","","","ManualTask"
"~|Combat Achievements#Master|~ Nex Trio","subquest","","","","","ManualTask"
"~|Combat Achievements#Master|~ Shadows Move...","subquest","","","","","ManualTask"
"~|Combat Achievements#Master|~ Nightmare (5-Scale) Speed-Chaser","subquest","","","","","ManualTask"
"~|Combat Achievements#Master|~ Nightmare (Solo) Speed-Chaser","subquest","","","","","ManualTask"
"~|Combat Achievements#Master|~ Perfect Nightmare","subquest","","","","","ManualTask"
"~|Combat Achievements#Master|~ Nightmare Master","subquest","","","","","ManualTask"
"~|Combat Achievements#Master|~ Space is Tight","subquest","","","","","ManualTask"
"~|Combat Achievements#Master|~ Phantom Muspah Speed-Chaser","subquest","","","","","ManualTask"
"~|Combat Achievements#Master|~ Walk Straight Pray True","subquest","","","","","ManualTask"
"~|Combat Achievements#Master|~ Essence Farmer","subquest","","","","","ManualTask"
"~|Combat Achievements#Master|~ Phantom Muspah Master","subquest","","","","","ManualTask"
"~|Combat Achievements#Master|~ More than just a ranged weapon","subquest","","","","","ManualTask"
"~|Combat Achievements#Master|~ Phosani's Master","subquest","","","","","ManualTask"
"~|Combat Achievements#Master|~ Crush Hour","subquest","","","","","ManualTask"
"~|Combat Achievements#Master|~ I Would Simply React","subquest","","","","","ManualTask"
"~|Combat Achievements#Master|~ Dreamland Express","subquest","","","","","ManualTask"
"~|Combat Achievements#Master|~ Phosani's Speedchaser","subquest","","","","","ManualTask"
"~|Combat Achievements#Master|~ Precise Positioning","subquest","","","","","ManualTask"
"~|Combat Achievements#Master|~ Is it a bird?","subquest","","","","","ManualTask"
"~|Combat Achievements#Master|~ Hueycoatl Speed-Chaser","subquest","","","","","ManualTask"
"~|Combat Achievements#Master|~ Theatre (5-Scale) Speed-Chaser","subquest","","","","","ManualTask"
"~|Combat Achievements#Master|~ Theatre (4-Scale) Speed-Chaser","subquest","","","","","ManualTask"
"~|Combat Achievements#Master|~ Theatre (Trio) Speed-Chaser","subquest","","","","","ManualTask"
"~|Combat Achievements#Master|~ Back in My Day...","subquest","","","","","ManualTask"
"~|Combat Achievements#Master|~ Can You Dance?","subquest","","","","","ManualTask"
"~|Combat Achievements#Master|~ Can't Drain This","subquest","","","","","ManualTask"
"~|Combat Achievements#Master|~ Perfect Verzik","subquest","","","","","ManualTask"
"~|Combat Achievements#Master|~ Perfect Xarpus","subquest","","","","","ManualTask"
"~|Combat Achievements#Master|~ Perfect Sotesteg","subquest","","","","","ManualTask"
"~|Combat Achievements#Master|~ Perfect Nylocas","subquest","","","","","ManualTask"
"~|Combat Achievements#Master|~ Perfect Bloat","subquest","","","","","ManualTask"
"~|Combat Achievements#Master|~ Perfect Maiden","subquest","","","","","ManualTask"
"~|Combat Achievements#Master|~ A Timely Snack","subquest","","","","","ManualTask"
"~|Combat Achievements#Master|~ Pop It","subquest","","","","","ManualTask"
"~|Combat Achievements#Master|~ Two-Down","subquest","","","","","ManualTask"
"~|Combat Achievements#Master|~ Theatre of Blood Master","subquest","","","","","ManualTask"
"~|Combat Achievements#Master|~ Hard Mode? Completed It","quest","","","","","ManualTask"
"~|Combat Achievements#Master|~ Theatre of Blood: SM Speed-Chaser","subquest","","","","","ManualTask"
"~|Combat Achievements#Master|~ You are not prepared","subquest","","","","","ManualTask"
"~|Combat Achievements#Master|~ Tomb Looter","subquest","","","","","ManualTask"
"~|Combat Achievements#Master|~ Tombs Speed Runner","subquest","","","","","ManualTask"
"~|Combat Achievements#Master|~ Something of an expert myself","subquest","","","","","ManualTask"
"~|Combat Achievements#Master|~ Expert Tomb Looter","subquest","","","","","ManualTask"
"~|Combat Achievements#Master|~ Ba-Bananza","subquest","","","","","ManualTask"
"~|Combat Achievements#Master|~ Rockin' around the croc","subquest","","","","","ManualTask"
"~|Combat Achievements#Master|~ Doesn't bug me","subquest","","","","","ManualTask"
"~|Combat Achievements#Master|~ All out of medics","subquest","","","","","ManualTask"
"~|Combat Achievements#Master|~ Better get movin'","subquest","","","","","ManualTask"
"~|Combat Achievements#Master|~ Warden't you believe it","subquest","","","","","ManualTask"
"~|Combat Achievements#Master|~ Resourceful Raider","subquest","","","","","ManualTask"
"~|Combat Achievements#Master|~ But... Damage","subquest","","","","","ManualTask"
"~|Combat Achievements#Master|~ Chompington","subquest","","","","","ManualTask"
"~|Combat Achievements#Master|~ Fancy feet","subquest","","","","","ManualTask"
"~|Combat Achievements#Master|~ Perfect Akkha","subquest","","","","","ManualTask"
"~|Combat Achievements#Master|~ Perfect Ba-Ba","subquest","","","","","ManualTask"
"~|Combat Achievements#Master|~ Perfect Zebak","subquest","","","","","ManualTask"
"~|Combat Achievements#Master|~ Perfect Scabaras","subquest","","","","","ManualTask"
"~|Combat Achievements#Master|~ Perfect Kephri","subquest","","","","","ManualTask"
"~|Combat Achievements#Master|~ Perfect Wardens","subquest","","","","","ManualTask"
"~|Combat Achievements#Master|~ Tomb Raider","subquest","","","","","ManualTask"
"~|Combat Achievements#Master|~ Three Times the Thrashing","subquest","","","","","ManualTask"
"~|Combat Achievements#Master|~ Multi-Style Specialist","subquest","","","","","ManualTask"
"~|Combat Achievements#Master|~ Supplies? Who Needs 'em?","subquest","","","","","ManualTask"
"~|Combat Achievements#Master|~ Facing Jad Head-on IV","subquest","","","","","ManualTask"
"~|Combat Achievements#Master|~ TzHaar-Ket-Rak's Speed-Chaser","subquest","","","","","ManualTask"
"~|Combat Achievements#Master|~ The IV Jad Challenge","subquest","","","","","ManualTask"
"~|Combat Achievements#Master|~ Vardorvis Speed-Chaser","subquest","","","","","ManualTask"
"~|Combat Achievements#Master|~ Perfect Vardorvis","subquest","","","","","ManualTask"
"~|Combat Achievements#Master|~ Vardorvis Master","subquest","","","","","ManualTask"
"~|Combat Achievements#Master|~ Budget Cutter","subquest","","","","","ManualTask"
"~|Combat Achievements#Master|~ Extended Encounter","subquest","","","","","ManualTask"
"~|Combat Achievements#Master|~ Vorkath Speed-Chaser","subquest","","","","","ManualTask"
"~|Combat Achievements#Master|~ Dodging the Dragon","subquest","","","","","ManualTask"
"~|Combat Achievements#Master|~ The Walk","subquest","","","","","ManualTask"
"~|Combat Achievements#Master|~ Vorkath Master","subquest","","","","","ManualTask"
"~|Combat Achievements#Master|~ Zulrah Speed-Chaser","subquest","","","","","ManualTask"
"~|Combat Achievements#Master|~ Whisperer Speed-Chaser","subquest","","","","","ManualTask"
"~|Combat Achievements#Master|~ Whisperer Master","subquest","","","","","ManualTask"
"~|Combat Achievements#Master|~ Perfect Whisperer","subquest","","","","","ManualTask"
"~|Combat Achievements#Master|~ Yama Speed-Chaser","subquest","","","","","ManualTask"
"~|Combat Achievements#Master|~ No toppings, no drinks, thanks","subquest","","","","","ManualTask"
"~|Combat Achievements#Master|~ Shadow dancer","subquest","","","","","ManualTask"
"~|Combat Achievements#Master|~ Yama Veteran","subquest","","","","","ManualTask"
"~|Combat Achievements#Master|~ Fire fighter","subquest","","","","","ManualTask"
"~|Combat Achievements#Master|~ Perfect Zulrah","subquest","","","","","ManualTask"
"~|Combat Achievements#Master|~ Zulrah Master","subquest","","","","","ManualTask"
"~|Combat Achievements#Master|~ Complete the Master Diary by reaching the point threshold","quest","","","","","ManualTask"
"~|Combat Achievements#Grandmaster|~ Alchemical Speed-Runner","subquest","","","","","ManualTask"
"~|Combat Achievements#Grandmaster|~ No Pressure","subquest","","","","","ManualTask"
"~|Combat Achievements#Grandmaster|~ Perfect Araxxor 2","subquest","","","","","ManualTask"
"~|Combat Achievements#Grandmaster|~ Araxxor Speed-Runner","subquest","","","","","ManualTask"
"~|Combat Achievements#Grandmaster|~ Swimming in Venom","subquest","","","","","ManualTask"
"~|Combat Achievements#Grandmaster|~ Chambers of Xeric (Trio) Speed-Runner","subquest","","","","","ManualTask"
"~|Combat Achievements#Grandmaster|~ Chambers of Xeric (5-Scale) Speed-Runner","subquest","","","","","ManualTask"
"~|Combat Achievements#Grandmaster|~ Chambers of Xeric (Solo) Speed-Runner","subquest","","","","","ManualTask"
"~|Combat Achievements#Grandmaster|~ Chambers of Xeric Grandmaster","subquest","","","","","ManualTask"
"~|Combat Achievements#Grandmaster|~ Chambers of Xeric: CM (Trio) Speed-Runner","subquest","","","","","ManualTask"
"~|Combat Achievements#Grandmaster|~ Chambers of Xeric: CM (5-Scale) Speed-Runner","subquest","","","","","ManualTask"
"~|Combat Achievements#Grandmaster|~ Chambers of Xeric: CM (Solo) Speed-Runner","subquest","","","","","ManualTask"
"~|Combat Achievements#Grandmaster|~ Chambers of Xeric: CM Grandmaster","subquest","","","","","ManualTask"
"~|Combat Achievements#Grandmaster|~ Peach Conjurer","subquest","","","","","ManualTask"
"~|Combat Achievements#Grandmaster|~ Animal Whisperer","subquest","","","","","ManualTask"
"~|Combat Achievements#Grandmaster|~ Colosseum Speed-Runner","subquest","","","","","ManualTask"
"~|Combat Achievements#Grandmaster|~ Slow Dancing in the Sand","subquest","","","","","ManualTask"
"~|Combat Achievements#Grandmaster|~ Reinforcements","subquest","","","","","ManualTask"
"~|Combat Achievements#Grandmaster|~ Perfect Footwork","subquest","","","","","ManualTask"
"~|Combat Achievements#Grandmaster|~ Colosseum Grand Champion","subquest","","","","","ManualTask"
"~|Combat Achievements#Grandmaster|~ Corrupted Gauntlet Speed-Runner","subquest","","","","","ManualTask"
"~|Combat Achievements#Grandmaster|~ Wolf Puncher II","subquest","","","","","ManualTask"
"~|Combat Achievements#Grandmaster|~ Egniol Diet II","subquest","","","","","ManualTask"
"~|Combat Achievements#Grandmaster|~ Corrupted Gauntlet Grandmaster","subquest","","","","","ManualTask"
"~|Combat Achievements#Grandmaster|~ Duke Sucellus Sleeper","subquest","","","","","ManualTask"
"~|Combat Achievements#Grandmaster|~ Mirror Image","subquest","","","","","ManualTask"
"~|Combat Achievements#Grandmaster|~ Duke Sucellus Speed-Runner","subquest","","","","","ManualTask"
"~|Combat Achievements#Grandmaster|~ Fight Caves Speed-Runner","subquest","","","","","ManualTask"
"~|Combat Achievements#Grandmaster|~ No Time for a Drink","subquest","","","","","ManualTask"
"~|Combat Achievements#Grandmaster|~ Denying the Healers II","subquest","","","","","ManualTask"
"~|Combat Achievements#Grandmaster|~ Gauntlet Speed-Runner","subquest","","","","","ManualTask"
"~|Combat Achievements#Grandmaster|~ Ourg Killer","subquest","","","","","ManualTask"
"~|Combat Achievements#Grandmaster|~ Keep Away","subquest","","","","","ManualTask"
"~|Combat Achievements#Grandmaster|~ Defence Matters","subquest","","","","","ManualTask"
"~|Combat Achievements#Grandmaster|~ Grotesque Guardians Speed-Runner","subquest","","","","","ManualTask"
"~|Combat Achievements#Grandmaster|~ Inferno Speed-Runner","subquest","","","","","ManualTask"
"~|Combat Achievements#Grandmaster|~ Jad? What Are You Doing Here?","subquest","","","","","ManualTask"
"~|Combat Achievements#Grandmaster|~ Facing Jad Head-on II","subquest","","","","","ManualTask"
"~|Combat Achievements#Grandmaster|~ Nibbler Chaser","subquest","","","","","ManualTask"
"~|Combat Achievements#Grandmaster|~ Budget Setup","subquest","","","","","ManualTask"
"~|Combat Achievements#Grandmaster|~ Wasn't Even Close","subquest","","","","","ManualTask"
"~|Combat Achievements#Grandmaster|~ No Luck Required","subquest","","","","","ManualTask"
"~|Combat Achievements#Grandmaster|~ Playing with Jads","subquest","","","","","ManualTask"
"~|Combat Achievements#Grandmaster|~ The Floor Is Lava","subquest","","","","","ManualTask"
"~|Combat Achievements#Grandmaster|~ Inferno Grandmaster","subquest","","","","","ManualTask"
"~|Combat Achievements#Grandmaster|~ Ash Collector","subquest","","","","","ManualTask"
"~|Combat Achievements#Grandmaster|~ Demon Whisperer","subquest","","","","","ManualTask"
"~|Combat Achievements#Grandmaster|~ Feather Hunter","subquest","","","","","ManualTask"
"~|Combat Achievements#Grandmaster|~ The Worst Ranged Weapon","subquest","","","","","ManualTask"
"~|Combat Achievements#Grandmaster|~ Unconventional","subquest","","","","","ManualTask"
"~|Combat Achievements#Grandmaster|~ Leviathan Speed-Runner","subquest","","","","","ManualTask"
"~|Combat Achievements#Grandmaster|~ Leviathan Sleeper","subquest","","","","","ManualTask"
"~|Combat Achievements#Grandmaster|~ Nex Duo","subquest","","","","","ManualTask"
"~|Combat Achievements#Grandmaster|~ I should see a doctor","subquest","","","","","ManualTask"
"~|Combat Achievements#Grandmaster|~ Perfect Nex","subquest","","","","","ManualTask"
"~|Combat Achievements#Grandmaster|~ Nightmare (5-Scale) Speed-Runner","subquest","","","","","ManualTask"
"~|Combat Achievements#Grandmaster|~ Nightmare (Solo) Speed-Runner","subquest","","","","","ManualTask"
"~|Combat Achievements#Grandmaster|~ A Long Trip","subquest","","","","","ManualTask"
"~|Combat Achievements#Grandmaster|~ Terrible Parent","subquest","","","","","ManualTask"
"~|Combat Achievements#Grandmaster|~ Phantom Muspah Manipulator","subquest","","","","","ManualTask"
"~|Combat Achievements#Grandmaster|~ Phantom Muspah Speed-Runner","subquest","","","","","ManualTask"
"~|Combat Achievements#Grandmaster|~ Phosani's Grandmaster","subquest","","","","","ManualTask"
"~|Combat Achievements#Grandmaster|~ Perfect Phosani's Nightmare","subquest","","","","","ManualTask"
"~|Combat Achievements#Grandmaster|~ Can't Wake Up","subquest","","","","","ManualTask"
"~|Combat Achievements#Grandmaster|~ Phosani's Speedrunner","subquest","","","","","ManualTask"
"~|Combat Achievements#Grandmaster|~ Hueycoatl Speed-Runner","subquest","","","","","ManualTask"
"~|Combat Achievements#Grandmaster|~ Theatre (5-Scale) Speed-Runner","subquest","","","","","ManualTask"
"~|Combat Achievements#Grandmaster|~ Theatre (4-Scale) Speed-Runner","subquest","","","","","ManualTask"
"~|Combat Achievements#Grandmaster|~ Theatre (Trio) Speed-Runner","subquest","","","","","ManualTask"
"~|Combat Achievements#Grandmaster|~ Theatre (Duo) Speed-Runner","subquest","","","","","ManualTask"
"~|Combat Achievements#Grandmaster|~ Morytania Only","subquest","","","","","ManualTask"
"~|Combat Achievements#Grandmaster|~ Perfect Theatre","subquest","","","","","ManualTask"
"~|Combat Achievements#Grandmaster|~ Theatre of Blood Grandmaster","subquest","","","","","ManualTask"
"~|Combat Achievements#Grandmaster|~ Theatre of Blood: HM Grandmaster","subquest","","","","","ManualTask"
"~|Combat Achievements#Grandmaster|~ Theatre: HM (5-Scale) Speed-Runner","subquest","","","","","ManualTask"
"~|Combat Achievements#Grandmaster|~ Theatre: HM (4-Scale) Speed-Runner","subquest","","","","","ManualTask"
"~|Combat Achievements#Grandmaster|~ Theatre: HM (Trio) Speed-Runner","subquest","","","","","ManualTask"
"~|Combat Achievements#Grandmaster|~ Pack Like a Yak","subquest","","","","","ManualTask"
"~|Combat Achievements#Grandmaster|~ Harder Mode III","subquest","","","","","ManualTask"
"~|Combat Achievements#Grandmaster|~ Team Work Makes the Dream Work","subquest","","","","","ManualTask"
"~|Combat Achievements#Grandmaster|~ Nylo Sniper","subquest","","","","","ManualTask"
"~|Combat Achievements#Grandmaster|~ Harder Mode II","subquest","","","","","ManualTask"
"~|Combat Achievements#Grandmaster|~ Harder Mode I","subquest","","","","","ManualTask"
"~|Combat Achievements#Grandmaster|~ Royal Affairs","subquest","","","","","ManualTask"
"~|Combat Achievements#Grandmaster|~ Personal Space","subquest","","","","","ManualTask"
"~|Combat Achievements#Grandmaster|~ Stop Right There!","subquest","","","","","ManualTask"
"~|Combat Achievements#Grandmaster|~ Tombs Speed Runner II","subquest","","","","","ManualTask"
"~|Combat Achievements#Grandmaster|~ Tombs Speed Runner III","subquest","","","","","ManualTask"
"~|Combat Achievements#Grandmaster|~ Amascut's Remnant","subquest","","","","","ManualTask"
"~|Combat Achievements#Grandmaster|~ Maybe I'm the boss.","subquest","","","","","ManualTask"
"~|Combat Achievements#Grandmaster|~ Expert Tomb Raider","subquest","","","","","ManualTask"
"~|Combat Achievements#Grandmaster|~ Akkhan't Do it","subquest","","","","","ManualTask"
"~|Combat Achievements#Grandmaster|~ All Praise Zebak","subquest","","","","","ManualTask"
"~|Combat Achievements#Grandmaster|~ Perfection of Het","subquest","","","","","ManualTask"
"~|Combat Achievements#Grandmaster|~ Perfection of Apmeken","subquest","","","","","ManualTask"
"~|Combat Achievements#Grandmaster|~ Perfection of Crondis","subquest","","","","","ManualTask"
"~|Combat Achievements#Grandmaster|~ Perfection of Scabaras","subquest","","","","","ManualTask"
"~|Combat Achievements#Grandmaster|~ Insanity","subquest","","","","","ManualTask"
"~|Combat Achievements#Grandmaster|~ It Wasn't a Fluke","subquest","","","","","ManualTask"
"~|Combat Achievements#Grandmaster|~ TzHaar-Ket-Rak's Speed-Runner","subquest","","","","","ManualTask"
"~|Combat Achievements#Grandmaster|~ The VI Jad Challenge","subquest","","","","","ManualTask"
"~|Combat Achievements#Grandmaster|~ Vardorvis Sleeper","subquest","","","","","ManualTask"
"~|Combat Achievements#Grandmaster|~ Axe Enthusiast","subquest","","","","","ManualTask"
"~|Combat Achievements#Grandmaster|~ Vardorvis Speed-Runner","subquest","","","","","ManualTask"
"~|Combat Achievements#Grandmaster|~ Vorkath Speed-Runner","subquest","","","","","ManualTask"
"~|Combat Achievements#Grandmaster|~ The Fremennik Way","subquest","","","","","ManualTask"
"~|Combat Achievements#Grandmaster|~ Faithless Encounter","subquest","","","","","ManualTask"
"~|Combat Achievements#Grandmaster|~ Whisperer Speed-Runner","subquest","","","","","ManualTask"
"~|Combat Achievements#Grandmaster|~ Whispered","subquest","","","","","ManualTask"
"~|Combat Achievements#Grandmaster|~ Dark Memories","subquest","","","","","ManualTask"
"~|Combat Achievements#Grandmaster|~ Yama Speed-Runner","subquest","","","","","ManualTask"
"~|Combat Achievements#Grandmaster|~ Contract Choreographer","subquest","","","","","ManualTask"
"~|Combat Achievements#Grandmaster|~ Contractually Unbound","subquest","","","","","ManualTask"
"~|Combat Achievements#Grandmaster|~ Zulrah Speed-Runner","subquest","","","","","ManualTask"
"~|Combat Achievements#Grandmaster|~ Complete the Grandmaster Diary by reaching the point threshold","quest","","","","","ManualTask"
"~|Below Ice Mountain|~ 1","subquest","","","","","ManualTask"
"~|Below Ice Mountain|~ 2a","subquest","","","","","ManualTask"
"~|Below Ice Mountain|~ 2b","subquest","","","","","ManualTask"
"~|Below Ice Mountain|~ 2c1","subquest","","","","","ManualTask"
"~|Below Ice Mountain|~ 2c2","subquest","","","","","ManualTask"
"~|Below Ice Mountain|~ 2c3","subquest","","","","","ManualTask"
"~|Below Ice Mountain|~ 2c4","subquest","","","","","ManualTask"
"~|Below Ice Mountain|~ 3","subquest","","","","","ManualTask"
"~|Below Ice Mountain|~ 4","subquest","","","","","ManualTask"
"Quest: Below Ice Mountain","quest","","","","","QuestTask"
"~|Black Knights' Fortress|~ 1","subquest","","","","","ManualTask"
"~|Black Knights' Fortress|~ 2","subquest","","","","","ManualTask"
"~|Black Knights' Fortress|~ 3","subquest","","","","","ManualTask"
"Quest: Black Knights' Fortress","quest","","","","","QuestTask"
"~|Cook's Assistant|~ 1","subquest","","","","","ManualTask"
"~|Cook's Assistant|~ 2a","subquest","","","","","ManualTask"
"~|Cook's Assistant|~ 2b","subquest","","","","","ManualTask"
"~|Cook's Assistant|~ 2c","subquest","","","","","ManualTask"
"~|Cook's Assistant|~ 3","subquest","","","","","ManualTask"
"Quest: Cook's Assistant","quest","","","","","QuestTask"
"~|The Corsair Curse|~ 1","subquest","","","","","ManualTask"
"~|The Corsair Curse|~ 2","subquest","","","","","ManualTask"
"~|The Corsair Curse|~ 3","subquest","","","","","ManualTask"
"~|The Corsair Curse|~ 4a1","subquest","","","","","ManualTask"
"~|The Corsair Curse|~ 4a2","subquest","","","","","ManualTask"
"~|The Corsair Curse|~ 4a3","subquest","","","","","ManualTask"
"~|The Corsair Curse|~ 4b","subquest","","","","","ManualTask"
"~|The Corsair Curse|~ 4c1","subquest","","","","","ManualTask"
"~|The Corsair Curse|~ 4c2","subquest","","","","","ManualTask"
"~|The Corsair Curse|~ 4c3","subquest","","","","","ManualTask"
"~|The Corsair Curse|~ 5","subquest","","","","","ManualTask"
"~|The Corsair Curse|~ 6","subquest","","","","","ManualTask"
"~|The Corsair Curse|~ 7","subquest","","","","","ManualTask"
"~|The Corsair Curse|~ 8","subquest","","","","","ManualTask"
"~|The Corsair Curse|~ 9","subquest","","","","","ManualTask"
"Quest: The Corsair Curse","quest","","","","","QuestTask"
"~|Demon Slayer|~ 1","subquest","","","","","ManualTask"
"~|Demon Slayer|~ 2","subquest","","","","","ManualTask"
"~|Demon Slayer|~ 3a","subquest","","","","","ManualTask"
"~|Demon Slayer|~ 3b","subquest","","","","","ManualTask"
"~|Demon Slayer|~ 4","subquest","","","","","ManualTask"
"~|Demon Slayer|~ 5","subquest","","","","","ManualTask"
"Quest: Demon Slayer","quest","","","","","QuestTask"
"~|Doric's Quest|~ 1","subquest","","","","","ManualTask"
"~|Doric's Quest|~ 2","subquest","","","","","ManualTask"
"Quest: Doric's Quest","quest","","","","","QuestTask"
"~|Dragon Slayer I|~ 1","subquest","","","","","ManualTask"
"~|Dragon Slayer I|~ 2","subquest","","","","","ManualTask"
"~|Dragon Slayer I|~ 3","subquest","","","","","ManualTask"
"~|Dragon Slayer I|~ 4","subquest","","","","","ManualTask"
"~|Dragon Slayer I|~ 5a1","subquest","","","","","ManualTask"
"~|Dragon Slayer I|~ 5a2","subquest","","","","","ManualTask"
"~|Dragon Slayer I|~ 5b1","subquest","","","","","ManualTask"
"~|Dragon Slayer I|~ 5b2","subquest","","","","","ManualTask"
"~|Dragon Slayer I|~ 5c","subquest","","","","","ManualTask"
"~|Dragon Slayer I|~ 5d1","subquest","","","","","ManualTask"
"~|Dragon Slayer I|~ 5d2","subquest","","","","","ManualTask"
"~|Dragon Slayer I|~ 6","subquest","","","","","ManualTask"
"~|Dragon Slayer I|~ 7","subquest","","","","","ManualTask"
"~|Dragon Slayer I|~ 8","subquest","","","","","ManualTask"
"~|Dragon Slayer I|~ 9","subquest","","","","","ManualTask"
"~|Dragon Slayer I|~ 10","subquest","","","","","ManualTask"
"Quest: Dragon Slayer I","quest","","","","","QuestTask"
"~|Ernest the Chicken|~ 1","subquest","","","","","ManualTask"
"~|Ernest the Chicken|~ 2a","subquest","","","","","ManualTask"
"~|Ernest the Chicken|~ 2b","subquest","","","","","ManualTask"
"~|Ernest the Chicken|~ 3","subquest","","","","","ManualTask"
"Quest: Ernest the Chicken","quest","","","","","QuestTask"
"~|Goblin Diplomacy|~ 1","subquest","","","","","ManualTask"
"~|Goblin Diplomacy|~ 2","subquest","","","","","ManualTask"
"~|Goblin Diplomacy|~ 3","subquest","","","","","ManualTask"
"~|Goblin Diplomacy|~ 4","subquest","","","","","ManualTask"
"Quest: Goblin Diplomacy","quest","","","","","QuestTask"
"~|Imp Catcher|~ 1","subquest","","","","","ManualTask"
"~|Imp Catcher|~ 2","subquest","","","","","ManualTask"
"Quest: Imp Catcher","quest","","","","","QuestTask"
"~|The Knight's Sword|~ 1","subquest","","","","","ManualTask"
"~|The Knight's Sword|~ 2","subquest","","","","","ManualTask"
"~|The Knight's Sword|~ 3","subquest","","","","","ManualTask"
"~|The Knight's Sword|~ 4","subquest","","","","","ManualTask"
"~|The Knight's Sword|~ 5","subquest","","","","","ManualTask"
"~|The Knight's Sword|~ 6","subquest","","","","","ManualTask"
"~|The Knight's Sword|~ 7","subquest","","","","","ManualTask"
"~|The Knight's Sword|~ 8","subquest","","","","","ManualTask"
"Quest: The Knight's Sword","quest","","","","","QuestTask"
"~|Misthalin Mystery|~ 1","subquest","","","","","ManualTask"
"Quest: Misthalin Mystery","quest","","","","","QuestTask"
"~|Pirate's Treasure|~ 1","subquest","","","","","ManualTask"
"~|Pirate's Treasure|~ 2","subquest","","","","","ManualTask"
"~|Pirate's Treasure|~ 3","subquest","","","","","ManualTask"
"~|Pirate's Treasure|~ 4","subquest","","","","","ManualTask"
"~|Pirate's Treasure|~ 5","subquest","","","","","ManualTask"
"Quest: Pirate's Treasure","quest","","","","","QuestTask"
"~|Prince Ali Rescue|~ 1","subquest","","","","","ManualTask"
"~|Prince Ali Rescue|~ 2","subquest","","","","","ManualTask"
"~|Prince Ali Rescue|~ 3a1","subquest","","","","","ManualTask"
"~|Prince Ali Rescue|~ 3a2","subquest","","","","","ManualTask"
"~|Prince Ali Rescue|~ 3b","subquest","","","","","ManualTask"
"~|Prince Ali Rescue|~ 3c","subquest","","","","","ManualTask"
"~|Prince Ali Rescue|~ 3d1","subquest","","","","","ManualTask"
"~|Prince Ali Rescue|~ 3d2","subquest","","","","","ManualTask"
"~|Prince Ali Rescue|~ 4","subquest","","","","","ManualTask"
"~|Prince Ali Rescue|~ 5","subquest","","","","","ManualTask"
"~|Prince Ali Rescue|~ 6","subquest","","","","","ManualTask"
"~|Prince Ali Rescue|~ 7","subquest","","","","","ManualTask"
"Quest: Prince Ali Rescue","quest","","","","","QuestTask"
"~|The Restless Ghost|~ 1","subquest","","","","","ManualTask"
"~|The Restless Ghost|~ 2","subquest","","","","","ManualTask"
"~|The Restless Ghost|~ 3","subquest","","","","","ManualTask"
"~|The Restless Ghost|~ 4","subquest","","","","","ManualTask"
"~|The Restless Ghost|~ 5","subquest","","","","","ManualTask"
"Quest: The Restless Ghost","quest","","","","","QuestTask"
"~|Romeo & Juliet|~ 1","subquest","","","","","ManualTask"
"~|Romeo & Juliet|~ 2","subquest","","","","","ManualTask"
"~|Romeo & Juliet|~ 3","subquest","","","","","ManualTask"
"~|Romeo & Juliet|~ 4","subquest","","","","","ManualTask"
"~|Romeo & Juliet|~ 5","subquest","","","","","ManualTask"
"~|Romeo & Juliet|~ 6","subquest","","","","","ManualTask"
"~|Romeo & Juliet|~ 7","subquest","","","","","ManualTask"
"Quest: Romeo & Juliet","quest","","","","","QuestTask"
"~|Rune Mysteries|~ 1","subquest","","","","","ManualTask"
"~|Rune Mysteries|~ 2","subquest","","","","","ManualTask"
"~|Rune Mysteries|~ 3","subquest","","","","","ManualTask"
"~|Rune Mysteries|~ 4","subquest","","","","","ManualTask"
"Quest: Rune Mysteries","quest","","","","","QuestTask"
"~|Sheep Shearer|~ 1","subquest","","","","","ManualTask"
"~|Sheep Shearer|~ 2","subquest","","","","","ManualTask"
"Quest: Sheep Shearer","quest","","","","","QuestTask"
"~|Shield of Arrav|~ 1","subquest","","","","","ManualTask"
"~|Shield of Arrav|~ 2a1","subquest","","","","","ManualTask"
"~|Shield of Arrav|~ 2a2","subquest","","","","","ManualTask"
"~|Shield of Arrav|~ 2a3","subquest","","","","","ManualTask"
"~|Shield of Arrav|~ 2a4","subquest","","","","","ManualTask"
"~|Shield of Arrav|~ 2a5","subquest","","","","","ManualTask"
"~|Shield of Arrav|~ 2b1","subquest","","","","","ManualTask"
"~|Shield of Arrav|~ 2b2","subquest","","","","","ManualTask"
"~|Shield of Arrav|~ 2b3","subquest","","","","","ManualTask"
"~|Shield of Arrav|~ 2b4","subquest","","","","","ManualTask"
"~|Shield of Arrav|~ 2b5","subquest","","","","","ManualTask"
"~|Shield of Arrav|~ 3","subquest","","","","","ManualTask"
"~|Shield of Arrav|~ 4","subquest","","","","","ManualTask"
"Quest: Shield of Arrav","quest","","","","","QuestTask"
"~|Vampyre Slayer|~ 1","subquest","","","","","ManualTask"
"~|Vampyre Slayer|~ 2","subquest","","","","","ManualTask"
"~|Vampyre Slayer|~ 3","subquest","","","","","ManualTask"
"Quest: Vampyre Slayer","quest","","","","","QuestTask"
"~|Witch's Potion|~ 1","subquest","","","","","ManualTask"
"~|Witch's Potion|~ 2","subquest","","","","","ManualTask"
"Quest: Witch's Potion","quest","","","","","QuestTask"
"~|X Marks the Spot|~ 1","subquest","","","","","ManualTask"
"~|X Marks the Spot|~ 2","subquest","","","","","ManualTask"
"~|X Marks the Spot|~ 3","subquest","","","","","ManualTask"
"~|X Marks the Spot|~ 4","subquest","","","","","ManualTask"
"~|X Marks the Spot|~ 5","subquest","","","","","ManualTask"
"Quest: X Marks the Spot","quest","","","","","QuestTask"
"~|Animal Magnetism|~ 1","subquest","","","","","ManualTask"
"~|Animal Magnetism|~ 2","subquest","","","","","ManualTask"
"~|Animal Magnetism|~ 3","subquest","","","","","ManualTask"
"~|Animal Magnetism|~ 4","subquest","","","","","ManualTask"
"~|Animal Magnetism|~ 5","subquest","","","","","ManualTask"
"~|Animal Magnetism|~ 6","subquest","","","","","ManualTask"
"~|Animal Magnetism|~ 7","subquest","","","","","ManualTask"
"~|Animal Magnetism|~ 8","subquest","","","","","ManualTask"
"~|Animal Magnetism|~ 9","subquest","","","","","ManualTask"
"~|Animal Magnetism|~ 10","subquest","","","","","ManualTask"
"~|Animal Magnetism|~ 11","subquest","","","","","ManualTask"
"~|Animal Magnetism|~ 12","subquest","","","","","ManualTask"
"Quest: Animal Magnetism","quest","","","","","QuestTask"
"~|Another Slice of H.A.M.|~ 1","subquest","","","","","ManualTask"
"~|Another Slice of H.A.M.|~ 2","subquest","","","","","ManualTask"
"~|Another Slice of H.A.M.|~ 3","subquest","","","","","ManualTask"
"~|Another Slice of H.A.M.|~ 4","subquest","","","","","ManualTask"
"Quest: Another Slice of H.A.M.","quest","","","","","QuestTask"
"~|The Ascent of Arceuus|~ 1","subquest","","","","","ManualTask"
"~|The Ascent of Arceuus|~ 2","subquest","","","","","ManualTask"
"~|The Ascent of Arceuus|~ 3","subquest","","","","","ManualTask"
"~|The Ascent of Arceuus|~ 4","subquest","","","","","ManualTask"
"~|The Ascent of Arceuus|~ 5","subquest","","","","","ManualTask"
"~|The Ascent of Arceuus|~ 6","subquest","","","","","ManualTask"
"~|The Ascent of Arceuus|~ 7","subquest","","","","","ManualTask"
"~|The Ascent of Arceuus|~ 8","subquest","","","","","ManualTask"
"~|The Ascent of Arceuus|~ 9","subquest","","","","","ManualTask"
"~|The Ascent of Arceuus|~ 10","subquest","","","","","ManualTask"
"Quest: The Ascent of Arceuus","quest","","","","","QuestTask"
"~|At First Light|~ 1","subquest","","","","","ManualTask"
"~|At First Light|~ 2","subquest","","","","","ManualTask"
"~|At First Light|~ 3","subquest","","","","","ManualTask"
"~|At First Light|~ 4","subquest","","","","","ManualTask"
"~|At First Light|~ 5","subquest","","","","","ManualTask"
"~|At First Light|~ 6","subquest","","","","","ManualTask"
"~|At First Light|~ 7","subquest","","","","","ManualTask"
"~|At First Light|~ 8","subquest","","","","","ManualTask"
"~|At First Light|~ 9","subquest","","","","","ManualTask"
"~|At First Light|~ 10","subquest","","","","","ManualTask"
"~|At First Light|~ 11","subquest","","","","","ManualTask"
"Quest: At First Light","quest","","","","","QuestTask"
"~|Beneath Cursed Sands|~ 1","subquest","","","","","ManualTask"
"~|Beneath Cursed Sands|~ 2","subquest","","","","","ManualTask"
"~|Beneath Cursed Sands|~ 3","subquest","","","","","ManualTask"
"~|Beneath Cursed Sands|~ 4","subquest","","","","","ManualTask"
"~|Beneath Cursed Sands|~ 5","subquest","","","","","ManualTask"
"~|Beneath Cursed Sands|~ 6a1","subquest","","","","","ManualTask"
"~|Beneath Cursed Sands|~ 6a2","subquest","","","","","ManualTask"
"~|Beneath Cursed Sands|~ 6b1","subquest","","","","","ManualTask"
"~|Beneath Cursed Sands|~ 6b2","subquest","","","","","ManualTask"
"~|Beneath Cursed Sands|~ 6c1","subquest","","","","","ManualTask"
"~|Beneath Cursed Sands|~ 7","subquest","","","","","ManualTask"
"~|Beneath Cursed Sands|~ 8","subquest","","","","","ManualTask"
"~|Beneath Cursed Sands|~ 9","subquest","","","","","ManualTask"
"~|Beneath Cursed Sands|~ 10","subquest","","","","","ManualTask"
"~|Beneath Cursed Sands|~ 11","subquest","","","","","ManualTask"
"~|Beneath Cursed Sands|~ 12","subquest","","","","","ManualTask"
"~|Beneath Cursed Sands|~ 13","subquest","","","","","ManualTask"
"~|Beneath Cursed Sands|~ 14","subquest","","","","","ManualTask"
"Quest: Beneath Cursed Sands","quest","","","","","QuestTask"
"~|Between a Rock...|~ 1","subquest","","","","","ManualTask"
"~|Between a Rock...|~ 2","subquest","","","","","ManualTask"
"~|Between a Rock...|~ 3","subquest","","","","","ManualTask"
"~|Between a Rock...|~ 4","subquest","","","","","ManualTask"
"~|Between a Rock...|~ 5","subquest","","","","","ManualTask"
"~|Between a Rock...|~ 6","subquest","","","","","ManualTask"
"~|Between a Rock...|~ 7","subquest","","","","","ManualTask"
"~|Between a Rock...|~ 8a","subquest","","","","","ManualTask"
"~|Between a Rock...|~ 8b","subquest","","","","","ManualTask"
"~|Between a Rock...|~ 8c","subquest","","","","","ManualTask"
"~|Between a Rock...|~ 9","subquest","","","","","ManualTask"
"~|Between a Rock...|~ 10","subquest","","","","","ManualTask"
"~|Between a Rock...|~ 11","subquest","","","","","ManualTask"
"Quest: Between a Rock...","quest","","","","","QuestTask"
"~|Big Chompy Bird Hunting|~ 1","subquest","","","","","ManualTask"
"~|Big Chompy Bird Hunting|~ 2","subquest","","","","","ManualTask"
"~|Big Chompy Bird Hunting|~ 3","subquest","","","","","ManualTask"
"~|Big Chompy Bird Hunting|~ 4","subquest","","","","","ManualTask"
"~|Big Chompy Bird Hunting|~ 5","subquest","","","","","ManualTask"
"~|Big Chompy Bird Hunting|~ 6","subquest","","","","","ManualTask"
"~|Big Chompy Bird Hunting|~ 7","subquest","","","","","ManualTask"
"~|Big Chompy Bird Hunting|~ 8","subquest","","","","","ManualTask"
"~|Big Chompy Bird Hunting|~ 9","subquest","","","","","ManualTask"
"Quest: Big Chompy Bird Hunting","quest","","","","","QuestTask"
"~|Biohazard|~ 1","subquest","","","","","ManualTask"
"~|Biohazard|~ 2","subquest","","","","","ManualTask"
"~|Biohazard|~ 3","subquest","","","","","ManualTask"
"~|Biohazard|~ 4","subquest","","","","","ManualTask"
"~|Biohazard|~ 5","subquest","","","","","ManualTask"
"~|Biohazard|~ 6","subquest","","","","","ManualTask"
"~|Biohazard|~ 7","subquest","","","","","ManualTask"
"~|Biohazard|~ 8","subquest","","","","","ManualTask"
"~|Biohazard|~ 9","subquest","","","","","ManualTask"
"~|Biohazard|~ 10","subquest","","","","","ManualTask"
"~|Biohazard|~ 11","subquest","","","","","ManualTask"
"~|Biohazard|~ 12","subquest","","","","","ManualTask"
"~|Biohazard|~ 13","subquest","","","","","ManualTask"
"Quest: Biohazard","quest","","","","","QuestTask"
"~|Bone Voyage|~ 1","subquest","","","","","ManualTask"
"~|Bone Voyage|~ 2","subquest","","","","","ManualTask"
"~|Bone Voyage|~ 3","subquest","","","","","ManualTask"
"~|Bone Voyage|~ 4","subquest","","","","","ManualTask"
"~|Bone Voyage|~ 5","subquest","","","","","ManualTask"
"~|Bone Voyage|~ 6","subquest","","","","","ManualTask"
"~|Bone Voyage|~ 7","subquest","","","","","ManualTask"
"~|Bone Voyage|~ 8","subquest","","","","","ManualTask"
"~|Bone Voyage|~ 9a","subquest","","","","","ManualTask"
"~|Bone Voyage|~ 9b","subquest","","","","","ManualTask"
"~|Bone Voyage|~ 10","subquest","","","","","ManualTask"
"~|Bone Voyage|~ 11","subquest","","","","","ManualTask"
"Quest: Bone Voyage","quest","","","","","QuestTask"
"~|Cabin Fever|~ 1","subquest","","","","","ManualTask"
"~|Cabin Fever|~ 2","subquest","","","","","ManualTask"
"~|Cabin Fever|~ 3","subquest","","","","","ManualTask"
"Quest: Cabin Fever","quest","","","","","QuestTask"
"~|Children of the Sun|~ 1","subquest","","","","","ManualTask"
"~|Children of the Sun|~ 2","subquest","","","","","ManualTask"
"~|Children of the Sun|~ 3","subquest","","","","","ManualTask"
"Quest: Children of the Sun","quest","","","","","QuestTask"
"~|Client of Kourend|~ 1","subquest","","","","","ManualTask"
"~|Client of Kourend|~ 2","subquest","","","","","ManualTask"
"~|Client of Kourend|~ 3a","subquest","","","","","ManualTask"
"~|Client of Kourend|~ 3b","subquest","","","","","ManualTask"
"~|Client of Kourend|~ 3c","subquest","","","","","ManualTask"
"~|Client of Kourend|~ 3d","subquest","","","","","ManualTask"
"~|Client of Kourend|~ 3e","subquest","","","","","ManualTask"
"~|Client of Kourend|~ 4","subquest","","","","","ManualTask"
"~|Client of Kourend|~ 5","subquest","","","","","ManualTask"
"~|Client of Kourend|~ 6","subquest","","","","","ManualTask"
"Quest: Client of Kourend","quest","","","","","QuestTask"
"~|Clock Tower|~ 1","subquest","","","","","ManualTask"
"~|Clock Tower|~ 2a","subquest","","","","","ManualTask"
"~|Clock Tower|~ 2b","subquest","","","","","ManualTask"
"~|Clock Tower|~ 2c","subquest","","","","","ManualTask"
"~|Clock Tower|~ 3","subquest","","","","","ManualTask"
"Quest: Clock Tower","quest","","","","","QuestTask"
"~|Cold War|~ 1","subquest","","","","","ManualTask"
"~|Cold War|~ 2","subquest","","","","","ManualTask"
"~|Cold War|~ 3","subquest","","","","","ManualTask"
"~|Cold War|~ 4","subquest","","","","","ManualTask"
"~|Cold War|~ 5","subquest","","","","","ManualTask"
"~|Cold War|~ 6","subquest","","","","","ManualTask"
"~|Cold War|~ 7","subquest","","","","","ManualTask"
"~|Cold War|~ 8","subquest","","","","","ManualTask"
"~|Cold War|~ 9","subquest","","","","","ManualTask"
"~|Cold War|~ 10","subquest","","","","","ManualTask"
"~|Cold War|~ 11","subquest","","","","","ManualTask"
"~|Cold War|~ 12","subquest","","","","","ManualTask"
"~|Cold War|~ 13","subquest","","","","","ManualTask"
"~|Cold War|~ 14","subquest","","","","","ManualTask"
"~|Cold War|~ 15","subquest","","","","","ManualTask"
"~|Cold War|~ 16","subquest","","","","","ManualTask"
"~|Cold War|~ 17","subquest","","","","","ManualTask"
"~|Cold War|~ 18","subquest","","","","","ManualTask"
"~|Cold War|~ 19","subquest","","","","","ManualTask"
"Quest: Cold War","quest","","","","","QuestTask"
"~|Contact!|~ 1","subquest","","","","","ManualTask"
"~|Contact!|~ 2","subquest","","","","","ManualTask"
"~|Contact!|~ 3","subquest","","","","","ManualTask"
"~|Contact!|~ 4","subquest","","","","","ManualTask"
"~|Contact!|~ 5","subquest","","","","","ManualTask"
"~|Contact!|~ 6","subquest","","","","","ManualTask"
"Quest: Contact!","quest","","","","","QuestTask"
"~|Creature of Fenkenstrain|~ 1","subquest","","","","","ManualTask"
"~|Creature of Fenkenstrain|~ 2","subquest","","","","","ManualTask"
"~|Creature of Fenkenstrain|~ 3","subquest","","","","","ManualTask"
"~|Creature of Fenkenstrain|~ 4","subquest","","","","","ManualTask"
"~|Creature of Fenkenstrain|~ 5","subquest","","","","","ManualTask"
"~|Creature of Fenkenstrain|~ 6","subquest","","","","","ManualTask"
"~|Creature of Fenkenstrain|~ 7","subquest","","","","","ManualTask"
"~|Creature of Fenkenstrain|~ 8","subquest","","","","","ManualTask"
"~|Creature of Fenkenstrain|~ 9","subquest","","","","","ManualTask"
"~|Creature of Fenkenstrain|~ 10","subquest","","","","","ManualTask"
"~|Creature of Fenkenstrain|~ 11","subquest","","","","","ManualTask"
"~|Creature of Fenkenstrain|~ 12","subquest","","","","","ManualTask"
"Quest: Creature of Fenkenstrain","quest","","","","","QuestTask"
"~|The Curse of Arrav|~ 1","subquest","","","","","ManualTask"
"~|The Curse of Arrav|~ 2","subquest","","","","","ManualTask"
"~|The Curse of Arrav|~ 3","subquest","","","","","ManualTask"
"~|The Curse of Arrav|~ 4","subquest","","","","","ManualTask"
"~|The Curse of Arrav|~ 5","subquest","","","","","ManualTask"
"~|The Curse of Arrav|~ 6","subquest","","","","","ManualTask"
"~|The Curse of Arrav|~ 7","subquest","","","","","ManualTask"
"~|The Curse of Arrav|~ 8","subquest","","","","","ManualTask"
"~|The Curse of Arrav|~ 9","subquest","","","","","ManualTask"
"~|The Curse of Arrav|~ 10","subquest","","","","","ManualTask"
"~|The Curse of Arrav|~ 11","subquest","","","","","ManualTask"
"~|The Curse of Arrav|~ 12","subquest","","","","","ManualTask"
"~|The Curse of Arrav|~ 13","subquest","","","","","ManualTask"
"~|The Curse of Arrav|~ 14","subquest","","","","","ManualTask"
"Quest: The Curse of Arrav","quest","","","","","QuestTask"
"~|Darkness of Hallowvale|~ 1","subquest","","","","","ManualTask"
"~|Darkness of Hallowvale|~ 2","subquest","","","","","ManualTask"
"~|Darkness of Hallowvale|~ 3","subquest","","","","","ManualTask"
"~|Darkness of Hallowvale|~ 4","subquest","","","","","ManualTask"
"~|Darkness of Hallowvale|~ 5","subquest","","","","","ManualTask"
"~|Darkness of Hallowvale|~ 6","subquest","","","","","ManualTask"
"~|Darkness of Hallowvale|~ 7","subquest","","","","","ManualTask"
"~|Darkness of Hallowvale|~ 8","subquest","","","","","ManualTask"
"~|Darkness of Hallowvale|~ 9","subquest","","","","","ManualTask"
"~|Darkness of Hallowvale|~ 10","subquest","","","","","ManualTask"
"~|Darkness of Hallowvale|~ 11","subquest","","","","","ManualTask"
"~|Darkness of Hallowvale|~ 12","subquest","","","","","ManualTask"
"~|Darkness of Hallowvale|~ 13","subquest","","","","","ManualTask"
"~|Darkness of Hallowvale|~ 14","subquest","","","","","ManualTask"
"~|Darkness of Hallowvale|~ 15","subquest","","","","","ManualTask"
"~|Darkness of Hallowvale|~ 16","subquest","","","","","ManualTask"
"~|Darkness of Hallowvale|~ 17","subquest","","","","","ManualTask"
"~|Darkness of Hallowvale|~ 18","subquest","","","","","ManualTask"
"Quest: Darkness of Hallowvale","quest","","","","","QuestTask"
"~|Death on the Isle|~ 1","subquest","","","","","ManualTask"
"~|Death on the Isle|~ 2","subquest","","","","","ManualTask"
"~|Death on the Isle|~ 3","subquest","","","","","ManualTask"
"~|Death on the Isle|~ 4","subquest","","","","","ManualTask"
"Quest: Death on the Isle","quest","","","","","QuestTask"
"~|Death Plateau|~ 1","subquest","","","","","ManualTask"
"~|Death Plateau|~ 2","subquest","","","","","ManualTask"
"~|Death Plateau|~ 3","subquest","","","","","ManualTask"
"~|Death Plateau|~ 4","subquest","","","","","ManualTask"
"~|Death Plateau|~ 5","subquest","","","","","ManualTask"
"~|Death Plateau|~ 6","subquest","","","","","ManualTask"
"~|Death Plateau|~ 7","subquest","","","","","ManualTask"
"~|Death Plateau|~ 8","subquest","","","","","ManualTask"
"Quest: Death Plateau","quest","","","","","QuestTask"
"~|Death to the Dorgeshuun|~ 1","subquest","","","","","ManualTask"
"~|Death to the Dorgeshuun|~ 2","subquest","","","","","ManualTask"
"~|Death to the Dorgeshuun|~ 3","subquest","","","","","ManualTask"
"~|Death to the Dorgeshuun|~ 4","subquest","","","","","ManualTask"
"~|Death to the Dorgeshuun|~ 5","subquest","","","","","ManualTask"
"~|Death to the Dorgeshuun|~ 6","subquest","","","","","ManualTask"
"~|Death to the Dorgeshuun|~ 7","subquest","","","","","ManualTask"
"~|Death to the Dorgeshuun|~ 8","subquest","","","","","ManualTask"
"~|Death to the Dorgeshuun|~ 9","subquest","","","","","ManualTask"
"~|Death to the Dorgeshuun|~ 10","subquest","","","","","ManualTask"
"Quest: Death to the Dorgeshuun","quest","","","","","QuestTask"
"~|Defender of Varrock|~ 1","subquest","","","","","ManualTask"
"~|Defender of Varrock|~ 2","subquest","","","","","ManualTask"
"~|Defender of Varrock|~ 3","subquest","","","","","ManualTask"
"~|Defender of Varrock|~ 4","subquest","","","","","ManualTask"
"~|Defender of Varrock|~ 5","subquest","","","","","ManualTask"
"~|Defender of Varrock|~ 6","subquest","","","","","ManualTask"
"~|Defender of Varrock|~ 7","subquest","","","","","ManualTask"
"~|Defender of Varrock|~ 8","subquest","","","","","ManualTask"
"~|Defender of Varrock|~ 9","subquest","","","","","ManualTask"
"Quest: Defender of Varrock","quest","","","","","QuestTask"
"~|The Depths of Despair|~ 1","subquest","","","","","ManualTask"
"~|The Depths of Despair|~ 2","subquest","","","","","ManualTask"
"~|The Depths of Despair|~ 3","subquest","","","","","ManualTask"
"~|The Depths of Despair|~ 4","subquest","","","","","ManualTask"
"Quest: The Depths of Despair","quest","","","","","QuestTask"
"~|Desert Treasure I|~ 1","subquest","","","","","ManualTask"
"~|Desert Treasure I|~ 2","subquest","","","","","ManualTask"
"~|Desert Treasure I|~ 3","subquest","","","","","ManualTask"
"~|Desert Treasure I|~ 4","subquest","","","","","ManualTask"
"~|Desert Treasure I|~ 5","subquest","","","","","ManualTask"
"~|Desert Treasure I|~ 6","subquest","","","","","ManualTask"
"~|Desert Treasure I|~ 7a1","subquest","","","","","ManualTask"
"~|Desert Treasure I|~ 7a2","subquest","","","","","ManualTask"
"~|Desert Treasure I|~ 7a3","subquest","","","","","ManualTask"
"~|Desert Treasure I|~ 7a4","subquest","","","","","ManualTask"
"~|Desert Treasure I|~ 7a5","subquest","","","","","ManualTask"
"~|Desert Treasure I|~ 7a6","subquest","","","","","ManualTask"
"~|Desert Treasure I|~ 7a7","subquest","","","","","ManualTask"
"~|Desert Treasure I|~ 7a8","subquest","","","","","ManualTask"
"~|Desert Treasure I|~ 7b1","subquest","","","","","ManualTask"
"~|Desert Treasure I|~ 7b2","subquest","","","","","ManualTask"
"~|Desert Treasure I|~ 7b3","subquest","","","","","ManualTask"
"~|Desert Treasure I|~ 7b4","subquest","","","","","ManualTask"
"~|Desert Treasure I|~ 7c1","subquest","","","","","ManualTask"
"~|Desert Treasure I|~ 7c2","subquest","","","","","ManualTask"
"~|Desert Treasure I|~ 7c3","subquest","","","","","ManualTask"
"~|Desert Treasure I|~ 7d1","subquest","","","","","ManualTask"
"~|Desert Treasure I|~ 7d2","subquest","","","","","ManualTask"
"~|Desert Treasure I|~ 7d3","subquest","","","","","ManualTask"
"~|Desert Treasure I|~ 7d4","subquest","","","","","ManualTask"
"~|Desert Treasure I|~ 7d5","subquest","","","","","ManualTask"
"~|Desert Treasure I|~ 8","subquest","","","","","ManualTask"
"Quest: Desert Treasure I","quest","","","","","QuestTask"
"~|Desert Treasure II - The Fallen Empire|~ 1","subquest","","","","","ManualTask"
"~|Desert Treasure II - The Fallen Empire|~ 2","subquest","","","","","ManualTask"
"~|Desert Treasure II - The Fallen Empire|~ 3","subquest","","","","","ManualTask"
"~|Desert Treasure II - The Fallen Empire|~ 4","subquest","","","","","ManualTask"
"~|Desert Treasure II - The Fallen Empire|~ 5a1","subquest","","","","","ManualTask"
"~|Desert Treasure II - The Fallen Empire|~ 5a2","subquest","","","","","ManualTask"
"~|Desert Treasure II - The Fallen Empire|~ 5a3","subquest","","","","","ManualTask"
"~|Desert Treasure II - The Fallen Empire|~ 5a4","subquest","","","","","ManualTask"
"~|Desert Treasure II - The Fallen Empire|~ 5a5a","subquest","","","","","ManualTask"
"~|Desert Treasure II - The Fallen Empire|~ 5a5b","subquest","","","","","ManualTask"
"~|Desert Treasure II - The Fallen Empire|~ 5a6","subquest","","","","","ManualTask"
"~|Desert Treasure II - The Fallen Empire|~ 5a7","subquest","","","","","ManualTask"
"~|Desert Treasure II - The Fallen Empire|~ 5a8","subquest","","","","","ManualTask"
"~|Desert Treasure II - The Fallen Empire|~ 5a9","subquest","","","","","ManualTask"
"~|Desert Treasure II - The Fallen Empire|~ 5b1","subquest","","","","","ManualTask"
"~|Desert Treasure II - The Fallen Empire|~ 5b2","subquest","","","","","ManualTask"
"~|Desert Treasure II - The Fallen Empire|~ 5c1","subquest","","","","","ManualTask"
"~|Desert Treasure II - The Fallen Empire|~ 5c2","subquest","","","","","ManualTask"
"~|Desert Treasure II - The Fallen Empire|~ 5d1","subquest","","","","","ManualTask"
"~|Desert Treasure II - The Fallen Empire|~ 5d2","subquest","","","","","ManualTask"
"~|Desert Treasure II - The Fallen Empire|~ 6","subquest","","","","","ManualTask"
"~|Desert Treasure II - The Fallen Empire|~ 7","subquest","","","","","ManualTask"
"Quest: Desert Treasure II - The Fallen Empire","quest","","","","","QuestTask"
"~|Devious Minds|~ 1","subquest","","","","","ManualTask"
"~|Devious Minds|~ 2","subquest","","","","","ManualTask"
"~|Devious Minds|~ 3","subquest","","","","","ManualTask"
"~|Devious Minds|~ 4","subquest","","","","","ManualTask"
"~|Devious Minds|~ 5","subquest","","","","","ManualTask"
"~|Devious Minds|~ 6","subquest","","","","","ManualTask"
"~|Devious Minds|~ 7","subquest","","","","","ManualTask"
"~|Devious Minds|~ 8","subquest","","","","","ManualTask"
"~|Devious Minds|~ 9","subquest","","","","","ManualTask"
"~|Devious Minds|~ 10","subquest","","","","","ManualTask"
"Quest: Devious Minds","quest","","","","","QuestTask"
"~|The Dig Site|~ 1","subquest","","","","","ManualTask"
"~|The Dig Site|~ 2","subquest","","","","","ManualTask"
"~|The Dig Site|~ 3","subquest","","","","","ManualTask"
"~|The Dig Site|~ 4a","subquest","","","","","ManualTask"
"~|The Dig Site|~ 4b1","subquest","","","","","ManualTask"
"~|The Dig Site|~ 4b2","subquest","","","","","ManualTask"
"~|The Dig Site|~ 4c1","subquest","","","","","ManualTask"
"~|The Dig Site|~ 4c2","subquest","","","","","ManualTask"
"~|The Dig Site|~ 5","subquest","","","","","ManualTask"
"~|The Dig Site|~ 6","subquest","","","","","ManualTask"
"~|The Dig Site|~ 7","subquest","","","","","ManualTask"
"~|The Dig Site|~ 8","subquest","","","","","ManualTask"
"~|The Dig Site|~ 9","subquest","","","","","ManualTask"
"~|The Dig Site|~ 10","subquest","","","","","ManualTask"
"~|The Dig Site|~ 11","subquest","","","","","ManualTask"
"~|The Dig Site|~ 12","subquest","","","","","ManualTask"
"~|The Dig Site|~ 13","subquest","","","","","ManualTask"
"~|The Dig Site|~ 14","subquest","","","","","ManualTask"
"~|The Dig Site|~ 15","subquest","","","","","ManualTask"
"~|The Dig Site|~ 16","subquest","","","","","ManualTask"
"~|The Dig Site|~ 17","subquest","","","","","ManualTask"
"~|The Dig Site|~ 18","subquest","","","","","ManualTask"
"~|The Dig Site|~ 19","subquest","","","","","ManualTask"
"~|The Dig Site|~ 20","subquest","","","","","ManualTask"
"Quest: The Dig Site","quest","","","","","QuestTask"
"~|Dragon Slayer II|~ 1","subquest","","","","","ManualTask"
"~|Dragon Slayer II|~ 2","subquest","","","","","ManualTask"
"~|Dragon Slayer II|~ 3","subquest","","","","","ManualTask"
"~|Dragon Slayer II|~ 4","subquest","","","","","ManualTask"
"~|Dragon Slayer II|~ 5","subquest","","","","","ManualTask"
"~|Dragon Slayer II|~ 6a","subquest","","","","","ManualTask"
"~|Dragon Slayer II|~ 6b","subquest","","","","","ManualTask"
"~|Dragon Slayer II|~ 7","subquest","","","","","ManualTask"
"~|Dragon Slayer II|~ 8","subquest","","","","","ManualTask"
"~|Dragon Slayer II|~ 9","subquest","","","","","ManualTask"
"~|Dragon Slayer II|~ 10","subquest","","","","","ManualTask"
"~|Dragon Slayer II|~ 11","subquest","","","","","ManualTask"
"~|Dragon Slayer II|~ 12","subquest","","","","","ManualTask"
"~|Dragon Slayer II|~ 13","subquest","","","","","ManualTask"
"~|Dragon Slayer II|~ 14","subquest","","","","","ManualTask"
"~|Dragon Slayer II|~ 15","subquest","","","","","ManualTask"
"~|Dragon Slayer II|~ 16","subquest","","","","","ManualTask"
"~|Dragon Slayer II|~ 17a","subquest","","","","","ManualTask"
"~|Dragon Slayer II|~ 17b1","subquest","","","","","ManualTask"
"~|Dragon Slayer II|~ 17b2","subquest","","","","","ManualTask"
"~|Dragon Slayer II|~ 17b3","subquest","","","","","ManualTask"
"~|Dragon Slayer II|~ 17b4","subquest","","","","","ManualTask"
"~|Dragon Slayer II|~ 17c1","subquest","","","","","ManualTask"
"~|Dragon Slayer II|~ 17c2","subquest","","","","","ManualTask"
"~|Dragon Slayer II|~ 17c3","subquest","","","","","ManualTask"
"~|Dragon Slayer II|~ 17d1","subquest","","","","","ManualTask"
"~|Dragon Slayer II|~ 17d2","subquest","","","","","ManualTask"
"~|Dragon Slayer II|~ 18","subquest","","","","","ManualTask"
"~|Dragon Slayer II|~ 19","subquest","","","","","ManualTask"
"~|Dragon Slayer II|~ 20","subquest","","","","","ManualTask"
"~|Dragon Slayer II|~ 21a","subquest","","","","","ManualTask"
"~|Dragon Slayer II|~ 21b","subquest","","","","","ManualTask"
"~|Dragon Slayer II|~ 21c","subquest","","","","","ManualTask"
"~|Dragon Slayer II|~ 22","subquest","","","","","ManualTask"
"~|Dragon Slayer II|~ 23","subquest","","","","","ManualTask"
"~|Dragon Slayer II|~ 24","subquest","","","","","ManualTask"
"Quest: Dragon Slayer II","quest","","","","","QuestTask"
"~|Dream Mentor|~ 1","subquest","","","","","ManualTask"
"~|Dream Mentor|~ 2","subquest","","","","","ManualTask"
"~|Dream Mentor|~ 3","subquest","","","","","ManualTask"
"~|Dream Mentor|~ 4","subquest","","","","","ManualTask"
"~|Dream Mentor|~ 5","subquest","","","","","ManualTask"
"~|Dream Mentor|~ 6","subquest","","","","","ManualTask"
"~|Dream Mentor|~ 7","subquest","","","","","ManualTask"
"~|Dream Mentor|~ 8","subquest","","","","","ManualTask"
"Quest: Dream Mentor","quest","","","","","QuestTask"
"~|Druidic Ritual|~ 1","subquest","","","","","ManualTask"
"~|Druidic Ritual|~ 2","subquest","","","","","ManualTask"
"~|Druidic Ritual|~ 3","subquest","","","","","ManualTask"
"~|Druidic Ritual|~ 4","subquest","","","","","ManualTask"
"~|Druidic Ritual|~ 5","subquest","","","","","ManualTask"
"Quest: Druidic Ritual","quest","","","","","QuestTask"
"~|Dwarf Cannon|~ 1","subquest","","","","","ManualTask"
"~|Dwarf Cannon|~ 2a","subquest","","","","","ManualTask"
"~|Dwarf Cannon|~ 2b","subquest","","","","","ManualTask"
"~|Dwarf Cannon|~ 3","subquest","","","","","ManualTask"
"~|Dwarf Cannon|~ 4","subquest","","","","","ManualTask"
"~|Dwarf Cannon|~ 5","subquest","","","","","ManualTask"
"~|Dwarf Cannon|~ 6","subquest","","","","","ManualTask"
"~|Dwarf Cannon|~ 7","subquest","","","","","ManualTask"
"~|Dwarf Cannon|~ 8","subquest","","","","","ManualTask"
"~|Dwarf Cannon|~ 9","subquest","","","","","ManualTask"
"Quest: Dwarf Cannon","quest","","","","","QuestTask"
"~|Eadgar's Ruse|~ 1","subquest","","","","","ManualTask"
"~|Eadgar's Ruse|~ 2","subquest","","","","","ManualTask"
"~|Eadgar's Ruse|~ 3","subquest","","","","","ManualTask"
"~|Eadgar's Ruse|~ 4","subquest","","","","","ManualTask"
"~|Eadgar's Ruse|~ 5","subquest","","","","","ManualTask"
"~|Eadgar's Ruse|~ 6","subquest","","","","","ManualTask"
"~|Eadgar's Ruse|~ 7a","subquest","","","","","ManualTask"
"~|Eadgar's Ruse|~ 7b","subquest","","","","","ManualTask"
"~|Eadgar's Ruse|~ 7c","subquest","","","","","ManualTask"
"~|Eadgar's Ruse|~ 8","subquest","","","","","ManualTask"
"~|Eadgar's Ruse|~ 9","subquest","","","","","ManualTask"
"~|Eadgar's Ruse|~ 10","subquest","","","","","ManualTask"
"~|Eadgar's Ruse|~ 11","subquest","","","","","ManualTask"
"~|Eadgar's Ruse|~ 12","subquest","","","","","ManualTask"
"~|Eadgar's Ruse|~ 13","subquest","","","","","ManualTask"
"~|Eadgar's Ruse|~ 14","subquest","","","","","ManualTask"
"Quest: Eadgar's Ruse","quest","","","","","QuestTask"
"~|Eagles' Peak|~ 1","subquest","","","","","ManualTask"
"~|Eagles' Peak|~ 2","subquest","","","","","ManualTask"
"~|Eagles' Peak|~ 3","subquest","","","","","ManualTask"
"~|Eagles' Peak|~ 4","subquest","","","","","ManualTask"
"~|Eagles' Peak|~ 5","subquest","","","","","ManualTask"
"~|Eagles' Peak|~ 6","subquest","","","","","ManualTask"
"~|Eagles' Peak|~ 7","subquest","","","","","ManualTask"
"Quest: Eagles' Peak","quest","","","","","QuestTask"
"~|Elemental Workshop I|~ 1","subquest","","","","","ManualTask"
"~|Elemental Workshop I|~ 2","subquest","","","","","ManualTask"
"~|Elemental Workshop I|~ 3","subquest","","","","","ManualTask"
"~|Elemental Workshop I|~ 4","subquest","","","","","ManualTask"
"~|Elemental Workshop I|~ 5","subquest","","","","","ManualTask"
"Quest: Elemental Workshop I","quest","","","","","QuestTask"
"~|Elemental Workshop II|~ 1","subquest","","","","","ManualTask"
"~|Elemental Workshop II|~ 2","subquest","","","","","ManualTask"
"Quest: Elemental Workshop II","quest","","","","","QuestTask"
"~|Enakhra's Lament|~ 1","subquest","","","","","ManualTask"
"~|Enakhra's Lament|~ 2","subquest","","","","","ManualTask"
"~|Enakhra's Lament|~ 3","subquest","","","","","ManualTask"
"~|Enakhra's Lament|~ 4","subquest","","","","","ManualTask"
"~|Enakhra's Lament|~ 5","subquest","","","","","ManualTask"
"~|Enakhra's Lament|~ 6","subquest","","","","","ManualTask"
"~|Enakhra's Lament|~ 7","subquest","","","","","ManualTask"
"~|Enakhra's Lament|~ 8","subquest","","","","","ManualTask"
"~|Enakhra's Lament|~ 9","subquest","","","","","ManualTask"
"~|Enakhra's Lament|~ 10","subquest","","","","","ManualTask"
"~|Enakhra's Lament|~ 11a","subquest","","","","","ManualTask"
"~|Enakhra's Lament|~ 11b","subquest","","","","","ManualTask"
"~|Enakhra's Lament|~ 11c","subquest","","","","","ManualTask"
"~|Enakhra's Lament|~ 11d","subquest","","","","","ManualTask"
"~|Enakhra's Lament|~ 12","subquest","","","","","ManualTask"
"~|Enakhra's Lament|~ 13","subquest","","","","","ManualTask"
"~|Enakhra's Lament|~ 14","subquest","","","","","ManualTask"
"Quest: Enakhra's Lament","quest","","","","","QuestTask"
"~|Enlightened Journey|~ 1","subquest","","","","","ManualTask"
"~|Enlightened Journey|~ 2","subquest","","","","","ManualTask"
"~|Enlightened Journey|~ 3","subquest","","","","","ManualTask"
"~|Enlightened Journey|~ 4","subquest","","","","","ManualTask"
"~|Enlightened Journey|~ 5a","subquest","","","","","ManualTask"
"~|Enlightened Journey|~ 5b","subquest","","","","","ManualTask"
"~|Enlightened Journey|~ 5c","subquest","","","","","ManualTask"
"~|Enlightened Journey|~ 5d","subquest","","","","","ManualTask"
"~|Enlightened Journey|~ 5e","subquest","","","","","ManualTask"
"~|Enlightened Journey|~ 6","subquest","","","","","ManualTask"
"~|Enlightened Journey|~ 7","subquest","","","","","ManualTask"
"Quest: Enlightened Journey","quest","","","","","QuestTask"
"~|Ethically Acquired Antiquities|~ 1","subquest","","","","","ManualTask"
"~|Ethically Acquired Antiquities|~ 2","subquest","","","","","ManualTask"
"~|Ethically Acquired Antiquities|~ 3","subquest","","","","","ManualTask"
"~|Ethically Acquired Antiquities|~ 4","subquest","","","","","ManualTask"
"~|Ethically Acquired Antiquities|~ 5","subquest","","","","","ManualTask"
"~|Ethically Acquired Antiquities|~ 6","subquest","","","","","ManualTask"
"~|Ethically Acquired Antiquities|~ 7","subquest","","","","","ManualTask"
"~|Ethically Acquired Antiquities|~ 8","subquest","","","","","ManualTask"
"Quest: Ethically Acquired Antiquities","quest","","","","","QuestTask"
"~|The Eyes of Glouphrie|~ 1","subquest","","","","","ManualTask"
"~|The Eyes of Glouphrie|~ 2","subquest","","","","","ManualTask"
"~|The Eyes of Glouphrie|~ 3","subquest","","","","","ManualTask"
"~|The Eyes of Glouphrie|~ 4","subquest","","","","","ManualTask"
"~|The Eyes of Glouphrie|~ 5","subquest","","","","","ManualTask"
"~|The Eyes of Glouphrie|~ 6a","subquest","","","","","ManualTask"
"~|The Eyes of Glouphrie|~ 6b","subquest","","","","","ManualTask"
"~|The Eyes of Glouphrie|~ 6c","subquest","","","","","ManualTask"
"~|The Eyes of Glouphrie|~ 6d","subquest","","","","","ManualTask"
"~|The Eyes of Glouphrie|~ 7","subquest","","","","","ManualTask"
"Quest: The Eyes of Glouphrie","quest","","","","","QuestTask"
"~|The Path of Glouphrie|~ 1","subquest","","","","","ManualTask"
"~|The Path of Glouphrie|~ 2","subquest","","","","","ManualTask"
"~|The Path of Glouphrie|~ 3","subquest","","","","","ManualTask"
"~|The Path of Glouphrie|~ 4","subquest","","","","","ManualTask"
"~|The Path of Glouphrie|~ 5","subquest","","","","","ManualTask"
"~|The Path of Glouphrie|~ 6","subquest","","","","","ManualTask"
"~|The Path of Glouphrie|~ 7","subquest","","","","","ManualTask"
"Quest: The Path of Glouphrie","quest","","","","","QuestTask"
"~|Fairytale I - Growing Pains|~ 1","subquest","","","","","ManualTask"
"~|Fairytale I - Growing Pains|~ 2","subquest","","","","","ManualTask"
"~|Fairytale I - Growing Pains|~ 3","subquest","","","","","ManualTask"
"~|Fairytale I - Growing Pains|~ 4","subquest","","","","","ManualTask"
"~|Fairytale I - Growing Pains|~ 5","subquest","","","","","ManualTask"
"~|Fairytale I - Growing Pains|~ 6","subquest","","","","","ManualTask"
"~|Fairytale I - Growing Pains|~ 7","subquest","","","","","ManualTask"
"~|Fairytale I - Growing Pains|~ 8","subquest","","","","","ManualTask"
"~|Fairytale I - Growing Pains|~ 9","subquest","","","","","ManualTask"
"~|Fairytale I - Growing Pains|~ 10","subquest","","","","","ManualTask"
"Quest: Fairytale I - Growing Pains","quest","","","","","QuestTask"
"~|Fairytale II - Cure a Queen|~ 1","subquest","","","","","ManualTask"
"~|Fairytale II - Cure a Queen|~ 2","subquest","","","","","ManualTask"
"~|Fairytale II - Cure a Queen|~ 3","subquest","","","","","ManualTask"
"~|Fairytale II - Cure a Queen|~ 4","subquest","","","","","ManualTask"
"~|Fairytale II - Cure a Queen|~ 5","subquest","","","","","ManualTask"
"~|Fairytale II - Cure a Queen|~ 6","subquest","","","","","ManualTask"
"~|Fairytale II - Cure a Queen|~ 7","subquest","","","","","ManualTask"
"~|Fairytale II - Cure a Queen|~ 8","subquest","","","","","ManualTask"
"~|Fairytale II - Cure a Queen|~ 9","subquest","","","","","ManualTask"
"~|Fairytale II - Cure a Queen|~ 10","subquest","","","","","ManualTask"
"~|Fairytale II - Cure a Queen|~ 11","subquest","","","","","ManualTask"
"Quest: Fairytale II - Cure a Queen","quest","","","","","QuestTask"
"~|Family Crest|~ 1","subquest","","","","","ManualTask"
"~|Family Crest|~ 2","subquest","","","","","ManualTask"
"~|Family Crest|~ 3","subquest","","","","","ManualTask"
"~|Family Crest|~ 4","subquest","","","","","ManualTask"
"~|Family Crest|~ 5","subquest","","","","","ManualTask"
"~|Family Crest|~ 6","subquest","","","","","ManualTask"
"~|Family Crest|~ 7","subquest","","","","","ManualTask"
"~|Family Crest|~ 8","subquest","","","","","ManualTask"
"~|Family Crest|~ 9","subquest","","","","","ManualTask"
"~|Family Crest|~ 10","subquest","","","","","ManualTask"
"~|Family Crest|~ 11","subquest","","","","","ManualTask"
"~|Family Crest|~ 12","subquest","","","","","ManualTask"
"Quest: Family Crest","quest","","","","","QuestTask"
"~|The Feud|~ 1","subquest","","","","","ManualTask"
"~|The Feud|~ 2","subquest","","","","","ManualTask"
"~|The Feud|~ 3","subquest","","","","","ManualTask"
"~|The Feud|~ 4","subquest","","","","","ManualTask"
"~|The Feud|~ 5","subquest","","","","","ManualTask"
"~|The Feud|~ 6","subquest","","","","","ManualTask"
"~|The Feud|~ 7","subquest","","","","","ManualTask"
"~|The Feud|~ 8","subquest","","","","","ManualTask"
"Quest: The Feud","quest","","","","","QuestTask"
"~|Fight Arena|~ 1","subquest","","","","","ManualTask"
"Quest: Fight Arena","quest","","","","","QuestTask"
"~|The Final Dawn|~ 1","subquest","","","","","ManualTask"
"~|The Final Dawn|~ 2","subquest","","","","","ManualTask"
"~|The Final Dawn|~ 3","subquest","","","","","ManualTask"
"~|The Final Dawn|~ 4","subquest","","","","","ManualTask"
"~|The Final Dawn|~ 5","subquest","","","","","ManualTask"
"~|The Final Dawn|~ 6","subquest","","","","","ManualTask"
"~|The Final Dawn|~ 7","subquest","","","","","ManualTask"
"~|The Final Dawn|~ 8","subquest","","","","","ManualTask"
"~|The Final Dawn|~ 9","subquest","","","","","ManualTask"
"Quest: The Final Dawn","quest","","","","","QuestTask"
"~|Fishing Contest|~ 1","subquest","","","","","ManualTask"
"~|Fishing Contest|~ 2","subquest","","","","","ManualTask"
"~|Fishing Contest|~ 3","subquest","","","","","ManualTask"
"~|Fishing Contest|~ 4","subquest","","","","","ManualTask"
"~|Fishing Contest|~ 5","subquest","","","","","ManualTask"
"Quest: Fishing Contest","quest","","","","","QuestTask"
"~|Forgettable Tale of a Drunken Dwarf|~ 1","subquest","","","","","ManualTask"
"~|Forgettable Tale of a Drunken Dwarf|~ 2a","subquest","","","","","ManualTask"
"~|Forgettable Tale of a Drunken Dwarf|~ 2b","subquest","","","","","ManualTask"
"~|Forgettable Tale of a Drunken Dwarf|~ 3","subquest","","","","","ManualTask"
"~|Forgettable Tale of a Drunken Dwarf|~ 4","subquest","","","","","ManualTask"
"~|Forgettable Tale of a Drunken Dwarf|~ 5","subquest","","","","","ManualTask"
"~|Forgettable Tale of a Drunken Dwarf|~ 6","subquest","","","","","ManualTask"
"~|Forgettable Tale of a Drunken Dwarf|~ 7","subquest","","","","","ManualTask"
"Quest: Forgettable Tale of a Drunken Dwarf","quest","","","","","QuestTask"
"~|The Forsaken Tower|~ 1","subquest","","","","","ManualTask"
"~|The Forsaken Tower|~ 2","subquest","","","","","ManualTask"
"~|The Forsaken Tower|~ 3","subquest","","","","","ManualTask"
"~|The Forsaken Tower|~ 4","subquest","","","","","ManualTask"
"~|The Forsaken Tower|~ 5","subquest","","","","","ManualTask"
"Quest: The Forsaken Tower","quest","","","","","QuestTask"
"~|The Fremennik Exiles|~ 1","subquest","","","","","ManualTask"
"~|The Fremennik Exiles|~ 2","subquest","","","","","ManualTask"
"~|The Fremennik Exiles|~ 3a","subquest","","","","","ManualTask"
"~|The Fremennik Exiles|~ 3b1","subquest","","","","","ManualTask"
"~|The Fremennik Exiles|~ 3b2","subquest","","","","","ManualTask"
"~|The Fremennik Exiles|~ 3c1","subquest","","","","","ManualTask"
"~|The Fremennik Exiles|~ 3c2","subquest","","","","","ManualTask"
"~|The Fremennik Exiles|~ 3c3","subquest","","","","","ManualTask"
"~|The Fremennik Exiles|~ 3c4","subquest","","","","","ManualTask"
"~|The Fremennik Exiles|~ 3d1","subquest","","","","","ManualTask"
"~|The Fremennik Exiles|~ 3d2","subquest","","","","","ManualTask"
"~|The Fremennik Exiles|~ 3d3","subquest","","","","","ManualTask"
"~|The Fremennik Exiles|~ 4","subquest","","","","","ManualTask"
"~|The Fremennik Exiles|~ 5","subquest","","","","","ManualTask"
"~|The Fremennik Exiles|~ 6","subquest","","","","","ManualTask"
"~|The Fremennik Exiles|~ 7","subquest","","","","","ManualTask"
"~|The Fremennik Exiles|~ 8","subquest","","","","","ManualTask"
"~|The Fremennik Exiles|~ 9","subquest","","","","","ManualTask"
"Quest: The Fremennik Exiles","quest","","","","","QuestTask"
"~|The Fremennik Isles|~ 1","subquest","","","","","ManualTask"
"~|The Fremennik Isles|~ 2","subquest","","","","","ManualTask"
"~|The Fremennik Isles|~ 3","subquest","","","","","ManualTask"
"~|The Fremennik Isles|~ 4","subquest","","","","","ManualTask"
"~|The Fremennik Isles|~ 5","subquest","","","","","ManualTask"
"~|The Fremennik Isles|~ 6","subquest","","","","","ManualTask"
"~|The Fremennik Isles|~ 7","subquest","","","","","ManualTask"
"~|The Fremennik Isles|~ 8","subquest","","","","","ManualTask"
"~|The Fremennik Isles|~ 9","subquest","","","","","ManualTask"
"~|The Fremennik Isles|~ 10","subquest","","","","","ManualTask"
"~|The Fremennik Isles|~ 11","subquest","","","","","ManualTask"
"~|The Fremennik Isles|~ 12","subquest","","","","","ManualTask"
"~|The Fremennik Isles|~ 13","subquest","","","","","ManualTask"
"~|The Fremennik Isles|~ 14","subquest","","","","","ManualTask"
"~|The Fremennik Isles|~ 15","subquest","","","","","ManualTask"
"~|The Fremennik Isles|~ 16","subquest","","","","","ManualTask"
"Quest: The Fremennik Isles","quest","","","","","QuestTask"
"~|The Fremennik Trials|~ 1","subquest","","","","","ManualTask"
"~|The Fremennik Trials|~ 2a1","subquest","","","","","ManualTask"
"~|The Fremennik Trials|~ 2a2","subquest","","","","","ManualTask"
"~|The Fremennik Trials|~ 2a3","subquest","","","","","ManualTask"
"~|The Fremennik Trials|~ 2a4","subquest","","","","","ManualTask"
"~|The Fremennik Trials|~ 2a5","subquest","","","","","ManualTask"
"~|The Fremennik Trials|~ 2b1","subquest","","","","","ManualTask"
"~|The Fremennik Trials|~ 2b2","subquest","","","","","ManualTask"
"~|The Fremennik Trials|~ 2b3","subquest","","","","","ManualTask"
"~|The Fremennik Trials|~ 2b4","subquest","","","","","ManualTask"
"~|The Fremennik Trials|~ 2c1","subquest","","","","","ManualTask"
"~|The Fremennik Trials|~ 2c2","subquest","","","","","ManualTask"
"~|The Fremennik Trials|~ 2c3","subquest","","","","","ManualTask"
"~|The Fremennik Trials|~ 2d","subquest","","","","","ManualTask"
"~|The Fremennik Trials|~ 3","subquest","","","","","ManualTask"
"Quest: The Fremennik Trials","quest","","","","","QuestTask"
"~|The Garden of Death|~ 1","subquest","","","","","ManualTask"
"~|The Garden of Death|~ 2","subquest","","","","","ManualTask"
"~|The Garden of Death|~ 3","subquest","","","","","ManualTask"
"~|The Garden of Death|~ 4","subquest","","","","","ManualTask"
"Quest: The Garden of Death","quest","","","","","QuestTask"
"~|Garden of Tranquillity|~ 1","subquest","","","","","ManualTask"
"~|Garden of Tranquillity|~ 2","subquest","","","","","ManualTask"
"~|Garden of Tranquillity|~ 3a1","subquest","","","","","ManualTask"
"~|Garden of Tranquillity|~ 3a2","subquest","","","","","ManualTask"
"~|Garden of Tranquillity|~ 3a3","subquest","","","","","ManualTask"
"~|Garden of Tranquillity|~ 3b1","subquest","","","","","ManualTask"
"~|Garden of Tranquillity|~ 3b2","subquest","","","","","ManualTask"
"~|Garden of Tranquillity|~ 3b3","subquest","","","","","ManualTask"
"~|Garden of Tranquillity|~ 3c1","subquest","","","","","ManualTask"
"~|Garden of Tranquillity|~ 3c2","subquest","","","","","ManualTask"
"~|Garden of Tranquillity|~ 3c3","subquest","","","","","ManualTask"
"~|Garden of Tranquillity|~ 3d1","subquest","","","","","ManualTask"
"~|Garden of Tranquillity|~ 3d2","subquest","","","","","ManualTask"
"~|Garden of Tranquillity|~ 3d3","subquest","","","","","ManualTask"
"~|Garden of Tranquillity|~ 3e1","subquest","","","","","ManualTask"
"~|Garden of Tranquillity|~ 3e2","subquest","","","","","ManualTask"
"~|Garden of Tranquillity|~ 3e3","subquest","","","","","ManualTask"
"~|Garden of Tranquillity|~ 3e4","subquest","","","","","ManualTask"
"~|Garden of Tranquillity|~ 3e5","subquest","","","","","ManualTask"
"~|Garden of Tranquillity|~ 3f1","subquest","","","","","ManualTask"
"~|Garden of Tranquillity|~ 3f2","subquest","","","","","ManualTask"
"~|Garden of Tranquillity|~ 3f3","subquest","","","","","ManualTask"
"~|Garden of Tranquillity|~ 3f4","subquest","","","","","ManualTask"
"~|Garden of Tranquillity|~ 3f5","subquest","","","","","ManualTask"
"~|Garden of Tranquillity|~ 3f6","subquest","","","","","ManualTask"
"~|Garden of Tranquillity|~ 3f7","subquest","","","","","ManualTask"
"~|Garden of Tranquillity|~ 3g1","subquest","","","","","ManualTask"
"~|Garden of Tranquillity|~ 3g2","subquest","","","","","ManualTask"
"~|Garden of Tranquillity|~ 3h1","subquest","","","","","ManualTask"
"~|Garden of Tranquillity|~ 3h2","subquest","","","","","ManualTask"
"~|Garden of Tranquillity|~ 4","subquest","","","","","ManualTask"
"Quest: Garden of Tranquillity","quest","","","","","QuestTask"
"~|Gertrude's Cat|~ 1","subquest","","","","","ManualTask"
"~|Gertrude's Cat|~ 2","subquest","","","","","ManualTask"
"~|Gertrude's Cat|~ 3","subquest","","","","","ManualTask"
"~|Gertrude's Cat|~ 4","subquest","","","","","ManualTask"
"~|Gertrude's Cat|~ 5","subquest","","","","","ManualTask"
"~|Gertrude's Cat|~ 6","subquest","","","","","ManualTask"
"~|Gertrude's Cat|~ 7","subquest","","","","","ManualTask"
"Quest: Gertrude's Cat","quest","","","","","QuestTask"
"~|Getting Ahead|~ 1","subquest","","","","","ManualTask"
"~|Getting Ahead|~ 2","subquest","","","","","ManualTask"
"~|Getting Ahead|~ 3","subquest","","","","","ManualTask"
"~|Getting Ahead|~ 4","subquest","","","","","ManualTask"
"~|Getting Ahead|~ 5","subquest","","","","","ManualTask"
"~|Getting Ahead|~ 6","subquest","","","","","ManualTask"
"~|Getting Ahead|~ 7","subquest","","","","","ManualTask"
"~|Getting Ahead|~ 8","subquest","","","","","ManualTask"
"~|Getting Ahead|~ 9","subquest","","","","","ManualTask"
"~|Getting Ahead|~ 10","subquest","","","","","ManualTask"
"~|Getting Ahead|~ 11","subquest","","","","","ManualTask"
"~|Getting Ahead|~ 12","subquest","","","","","ManualTask"
"Quest: Getting Ahead","quest","","","","","QuestTask"
"~|Ghosts Ahoy|~ 1","subquest","","","","","ManualTask"
"~|Ghosts Ahoy|~ 2","subquest","","","","","ManualTask"
"~|Ghosts Ahoy|~ 3","subquest","","","","","ManualTask"
"~|Ghosts Ahoy|~ 4","subquest","","","","","ManualTask"
"~|Ghosts Ahoy|~ 5","subquest","","","","","ManualTask"
"~|Ghosts Ahoy|~ 6","subquest","","","","","ManualTask"
"~|Ghosts Ahoy|~ 7","subquest","","","","","ManualTask"
"~|Ghosts Ahoy|~ 8","subquest","","","","","ManualTask"
"~|Ghosts Ahoy|~ 9","subquest","","","","","ManualTask"
"~|Ghosts Ahoy|~ 10","subquest","","","","","ManualTask"
"~|Ghosts Ahoy|~ 11","subquest","","","","","ManualTask"
"~|Ghosts Ahoy|~ 12","subquest","","","","","ManualTask"
"~|Ghosts Ahoy|~ 13","subquest","","","","","ManualTask"
"~|Ghosts Ahoy|~ 14","subquest","","","","","ManualTask"
"~|Ghosts Ahoy|~ 15","subquest","","","","","ManualTask"
"Quest: Ghosts Ahoy","quest","","","","","QuestTask"
"~|The Giant Dwarf|~ 1","subquest","","","","","ManualTask"
"~|The Giant Dwarf|~ 2","subquest","","","","","ManualTask"
"~|The Giant Dwarf|~ 3a","subquest","","","","","ManualTask"
"~|The Giant Dwarf|~ 3b1","subquest","","","","","ManualTask"
"~|The Giant Dwarf|~ 3b2","subquest","","","","","ManualTask"
"~|The Giant Dwarf|~ 3c1","subquest","","","","","ManualTask"
"~|The Giant Dwarf|~ 3c2","subquest","","","","","ManualTask"
"~|The Giant Dwarf|~ 3c3","subquest","","","","","ManualTask"
"~|The Giant Dwarf|~ 4","subquest","","","","","ManualTask"
"Quest: The Giant Dwarf","quest","","","","","QuestTask"
"~|The Golem|~ 1","subquest","","","","","ManualTask"
"~|The Golem|~ 2","subquest","","","","","ManualTask"
"~|The Golem|~ 3","subquest","","","","","ManualTask"
"~|The Golem|~ 4","subquest","","","","","ManualTask"
"~|The Golem|~ 5","subquest","","","","","ManualTask"
"~|The Golem|~ 6","subquest","","","","","ManualTask"
"~|The Golem|~ 7","subquest","","","","","ManualTask"
"~|The Golem|~ 8","subquest","","","","","ManualTask"
"~|The Golem|~ 9","subquest","","","","","ManualTask"
"~|The Golem|~ 10","subquest","","","","","ManualTask"
"~|The Golem|~ 11","subquest","","","","","ManualTask"
"Quest: The Golem","quest","","","","","QuestTask"
"~|The Grand Tree|~ 1","subquest","","","","","ManualTask"
"~|The Grand Tree|~ 2","subquest","","","","","ManualTask"
"~|The Grand Tree|~ 3","subquest","","","","","ManualTask"
"~|The Grand Tree|~ 4","subquest","","","","","ManualTask"
"~|The Grand Tree|~ 5","subquest","","","","","ManualTask"
"~|The Grand Tree|~ 6","subquest","","","","","ManualTask"
"~|The Grand Tree|~ 7","subquest","","","","","ManualTask"
"~|The Grand Tree|~ 8","subquest","","","","","ManualTask"
"~|The Grand Tree|~ 9","subquest","","","","","ManualTask"
"Quest: The Grand Tree","quest","","","","","QuestTask"
"~|The Great Brain Robbery|~ 1","subquest","","","","","ManualTask"
"~|The Great Brain Robbery|~ 2","subquest","","","","","ManualTask"
"~|The Great Brain Robbery|~ 3","subquest","","","","","ManualTask"
"~|The Great Brain Robbery|~ 4","subquest","","","","","ManualTask"
"~|The Great Brain Robbery|~ 5","subquest","","","","","ManualTask"
"~|The Great Brain Robbery|~ 6","subquest","","","","","ManualTask"
"~|The Great Brain Robbery|~ 7","subquest","","","","","ManualTask"
"~|The Great Brain Robbery|~ 8","subquest","","","","","ManualTask"
"Quest: The Great Brain Robbery","quest","","","","","QuestTask"
"~|Grim Tales|~ 1","subquest","","","","","ManualTask"
"~|Grim Tales|~ 2a1","subquest","","","","","ManualTask"
"~|Grim Tales|~ 2a2","subquest","","","","","ManualTask"
"~|Grim Tales|~ 2b1","subquest","","","","","ManualTask"
"~|Grim Tales|~ 2b2","subquest","","","","","ManualTask"
"~|Grim Tales|~ 2b3","subquest","","","","","ManualTask"
"~|Grim Tales|~ 2b4","subquest","","","","","ManualTask"
"~|Grim Tales|~ 3","subquest","","","","","ManualTask"
"~|Grim Tales|~ 4","subquest","","","","","ManualTask"
"Quest: Grim Tales","quest","","","","","QuestTask"
"~|The Hand in the Sand|~ 1","subquest","","","","","ManualTask"
"~|The Hand in the Sand|~ 2","subquest","","","","","ManualTask"
"~|The Hand in the Sand|~ 3","subquest","","","","","ManualTask"
"~|The Hand in the Sand|~ 4","subquest","","","","","ManualTask"
"~|The Hand in the Sand|~ 5","subquest","","","","","ManualTask"
"~|The Hand in the Sand|~ 6","subquest","","","","","ManualTask"
"~|The Hand in the Sand|~ 7","subquest","","","","","ManualTask"
"~|The Hand in the Sand|~ 8","subquest","","","","","ManualTask"
"~|The Hand in the Sand|~ 9","subquest","","","","","ManualTask"
"Quest: The Hand in the Sand","quest","","","","","QuestTask"
"~|Haunted Mine|~ 1","subquest","","","","","ManualTask"
"~|Haunted Mine|~ 2","subquest","","","","","ManualTask"
"Quest: Haunted Mine","quest","","","","","QuestTask"
"~|Hazeel Cult|~ 1","subquest","","","","","ManualTask"
"~|Hazeel Cult|~ 2a1","subquest","","","","","ManualTask"
"~|Hazeel Cult|~ 2a2","subquest","","","","","ManualTask"
"~|Hazeel Cult|~ 2b1","subquest","","","","","ManualTask"
"~|Hazeel Cult|~ 2b2","subquest","","","","","ManualTask"
"~|Hazeel Cult|~ 2b3","subquest","","","","","ManualTask"
"~|Hazeel Cult|~ 2b4","subquest","","","","","ManualTask"
"~|Hazeel Cult|~ 2b5","subquest","","","","","ManualTask"
"Quest: Hazeel Cult","quest","","","","","QuestTask"
"~|The Heart of Darkness|~ 1","subquest","","","","","ManualTask"
"~|The Heart of Darkness|~ 2","subquest","","","","","ManualTask"
"~|The Heart of Darkness|~ 3","subquest","","","","","ManualTask"
"~|The Heart of Darkness|~ 4","subquest","","","","","ManualTask"
"~|The Heart of Darkness|~ 5","subquest","","","","","ManualTask"
"~|The Heart of Darkness|~ 6","subquest","","","","","ManualTask"
"Quest: The Heart of Darkness","quest","","","","","QuestTask"
"~|Heroes' Quest|~ 1","subquest","","","","","ManualTask"
"~|Heroes' Quest|~ 2a1","subquest","","","","","ManualTask"
"~|Heroes' Quest|~ 2a2","subquest","","","","","ManualTask"
"~|Heroes' Quest|~ 2b1","subquest","","","","","ManualTask"
"~|Heroes' Quest|~ 2b2","subquest","","","","","ManualTask"
"~|Heroes' Quest|~ 2b3","subquest","","","","","ManualTask"
"~|Heroes' Quest|~ 2c1a","subquest","","","","","ManualTask"
"~|Heroes' Quest|~ 2c1b","subquest","","","","","ManualTask"
"~|Heroes' Quest|~ 2c1c","subquest","","","","","ManualTask"
"~|Heroes' Quest|~ 2c1d","subquest","","","","","ManualTask"
"~|Heroes' Quest|~ 2c2a","subquest","","","","","ManualTask"
"~|Heroes' Quest|~ 2c2b","subquest","","","","","ManualTask"
"~|Heroes' Quest|~ 2c2c","subquest","","","","","ManualTask"
"~|Heroes' Quest|~ 2c2d","subquest","","","","","ManualTask"
"~|Heroes' Quest|~ 3","subquest","","","","","ManualTask"
"Quest: Heroes' Quest","quest","","","","","QuestTask"
"~|Holy Grail|~ 1","subquest","","","","","ManualTask"
"~|Holy Grail|~ 2a","subquest","","","","","ManualTask"
"~|Holy Grail|~ 2b1","subquest","","","","","ManualTask"
"~|Holy Grail|~ 2b2","subquest","","","","","ManualTask"
"~|Holy Grail|~ 3","subquest","","","","","ManualTask"
"~|Holy Grail|~ 4","subquest","","","","","ManualTask"
"~|Holy Grail|~ 5","subquest","","","","","ManualTask"
"~|Holy Grail|~ 6","subquest","","","","","ManualTask"
"Quest: Holy Grail","quest","","","","","QuestTask"
"~|Horror from the Deep|~ 1","subquest","","","","","ManualTask"
"~|Horror from the Deep|~ 2a","subquest","","","","","ManualTask"
"~|Horror from the Deep|~ 2b","subquest","","","","","ManualTask"
"~|Horror from the Deep|~ 3","subquest","","","","","ManualTask"
"~|Horror from the Deep|~ 4","subquest","","","","","ManualTask"
"~|Horror from the Deep|~ 5","subquest","","","","","ManualTask"
"Quest: Horror from the Deep","quest","","","","","QuestTask"
"~|Icthlarin's Little Helper|~ 1","subquest","","","","","ManualTask"
"~|Icthlarin's Little Helper|~ 2","subquest","","","","","ManualTask"
"~|Icthlarin's Little Helper|~ 3a","subquest","","","","","ManualTask"
"~|Icthlarin's Little Helper|~ 3b","subquest","","","","","ManualTask"
"~|Icthlarin's Little Helper|~ 4","subquest","","","","","ManualTask"
"Quest: Icthlarin's Little Helper","quest","","","","","QuestTask"
"~|In Aid of the Myreque|~ 1","subquest","","","","","ManualTask"
"~|In Aid of the Myreque|~ 2","subquest","","","","","ManualTask"
"~|In Aid of the Myreque|~ 3","subquest","","","","","ManualTask"
"~|In Aid of the Myreque|~ 4","subquest","","","","","ManualTask"
"~|In Aid of the Myreque|~ 5","subquest","","","","","ManualTask"
"~|In Aid of the Myreque|~ 6","subquest","","","","","ManualTask"
"~|In Aid of the Myreque|~ 7","subquest","","","","","ManualTask"
"~|In Aid of the Myreque|~ 8","subquest","","","","","ManualTask"
"~|In Aid of the Myreque|~ 9","subquest","","","","","ManualTask"
"~|In Aid of the Myreque|~ 10","subquest","","","","","ManualTask"
"~|In Aid of the Myreque|~ 11","subquest","","","","","ManualTask"
"~|In Aid of the Myreque|~ 12","subquest","","","","","ManualTask"
"~|In Aid of the Myreque|~ 13","subquest","","","","","ManualTask"
"~|In Aid of the Myreque|~ 14","subquest","","","","","ManualTask"
"~|In Aid of the Myreque|~ 15","subquest","","","","","ManualTask"
"Quest: In Aid of the Myreque","quest","","","","","QuestTask"
"~|In Search of the Myreque|~ 1","subquest","","","","","ManualTask"
"~|In Search of the Myreque|~ 2","subquest","","","","","ManualTask"
"~|In Search of the Myreque|~ 3","subquest","","","","","ManualTask"
"~|In Search of the Myreque|~ 4","subquest","","","","","ManualTask"
"~|In Search of the Myreque|~ 5","subquest","","","","","ManualTask"
"~|In Search of the Myreque|~ 6","subquest","","","","","ManualTask"
"Quest: In Search of the Myreque","quest","","","","","QuestTask"
"~|Jungle Potion|~ 1","subquest","","","","","ManualTask"
"~|Jungle Potion|~ 2","subquest","","","","","ManualTask"
"~|Jungle Potion|~ 3","subquest","","","","","ManualTask"
"~|Jungle Potion|~ 4","subquest","","","","","ManualTask"
"~|Jungle Potion|~ 5","subquest","","","","","ManualTask"
"~|Jungle Potion|~ 6","subquest","","","","","ManualTask"
"Quest: Jungle Potion","quest","","","","","QuestTask"
"~|King's Ransom|~ 1","subquest","","","","","ManualTask"
"~|King's Ransom|~ 2","subquest","","","","","ManualTask"
"~|King's Ransom|~ 3","subquest","","","","","ManualTask"
"~|King's Ransom|~ 4","subquest","","","","","ManualTask"
"~|King's Ransom|~ 5","subquest","","","","","ManualTask"
"~|King's Ransom|~ 6","subquest","","","","","ManualTask"
"~|King's Ransom|~ 7","subquest","","","","","ManualTask"
"Quest: King's Ransom","quest","","","","","QuestTask"
"~|A Kingdom Divided|~ 1","subquest","","","","","ManualTask"
"~|A Kingdom Divided|~ 2","subquest","","","","","ManualTask"
"~|A Kingdom Divided|~ 3","subquest","","","","","ManualTask"
"~|A Kingdom Divided|~ 4","subquest","","","","","ManualTask"
"~|A Kingdom Divided|~ 5","subquest","","","","","ManualTask"
"~|A Kingdom Divided|~ 6","subquest","","","","","ManualTask"
"~|A Kingdom Divided|~ 7","subquest","","","","","ManualTask"
"~|A Kingdom Divided|~ 8","subquest","","","","","ManualTask"
"~|A Kingdom Divided|~ 9","subquest","","","","","ManualTask"
"~|A Kingdom Divided|~ 10","subquest","","","","","ManualTask"
"~|A Kingdom Divided|~ 11","subquest","","","","","ManualTask"
"~|A Kingdom Divided|~ 12","subquest","","","","","ManualTask"
"~|A Kingdom Divided|~ 13","subquest","","","","","ManualTask"
"~|A Kingdom Divided|~ 14","subquest","","","","","ManualTask"
"~|A Kingdom Divided|~ 15","subquest","","","","","ManualTask"
"~|A Kingdom Divided|~ 16","subquest","","","","","ManualTask"
"~|A Kingdom Divided|~ 17","subquest","","","","","ManualTask"
"~|A Kingdom Divided|~ 18a","subquest","","","","","ManualTask"
"~|A Kingdom Divided|~ 18b","subquest","","","","","ManualTask"
"~|A Kingdom Divided|~ 18c","subquest","","","","","ManualTask"
"~|A Kingdom Divided|~ 18d","subquest","","","","","ManualTask"
"~|A Kingdom Divided|~ 18e","subquest","","","","","ManualTask"
"~|A Kingdom Divided|~ 19","subquest","","","","","ManualTask"
"~|A Kingdom Divided|~ 20a1","subquest","","","","","ManualTask"
"~|A Kingdom Divided|~ 20a2","subquest","","","","","ManualTask"
"~|A Kingdom Divided|~ 20b","subquest","","","","","ManualTask"
"~|A Kingdom Divided|~ 20c","subquest","","","","","ManualTask"
"~|A Kingdom Divided|~ 20d1","subquest","","","","","ManualTask"
"~|A Kingdom Divided|~ 20d2","subquest","","","","","ManualTask"
"~|A Kingdom Divided|~ 20e1","subquest","","","","","ManualTask"
"~|A Kingdom Divided|~ 20e2","subquest","","","","","ManualTask"
"~|A Kingdom Divided|~ 21","subquest","","","","","ManualTask"
"~|A Kingdom Divided|~ 22","subquest","","","","","ManualTask"
"Quest: A Kingdom Divided","quest","","","","","QuestTask"
"~|Land of the Goblins|~ 1","subquest","","","","","ManualTask"
"~|Land of the Goblins|~ 2","subquest","","","","","ManualTask"
"~|Land of the Goblins|~ 3","subquest","","","","","ManualTask"
"~|Land of the Goblins|~ 4","subquest","","","","","ManualTask"
"~|Land of the Goblins|~ 5","subquest","","","","","ManualTask"
"~|Land of the Goblins|~ 6","subquest","","","","","ManualTask"
"~|Land of the Goblins|~ 7","subquest","","","","","ManualTask"
"~|Land of the Goblins|~ 8","subquest","","","","","ManualTask"
"~|Land of the Goblins|~ 9","subquest","","","","","ManualTask"
"~|Land of the Goblins|~ 10a","subquest","","","","","ManualTask"
"~|Land of the Goblins|~ 10b","subquest","","","","","ManualTask"
"~|Land of the Goblins|~ 10c","subquest","","","","","ManualTask"
"~|Land of the Goblins|~ 10d","subquest","","","","","ManualTask"
"~|Land of the Goblins|~ 11","subquest","","","","","ManualTask"
"~|Land of the Goblins|~ 12","subquest","","","","","ManualTask"
"~|Land of the Goblins|~ 13","subquest","","","","","ManualTask"
"Quest: Land of the Goblins","quest","","","","","QuestTask"
"~|Legends' Quest|~ 1","subquest","","","","","ManualTask"
"~|Legends' Quest|~ 2","subquest","","","","","ManualTask"
"~|Legends' Quest|~ 3","subquest","","","","","ManualTask"
"~|Legends' Quest|~ 4","subquest","","","","","ManualTask"
"~|Legends' Quest|~ 5","subquest","","","","","ManualTask"
"~|Legends' Quest|~ 6","subquest","","","","","ManualTask"
"~|Legends' Quest|~ 7","subquest","","","","","ManualTask"
"~|Legends' Quest|~ 8","subquest","","","","","ManualTask"
"~|Legends' Quest|~ 9","subquest","","","","","ManualTask"
"~|Legends' Quest|~ 10","subquest","","","","","ManualTask"
"~|Legends' Quest|~ 11","subquest","","","","","ManualTask"
"~|Legends' Quest|~ 12","subquest","","","","","ManualTask"
"~|Legends' Quest|~ 13","subquest","","","","","ManualTask"
"~|Legends' Quest|~ 14","subquest","","","","","ManualTask"
"~|Legends' Quest|~ 15","subquest","","","","","ManualTask"
"Quest: Legends' Quest","quest","","","","","QuestTask"
"~|Lost City|~ 1","subquest","","","","","ManualTask"
"~|Lost City|~ 2","subquest","","","","","ManualTask"
"~|Lost City|~ 3","subquest","","","","","ManualTask"
"~|Lost City|~ 4","subquest","","","","","ManualTask"
"Quest: Lost City","quest","","","","","QuestTask"
"~|The Lost Tribe|~ 1","subquest","","","","","ManualTask"
"~|The Lost Tribe|~ 2","subquest","","","","","ManualTask"
"~|The Lost Tribe|~ 3","subquest","","","","","ManualTask"
"~|The Lost Tribe|~ 4","subquest","","","","","ManualTask"
"~|The Lost Tribe|~ 5","subquest","","","","","ManualTask"
"~|The Lost Tribe|~ 6","subquest","","","","","ManualTask"
"~|The Lost Tribe|~ 7","subquest","","","","","ManualTask"
"~|The Lost Tribe|~ 8","subquest","","","","","ManualTask"
"~|The Lost Tribe|~ 9","subquest","","","","","ManualTask"
"~|The Lost Tribe|~ 10","subquest","","","","","ManualTask"
"~|The Lost Tribe|~ 11","subquest","","","","","ManualTask"
"Quest: The Lost Tribe","quest","","","","","QuestTask"
"~|Lunar Diplomacy|~ 1","subquest","","","","","ManualTask"
"~|Lunar Diplomacy|~ 2","subquest","","","","","ManualTask"
"~|Lunar Diplomacy|~ 3","subquest","","","","","ManualTask"
"~|Lunar Diplomacy|~ 4","subquest","","","","","ManualTask"
"~|Lunar Diplomacy|~ 5","subquest","","","","","ManualTask"
"~|Lunar Diplomacy|~ 6","subquest","","","","","ManualTask"
"~|Lunar Diplomacy|~ 7","subquest","","","","","ManualTask"
"~|Lunar Diplomacy|~ 8","subquest","","","","","ManualTask"
"~|Lunar Diplomacy|~ 9","subquest","","","","","ManualTask"
"~|Lunar Diplomacy|~ 10","subquest","","","","","ManualTask"
"~|Lunar Diplomacy|~ 11","subquest","","","","","ManualTask"
"~|Lunar Diplomacy|~ 12","subquest","","","","","ManualTask"
"~|Lunar Diplomacy|~ 13","subquest","","","","","ManualTask"
"~|Lunar Diplomacy|~ 14","subquest","","","","","ManualTask"
"~|Lunar Diplomacy|~ 15","subquest","","","","","ManualTask"
"~|Lunar Diplomacy|~ 16a1","subquest","","","","","ManualTask"
"~|Lunar Diplomacy|~ 16a2","subquest","","","","","ManualTask"
"~|Lunar Diplomacy|~ 16a3","subquest","","","","","ManualTask"
"~|Lunar Diplomacy|~ 16b","subquest","","","","","ManualTask"
"~|Lunar Diplomacy|~ 16c1","subquest","","","","","ManualTask"
"~|Lunar Diplomacy|~ 16c2","subquest","","","","","ManualTask"
"~|Lunar Diplomacy|~ 16c3","subquest","","","","","ManualTask"
"~|Lunar Diplomacy|~ 16d","subquest","","","","","ManualTask"
"~|Lunar Diplomacy|~ 16e1","subquest","","","","","ManualTask"
"~|Lunar Diplomacy|~ 16e2","subquest","","","","","ManualTask"
"~|Lunar Diplomacy|~ 17","subquest","","","","","ManualTask"
"~|Lunar Diplomacy|~ 18","subquest","","","","","ManualTask"
"~|Lunar Diplomacy|~ 19","subquest","","","","","ManualTask"
"Quest: Lunar Diplomacy","quest","","","","","QuestTask"
"~|Making Friends with My Arm|~ 1","subquest","","","","","ManualTask"
"~|Making Friends with My Arm|~ 2","subquest","","","","","ManualTask"
"~|Making Friends with My Arm|~ 3","subquest","","","","","ManualTask"
"~|Making Friends with My Arm|~ 4","subquest","","","","","ManualTask"
"~|Making Friends with My Arm|~ 5","subquest","","","","","ManualTask"
"~|Making Friends with My Arm|~ 6","subquest","","","","","ManualTask"
"~|Making Friends with My Arm|~ 7","subquest","","","","","ManualTask"
"~|Making Friends with My Arm|~ 8a","subquest","","","","","ManualTask"
"~|Making Friends with My Arm|~ 8b","subquest","","","","","ManualTask"
"~|Making Friends with My Arm|~ 9","subquest","","","","","ManualTask"
"~|Making Friends with My Arm|~ 10","subquest","","","","","ManualTask"
"~|Making Friends with My Arm|~ 11","subquest","","","","","ManualTask"
"Quest: Making Friends with My Arm","quest","","","","","QuestTask"
"~|Making History|~ 1","subquest","","","","","ManualTask"
"~|Making History|~ 2a1","subquest","","","","","ManualTask"
"~|Making History|~ 2a2","subquest","","","","","ManualTask"
"~|Making History|~ 2b","subquest","","","","","ManualTask"
"~|Making History|~ 2c","subquest","","","","","ManualTask"
"~|Making History|~ 3","subquest","","","","","ManualTask"
"~|Making History|~ 4","subquest","","","","","ManualTask"
"~|Making History|~ 5","subquest","","","","","ManualTask"
"Quest: Making History","quest","","","","","QuestTask"
"~|Meat and Greet|~ 1","subquest","","","","","ManualTask"
"~|Meat and Greet|~ 2a1","subquest","","","","","ManualTask"
"~|Meat and Greet|~ 2b1","subquest","","","","","ManualTask"
"~|Meat and Greet|~ 2b2","subquest","","","","","ManualTask"
"~|Meat and Greet|~ 2b3","subquest","","","","","ManualTask"
"~|Meat and Greet|~ 3","subquest","","","","","ManualTask"
"~|Meat and Greet|~ 4","subquest","","","","","ManualTask"
"~|Meat and Greet|~ 5","subquest","","","","","ManualTask"
"~|Meat and Greet|~ 6","subquest","","","","","ManualTask"
"~|Meat and Greet|~ 7","subquest","","","","","ManualTask"
"~|Meat and Greet|~ 8","subquest","","","","","ManualTask"
"Quest: Meat and Greet","quest","","","","","QuestTask"
"~|Merlin's Crystal|~ 1","subquest","","","","","ManualTask"
"~|Merlin's Crystal|~ 2","subquest","","","","","ManualTask"
"~|Merlin's Crystal|~ 3","subquest","","","","","ManualTask"
"~|Merlin's Crystal|~ 4a","subquest","","","","","ManualTask"
"~|Merlin's Crystal|~ 4b1","subquest","","","","","ManualTask"
"~|Merlin's Crystal|~ 4b2","subquest","","","","","ManualTask"
"~|Merlin's Crystal|~ 4c","subquest","","","","","ManualTask"
"~|Merlin's Crystal|~ 5","subquest","","","","","ManualTask"
"Quest: Merlin's Crystal","quest","","","","","QuestTask"
"~|Monk's Friend|~ 1","subquest","","","","","ManualTask"
"~|Monk's Friend|~ 2","subquest","","","","","ManualTask"
"~|Monk's Friend|~ 3","subquest","","","","","ManualTask"
"~|Monk's Friend|~ 4","subquest","","","","","ManualTask"
"~|Monk's Friend|~ 5","subquest","","","","","ManualTask"
"Quest: Monk's Friend","quest","","","","","QuestTask"
"~|Monkey Madness I|~ 1","subquest","","","","","ManualTask"
"~|Monkey Madness I|~ 2","subquest","","","","","ManualTask"
"~|Monkey Madness I|~ 3","subquest","","","","","ManualTask"
"~|Monkey Madness I|~ 4","subquest","","","","","ManualTask"
"~|Monkey Madness I|~ 5","subquest","","","","","ManualTask"
"~|Monkey Madness I|~ 6","subquest","","","","","ManualTask"
"~|Monkey Madness I|~ 7","subquest","","","","","ManualTask"
"~|Monkey Madness I|~ 8","subquest","","","","","ManualTask"
"~|Monkey Madness I|~ 9","subquest","","","","","ManualTask"
"~|Monkey Madness I|~ 10","subquest","","","","","ManualTask"
"~|Monkey Madness I|~ 11","subquest","","","","","ManualTask"
"~|Monkey Madness I|~ 12","subquest","","","","","ManualTask"
"~|Monkey Madness I|~ 13","subquest","","","","","ManualTask"
"~|Monkey Madness I|~ 14","subquest","","","","","ManualTask"
"~|Monkey Madness I|~ 15","subquest","","","","","ManualTask"
"~|Monkey Madness I|~ 16","subquest","","","","","ManualTask"
"~|Monkey Madness I|~ 17","subquest","","","","","ManualTask"
"~|Monkey Madness I|~ 18","subquest","","","","","ManualTask"
"~|Monkey Madness I|~ 19","subquest","","","","","ManualTask"
"Quest: Monkey Madness I","quest","","","","","QuestTask"
"~|Monkey Madness II|~ 1","subquest","","","","","ManualTask"
"~|Monkey Madness II|~ 2","subquest","","","","","ManualTask"
"~|Monkey Madness II|~ 3","subquest","","","","","ManualTask"
"~|Monkey Madness II|~ 4","subquest","","","","","ManualTask"
"~|Monkey Madness II|~ 5","subquest","","","","","ManualTask"
"~|Monkey Madness II|~ 6","subquest","","","","","ManualTask"
"~|Monkey Madness II|~ 7","subquest","","","","","ManualTask"
"~|Monkey Madness II|~ 8","subquest","","","","","ManualTask"
"~|Monkey Madness II|~ 9","subquest","","","","","ManualTask"
"~|Monkey Madness II|~ 10","subquest","","","","","ManualTask"
"~|Monkey Madness II|~ 11","subquest","","","","","ManualTask"
"~|Monkey Madness II|~ 12","subquest","","","","","ManualTask"
"~|Monkey Madness II|~ 13","subquest","","","","","ManualTask"
"~|Monkey Madness II|~ 14","subquest","","","","","ManualTask"
"~|Monkey Madness II|~ 15","subquest","","","","","ManualTask"
"~|Monkey Madness II|~ 16","subquest","","","","","ManualTask"
"~|Monkey Madness II|~ 17","subquest","","","","","ManualTask"
"~|Monkey Madness II|~ 18","subquest","","","","","ManualTask"
"~|Monkey Madness II|~ 19","subquest","","","","","ManualTask"
"~|Monkey Madness II|~ 20","subquest","","","","","ManualTask"
"~|Monkey Madness II|~ 21","subquest","","","","","ManualTask"
"~|Monkey Madness II|~ 22","subquest","","","","","ManualTask"
"~|Monkey Madness II|~ 23","subquest","","","","","ManualTask"
"Quest: Monkey Madness II","quest","","","","","QuestTask"
"~|Mountain Daughter|~ 1","subquest","","","","","ManualTask"
"~|Mountain Daughter|~ 2","subquest","","","","","ManualTask"
"~|Mountain Daughter|~ 3a1","subquest","","","","","ManualTask"
"~|Mountain Daughter|~ 3a2","subquest","","","","","ManualTask"
"~|Mountain Daughter|~ 3a3","subquest","","","","","ManualTask"
"~|Mountain Daughter|~ 3a4","subquest","","","","","ManualTask"
"~|Mountain Daughter|~ 3a5","subquest","","","","","ManualTask"
"~|Mountain Daughter|~ 3a6","subquest","","","","","ManualTask"
"~|Mountain Daughter|~ 3b1","subquest","","","","","ManualTask"
"~|Mountain Daughter|~ 3b2","subquest","","","","","ManualTask"
"~|Mountain Daughter|~ 3b3","subquest","","","","","ManualTask"
"~|Mountain Daughter|~ 4","subquest","","","","","ManualTask"
"~|Mountain Daughter|~ 5","subquest","","","","","ManualTask"
"Quest: Mountain Daughter","quest","","","","","QuestTask"
"~|Mourning's End Part I|~ 1","subquest","","","","","ManualTask"
"~|Mourning's End Part I|~ 2","subquest","","","","","ManualTask"
"~|Mourning's End Part I|~ 3","subquest","","","","","ManualTask"
"~|Mourning's End Part I|~ 4","subquest","","","","","ManualTask"
"~|Mourning's End Part I|~ 5","subquest","","","","","ManualTask"
"~|Mourning's End Part I|~ 6","subquest","","","","","ManualTask"
"~|Mourning's End Part I|~ 7","subquest","","","","","ManualTask"
"~|Mourning's End Part I|~ 8","subquest","","","","","ManualTask"
"~|Mourning's End Part I|~ 9","subquest","","","","","ManualTask"
"~|Mourning's End Part I|~ 10","subquest","","","","","ManualTask"
"~|Mourning's End Part I|~ 11","subquest","","","","","ManualTask"
"~|Mourning's End Part I|~ 12","subquest","","","","","ManualTask"
"~|Mourning's End Part I|~ 13","subquest","","","","","ManualTask"
"~|Mourning's End Part I|~ 14","subquest","","","","","ManualTask"
"~|Mourning's End Part I|~ 15","subquest","","","","","ManualTask"
"~|Mourning's End Part I|~ 16","subquest","","","","","ManualTask"
"~|Mourning's End Part I|~ 17","subquest","","","","","ManualTask"
"Quest: Mourning's End Part I","quest","","","","","QuestTask"
"~|Mourning's End Part II|~ 1","subquest","","","","","ManualTask"
"~|Mourning's End Part II|~ 2","subquest","","","","","ManualTask"
"~|Mourning's End Part II|~ 3","subquest","","","","","ManualTask"
"~|Mourning's End Part II|~ 4","subquest","","","","","ManualTask"
"~|Mourning's End Part II|~ 5","subquest","","","","","ManualTask"
"~|Mourning's End Part II|~ 6","subquest","","","","","ManualTask"
"~|Mourning's End Part II|~ 7","subquest","","","","","ManualTask"
"~|Mourning's End Part II|~ 8","subquest","","","","","ManualTask"
"Quest: Mourning's End Part II","quest","","","","","QuestTask"
"~|Murder Mystery|~ 1","subquest","","","","","ManualTask"
"~|Murder Mystery|~ 2","subquest","","","","","ManualTask"
"~|Murder Mystery|~ 3","subquest","","","","","ManualTask"
"~|Murder Mystery|~ 4","subquest","","","","","ManualTask"
"~|Murder Mystery|~ 5","subquest","","","","","ManualTask"
"Quest: Murder Mystery","quest","","","","","QuestTask"
"~|My Arm's Big Adventure|~ 1","subquest","","","","","ManualTask"
"~|My Arm's Big Adventure|~ 2","subquest","","","","","ManualTask"
"~|My Arm's Big Adventure|~ 3","subquest","","","","","ManualTask"
"~|My Arm's Big Adventure|~ 4","subquest","","","","","ManualTask"
"~|My Arm's Big Adventure|~ 5","subquest","","","","","ManualTask"
"~|My Arm's Big Adventure|~ 6","subquest","","","","","ManualTask"
"~|My Arm's Big Adventure|~ 7","subquest","","","","","ManualTask"
"~|My Arm's Big Adventure|~ 8","subquest","","","","","ManualTask"
"~|My Arm's Big Adventure|~ 9","subquest","","","","","ManualTask"
"~|My Arm's Big Adventure|~ 10","subquest","","","","","ManualTask"
"~|My Arm's Big Adventure|~ 11","subquest","","","","","ManualTask"
"~|My Arm's Big Adventure|~ 12","subquest","","","","","ManualTask"
"Quest: My Arm's Big Adventure","quest","","","","","QuestTask"
"~|Nature Spirit|~ 1","subquest","","","","","ManualTask"
"~|Nature Spirit|~ 2","subquest","","","","","ManualTask"
"~|Nature Spirit|~ 3","subquest","","","","","ManualTask"
"~|Nature Spirit|~ 4","subquest","","","","","ManualTask"
"~|Nature Spirit|~ 5","subquest","","","","","ManualTask"
"~|Nature Spirit|~ 6","subquest","","","","","ManualTask"
"~|Nature Spirit|~ 7","subquest","","","","","ManualTask"
"~|Nature Spirit|~ 8","subquest","","","","","ManualTask"
"Quest: Nature Spirit","quest","","","","","QuestTask"
"~|A Night at the Theatre|~ 1","subquest","","","","","ManualTask"
"~|A Night at the Theatre|~ 2","subquest","","","","","ManualTask"
"~|A Night at the Theatre|~ 3","subquest","","","","","ManualTask"
"~|A Night at the Theatre|~ 4","subquest","","","","","ManualTask"
"~|A Night at the Theatre|~ 5","subquest","","","","","ManualTask"
"~|A Night at the Theatre|~ 6","subquest","","","","","ManualTask"
"~|A Night at the Theatre|~ 7","subquest","","","","","ManualTask"
"~|A Night at the Theatre|~ 8","subquest","","","","","ManualTask"
"~|A Night at the Theatre|~ 9","subquest","","","","","ManualTask"
"~|A Night at the Theatre|~ 10","subquest","","","","","ManualTask"
"~|A Night at the Theatre|~ 11","subquest","","","","","ManualTask"
"Quest: A Night at the Theatre","quest","","","","","QuestTask"
"~|Observatory Quest|~ 1","subquest","","","","","ManualTask"
"~|Observatory Quest|~ 2","subquest","","","","","ManualTask"
"~|Observatory Quest|~ 3","subquest","","","","","ManualTask"
"~|Observatory Quest|~ 4","subquest","","","","","ManualTask"
"~|Observatory Quest|~ 5","subquest","","","","","ManualTask"
"~|Observatory Quest|~ 6","subquest","","","","","ManualTask"
"~|Observatory Quest|~ 7","subquest","","","","","ManualTask"
"Quest: Observatory Quest","quest","","","","","QuestTask"
"~|Olaf's Quest|~ 1","subquest","","","","","ManualTask"
"~|Olaf's Quest|~ 2","subquest","","","","","ManualTask"
"~|Olaf's Quest|~ 3","subquest","","","","","ManualTask"
"~|Olaf's Quest|~ 4","subquest","","","","","ManualTask"
"~|Olaf's Quest|~ 5","subquest","","","","","ManualTask"
"Quest: Olaf's Quest","quest","","","","","QuestTask"
"~|One Small Favour|~ 1","subquest","","","","","ManualTask"
"~|One Small Favour|~ 2","subquest","","","","","ManualTask"
"~|One Small Favour|~ 3","subquest","","","","","ManualTask"
"~|One Small Favour|~ 4","subquest","","","","","ManualTask"
"~|One Small Favour|~ 5","subquest","","","","","ManualTask"
"~|One Small Favour|~ 6","subquest","","","","","ManualTask"
"~|One Small Favour|~ 7","subquest","","","","","ManualTask"
"~|One Small Favour|~ 8","subquest","","","","","ManualTask"
"~|One Small Favour|~ 9","subquest","","","","","ManualTask"
"~|One Small Favour|~ 10","subquest","","","","","ManualTask"
"~|One Small Favour|~ 11","subquest","","","","","ManualTask"
"~|One Small Favour|~ 12","subquest","","","","","ManualTask"
"~|One Small Favour|~ 13","subquest","","","","","ManualTask"
"~|One Small Favour|~ 14","subquest","","","","","ManualTask"
"~|One Small Favour|~ 15","subquest","","","","","ManualTask"
"~|One Small Favour|~ 16","subquest","","","","","ManualTask"
"~|One Small Favour|~ 17","subquest","","","","","ManualTask"
"~|One Small Favour|~ 18","subquest","","","","","ManualTask"
"~|One Small Favour|~ 19","subquest","","","","","ManualTask"
"~|One Small Favour|~ 20","subquest","","","","","ManualTask"
"~|One Small Favour|~ 21","subquest","","","","","ManualTask"
"~|One Small Favour|~ 22","subquest","","","","","ManualTask"
"~|One Small Favour|~ 23","subquest","","","","","ManualTask"
"~|One Small Favour|~ 24","subquest","","","","","ManualTask"
"~|One Small Favour|~ 25","subquest","","","","","ManualTask"
"~|One Small Favour|~ 26","subquest","","","","","ManualTask"
"~|One Small Favour|~ 27","subquest","","","","","ManualTask"
"~|One Small Favour|~ 28","subquest","","","","","ManualTask"
"~|One Small Favour|~ 29","subquest","","","","","ManualTask"
"~|One Small Favour|~ 30","subquest","","","","","ManualTask"
"~|One Small Favour|~ 31","subquest","","","","","ManualTask"
"~|One Small Favour|~ 32","subquest","","","","","ManualTask"
"~|One Small Favour|~ 33","subquest","","","","","ManualTask"
"~|One Small Favour|~ 34","subquest","","","","","ManualTask"
"~|One Small Favour|~ 35","subquest","","","","","ManualTask"
"~|One Small Favour|~ 36","subquest","","","","","ManualTask"
"~|One Small Favour|~ 37","subquest","","","","","ManualTask"
"~|One Small Favour|~ 38","subquest","","","","","ManualTask"
"~|One Small Favour|~ 39","subquest","","","","","ManualTask"
"~|One Small Favour|~ 40","subquest","","","","","ManualTask"
"Quest: One Small Favour","quest","","","","","QuestTask"
"~|Perilous Moons|~ 1","subquest","","","","","ManualTask"
"~|Perilous Moons|~ 2","subquest","","","","","ManualTask"
"~|Perilous Moons|~ 3","subquest","","","","","ManualTask"
"~|Perilous Moons|~ 4","subquest","","","","","ManualTask"
"Quest: Perilous Moons","quest","","","","","QuestTask"
"~|Plague City|~ 1","subquest","","","","","ManualTask"
"~|Plague City|~ 2","subquest","","","","","ManualTask"
"~|Plague City|~ 3","subquest","","","","","ManualTask"
"~|Plague City|~ 4","subquest","","","","","ManualTask"
"~|Plague City|~ 5","subquest","","","","","ManualTask"
"~|Plague City|~ 6","subquest","","","","","ManualTask"
"~|Plague City|~ 7","subquest","","","","","ManualTask"
"~|Plague City|~ 8","subquest","","","","","ManualTask"
"~|Plague City|~ 9","subquest","","","","","ManualTask"
"~|Plague City|~ 10","subquest","","","","","ManualTask"
"Quest: Plague City","quest","","","","","QuestTask"
"~|A Porcine of Interest|~ 1","subquest","","","","","ManualTask"
"~|A Porcine of Interest|~ 2","subquest","","","","","ManualTask"
"~|A Porcine of Interest|~ 3","subquest","","","","","ManualTask"
"~|A Porcine of Interest|~ 4","subquest","","","","","ManualTask"
"~|A Porcine of Interest|~ 5","subquest","","","","","ManualTask"
"~|A Porcine of Interest|~ 6","subquest","","","","","ManualTask"
"~|A Porcine of Interest|~ 7","subquest","","","","","ManualTask"
"~|A Porcine of Interest|~ 8","subquest","","","","","ManualTask"
"Quest: A Porcine of Interest","quest","","","","","QuestTask"
"~|Priest in Peril|~ 1","subquest","","","","","ManualTask"
"~|Priest in Peril|~ 2","subquest","","","","","ManualTask"
"~|Priest in Peril|~ 3","subquest","","","","","ManualTask"
"~|Priest in Peril|~ 4","subquest","","","","","ManualTask"
"~|Priest in Peril|~ 5","subquest","","","","","ManualTask"
"Quest: Priest in Peril","quest","","","","","QuestTask"
"~|The Queen of Thieves|~ 1","subquest","","","","","ManualTask"
"~|The Queen of Thieves|~ 2","subquest","","","","","ManualTask"
"~|The Queen of Thieves|~ 3","subquest","","","","","ManualTask"
"~|The Queen of Thieves|~ 4","subquest","","","","","ManualTask"
"~|The Queen of Thieves|~ 5","subquest","","","","","ManualTask"
"~|The Queen of Thieves|~ 6","subquest","","","","","ManualTask"
"~|The Queen of Thieves|~ 7","subquest","","","","","ManualTask"
"~|The Queen of Thieves|~ 8","subquest","","","","","ManualTask"
"~|The Queen of Thieves|~ 9","subquest","","","","","ManualTask"
"Quest: The Queen of Thieves","quest","","","","","QuestTask"
"~|Rag and Bone Man I|~ 1","subquest","","","","","ManualTask"
"~|Rag and Bone Man I|~ 2a","subquest","","","","","ManualTask"
"~|Rag and Bone Man I|~ 2b","subquest","","","","","ManualTask"
"~|Rag and Bone Man I|~ 2c","subquest","","","","","ManualTask"
"~|Rag and Bone Man I|~ 2d","subquest","","","","","ManualTask"
"~|Rag and Bone Man I|~ 2e","subquest","","","","","ManualTask"
"~|Rag and Bone Man I|~ 2f","subquest","","","","","ManualTask"
"~|Rag and Bone Man I|~ 2g","subquest","","","","","ManualTask"
"~|Rag and Bone Man I|~ 2h","subquest","","","","","ManualTask"
"~|Rag and Bone Man I|~ 3","subquest","","","","","ManualTask"
"Quest: Rag and Bone Man I","quest","","","","","QuestTask"
"~|Rag and Bone Man II|~ 1","subquest","","","","","ManualTask"
"~|Rag and Bone Man II|~ 2a","subquest","","","","","ManualTask"
"~|Rag and Bone Man II|~ 2b","subquest","","","","","ManualTask"
"~|Rag and Bone Man II|~ 2c","subquest","","","","","ManualTask"
"~|Rag and Bone Man II|~ 2d","subquest","","","","","ManualTask"
"~|Rag and Bone Man II|~ 2e","subquest","","","","","ManualTask"
"~|Rag and Bone Man II|~ 2f","subquest","","","","","ManualTask"
"~|Rag and Bone Man II|~ 2g","subquest","","","","","ManualTask"
"~|Rag and Bone Man II|~ 2h","subquest","","","","","ManualTask"
"~|Rag and Bone Man II|~ 2i","subquest","","","","","ManualTask"
"~|Rag and Bone Man II|~ 2j","subquest","","","","","ManualTask"
"~|Rag and Bone Man II|~ 2k","subquest","","","","","ManualTask"
"~|Rag and Bone Man II|~ 2l","subquest","","","","","ManualTask"
"~|Rag and Bone Man II|~ 2m","subquest","","","","","ManualTask"
"~|Rag and Bone Man II|~ 2n","subquest","","","","","ManualTask"
"~|Rag and Bone Man II|~ 2o","subquest","","","","","ManualTask"
"~|Rag and Bone Man II|~ 2p","subquest","","","","","ManualTask"
"~|Rag and Bone Man II|~ 2q","subquest","","","","","ManualTask"
"~|Rag and Bone Man II|~ 2r","subquest","","","","","ManualTask"
"~|Rag and Bone Man II|~ 2s","subquest","","","","","ManualTask"
"~|Rag and Bone Man II|~ 2t","subquest","","","","","ManualTask"
"~|Rag and Bone Man II|~ 2u","subquest","","","","","ManualTask"
"~|Rag and Bone Man II|~ 2v","subquest","","","","","ManualTask"
"~|Rag and Bone Man II|~ 2w","subquest","","","","","ManualTask"
"~|Rag and Bone Man II|~ 2x","subquest","","","","","ManualTask"
"~|Rag and Bone Man II|~ 2y","subquest","","","","","ManualTask"
"~|Rag and Bone Man II|~ 2z","subquest","","","","","ManualTask"
"~|Rag and Bone Man II|~ 2aa","subquest","","","","","ManualTask"
"~|Rag and Bone Man II|~ 3","subquest","","","","","ManualTask"
"Quest: Rag and Bone Man II","quest","","","","","QuestTask"
"~|Ratcatchers|~ 1","subquest","","","","","ManualTask"
"~|Ratcatchers|~ 2","subquest","","","","","ManualTask"
"~|Ratcatchers|~ 3","subquest","","","","","ManualTask"
"~|Ratcatchers|~ 4","subquest","","","","","ManualTask"
"~|Ratcatchers|~ 5","subquest","","","","","ManualTask"
"~|Ratcatchers|~ 6","subquest","","","","","ManualTask"
"~|Ratcatchers|~ 7","subquest","","","","","ManualTask"
"~|Ratcatchers|~ 8","subquest","","","","","ManualTask"
"~|Ratcatchers|~ 9","subquest","","","","","ManualTask"
"~|Ratcatchers|~ 10","subquest","","","","","ManualTask"
"~|Ratcatchers|~ 11","subquest","","","","","ManualTask"
"~|Ratcatchers|~ 12","subquest","","","","","ManualTask"
"~|Ratcatchers|~ 13","subquest","","","","","ManualTask"
"~|Ratcatchers|~ 14","subquest","","","","","ManualTask"
"~|Ratcatchers|~ 15","subquest","","","","","ManualTask"
"Quest: Ratcatchers","quest","","","","","QuestTask"
"~|Recipe for Disaster/Another Cook's Quest|~ 1","subquest","","","","","ManualTask"
"~|Recipe for Disaster/Another Cook's Quest|~ 2","subquest","","","","","ManualTask"
"Quest: Recipe for Disaster/Another Cook's Quest","quest","","","","","QuestTask"
"~|Recipe for Disaster/Freeing the Mountain Dwarf|~ 1","subquest","","","","","ManualTask"
"~|Recipe for Disaster/Freeing the Mountain Dwarf|~ 2","subquest","","","","","ManualTask"
"~|Recipe for Disaster/Freeing the Mountain Dwarf|~ 3","subquest","","","","","ManualTask"
"~|Recipe for Disaster/Freeing the Mountain Dwarf|~ 4","subquest","","","","","ManualTask"
"Quest: Recipe for Disaster/Freeing the Mountain Dwarf","quest","","","","","QuestTask"
"~|Recipe for Disaster/Freeing the Goblin generals|~ 1","subquest","","","","","ManualTask"
"~|Recipe for Disaster/Freeing the Goblin generals|~ 2","subquest","","","","","ManualTask"
"~|Recipe for Disaster/Freeing the Goblin generals|~ 3","subquest","","","","","ManualTask"
"Quest: Recipe for Disaster/Freeing the Goblin generals","quest","","","","","QuestTask"
"~|Recipe for Disaster/Freeing Pirate Pete|~ 1","subquest","","","","","ManualTask"
"~|Recipe for Disaster/Freeing Pirate Pete|~ 2","subquest","","","","","ManualTask"
"~|Recipe for Disaster/Freeing Pirate Pete|~ 3","subquest","","","","","ManualTask"
"~|Recipe for Disaster/Freeing Pirate Pete|~ 4","subquest","","","","","ManualTask"
"~|Recipe for Disaster/Freeing Pirate Pete|~ 5","subquest","","","","","ManualTask"
"~|Recipe for Disaster/Freeing Pirate Pete|~ 6","subquest","","","","","ManualTask"
"~|Recipe for Disaster/Freeing Pirate Pete|~ 7","subquest","","","","","ManualTask"
"Quest: Recipe for Disaster/Freeing Pirate Pete","quest","","","","","QuestTask"
"~|Recipe for Disaster/Freeing the Lumbridge Guide|~ 1","subquest","","","","","ManualTask"
"~|Recipe for Disaster/Freeing the Lumbridge Guide|~ 2","subquest","","","","","ManualTask"
"~|Recipe for Disaster/Freeing the Lumbridge Guide|~ 3","subquest","","","","","ManualTask"
"~|Recipe for Disaster/Freeing the Lumbridge Guide|~ 4","subquest","","","","","ManualTask"
"Quest: Recipe for Disaster/Freeing the Lumbridge Guide","quest","","","","","QuestTask"
"~|Recipe for Disaster/Freeing Evil Dave|~ 1","subquest","","","","","ManualTask"
"~|Recipe for Disaster/Freeing Evil Dave|~ 2","subquest","","","","","ManualTask"
"~|Recipe for Disaster/Freeing Evil Dave|~ 3","subquest","","","","","ManualTask"
"~|Recipe for Disaster/Freeing Evil Dave|~ 4","subquest","","","","","ManualTask"
"Quest: Recipe for Disaster/Freeing Evil Dave","quest","","","","","QuestTask"
"~|Recipe for Disaster/Freeing King Awowogei|~ 1","subquest","","","","","ManualTask"
"~|Recipe for Disaster/Freeing King Awowogei|~ 2","subquest","","","","","ManualTask"
"~|Recipe for Disaster/Freeing King Awowogei|~ 3","subquest","","","","","ManualTask"
"~|Recipe for Disaster/Freeing King Awowogei|~ 4","subquest","","","","","ManualTask"
"~|Recipe for Disaster/Freeing King Awowogei|~ 5","subquest","","","","","ManualTask"
"~|Recipe for Disaster/Freeing King Awowogei|~ 6","subquest","","","","","ManualTask"
"~|Recipe for Disaster/Freeing King Awowogei|~ 7","subquest","","","","","ManualTask"
"~|Recipe for Disaster/Freeing King Awowogei|~ 8","subquest","","","","","ManualTask"
"~|Recipe for Disaster/Freeing King Awowogei|~ 9","subquest","","","","","ManualTask"
"~|Recipe for Disaster/Freeing King Awowogei|~ 10","subquest","","","","","ManualTask"
"Quest: Recipe for Disaster/Freeing King Awowogei","quest","","","","","QuestTask"
"~|Recipe for Disaster/Freeing Sir Amik Varze|~ 1","subquest","","","","","ManualTask"
"~|Recipe for Disaster/Freeing Sir Amik Varze|~ 2","subquest","","","","","ManualTask"
"~|Recipe for Disaster/Freeing Sir Amik Varze|~ 3","subquest","","","","","ManualTask"
"~|Recipe for Disaster/Freeing Sir Amik Varze|~ 4","subquest","","","","","ManualTask"
"~|Recipe for Disaster/Freeing Sir Amik Varze|~ 5","subquest","","","","","ManualTask"
"~|Recipe for Disaster/Freeing Sir Amik Varze|~ 6","subquest","","","","","ManualTask"
"~|Recipe for Disaster/Freeing Sir Amik Varze|~ 7","subquest","","","","","ManualTask"
"~|Recipe for Disaster/Freeing Sir Amik Varze|~ 8","subquest","","","","","ManualTask"
"~|Recipe for Disaster/Freeing Sir Amik Varze|~ 9","subquest","","","","","ManualTask"
"~|Recipe for Disaster/Freeing Sir Amik Varze|~ 10","subquest","","","","","ManualTask"
"Quest: Recipe for Disaster/Freeing Sir Amik Varze","quest","","","","","QuestTask"
"~|Recipe for Disaster/Freeing Skrach Uglogwee|~ 1","subquest","","","","","ManualTask"
"~|Recipe for Disaster/Freeing Skrach Uglogwee|~ 2","subquest","","","","","ManualTask"
"~|Recipe for Disaster/Freeing Skrach Uglogwee|~ 3","subquest","","","","","ManualTask"
"~|Recipe for Disaster/Freeing Skrach Uglogwee|~ 4","subquest","","","","","ManualTask"
"~|Recipe for Disaster/Freeing Skrach Uglogwee|~ 5","subquest","","","","","ManualTask"
"Quest: Recipe for Disaster/Freeing Skrach Uglogwee","quest","","","","","QuestTask"
"~|Recipe for Disaster/Defeating the Culinaromancer|~ 1","subquest","","","","","ManualTask"
"Quest: Recipe for Disaster/Defeating the Culinaromancer","quest","","","","","QuestTask"
"~|Recruitment Drive|~ 1","subquest","","","","","ManualTask"
"~|Recruitment Drive|~ 2","subquest","","","","","ManualTask"
"~|Recruitment Drive|~ 3","subquest","","","","","ManualTask"
"Quest: Recruitment Drive","quest","","","","","QuestTask"
"~|Regicide|~ 1","subquest","","","","","ManualTask"
"~|Regicide|~ 2","subquest","","","","","ManualTask"
"~|Regicide|~ 3","subquest","","","","","ManualTask"
"~|Regicide|~ 4","subquest","","","","","ManualTask"
"~|Regicide|~ 5","subquest","","","","","ManualTask"
"~|Regicide|~ 6","subquest","","","","","ManualTask"
"~|Regicide|~ 7","subquest","","","","","ManualTask"
"~|Regicide|~ 8","subquest","","","","","ManualTask"
"~|Regicide|~ 9","subquest","","","","","ManualTask"
"~|Regicide|~ 10","subquest","","","","","ManualTask"
"~|Regicide|~ 11","subquest","","","","","ManualTask"
"~|Regicide|~ 12","subquest","","","","","ManualTask"
"~|Regicide|~ 13","subquest","","","","","ManualTask"
"~|Regicide|~ 14","subquest","","","","","ManualTask"
"~|Regicide|~ 15","subquest","","","","","ManualTask"
"~|Regicide|~ 16","subquest","","","","","ManualTask"
"~|Regicide|~ 17","subquest","","","","","ManualTask"
"~|Regicide|~ 18","subquest","","","","","ManualTask"
"Quest: Regicide","quest","","","","","QuestTask"
"~|The Ribbiting Tale of a Lily Pad Labour Dispute|~ 1","subquest","","","","","ManualTask"
"~|The Ribbiting Tale of a Lily Pad Labour Dispute|~ 2","subquest","","","","","ManualTask"
"Quest: The Ribbiting Tale of a Lily Pad Labour Dispute","quest","","","","","QuestTask"
"~|Roving Elves|~ 1","subquest","","","","","ManualTask"
"~|Roving Elves|~ 2","subquest","","","","","ManualTask"
"~|Roving Elves|~ 3","subquest","","","","","ManualTask"
"~|Roving Elves|~ 4","subquest","","","","","ManualTask"
"~|Roving Elves|~ 5","subquest","","","","","ManualTask"
"Quest: Roving Elves","quest","","","","","QuestTask"
"~|Royal Trouble|~ 1","subquest","","","","","ManualTask"
"~|Royal Trouble|~ 2","subquest","","","","","ManualTask"
"~|Royal Trouble|~ 3","subquest","","","","","ManualTask"
"~|Royal Trouble|~ 4","subquest","","","","","ManualTask"
"~|Royal Trouble|~ 5","subquest","","","","","ManualTask"
"~|Royal Trouble|~ 6","subquest","","","","","ManualTask"
"~|Royal Trouble|~ 7","subquest","","","","","ManualTask"
"~|Royal Trouble|~ 8","subquest","","","","","ManualTask"
"~|Royal Trouble|~ 9","subquest","","","","","ManualTask"
"~|Royal Trouble|~ 10","subquest","","","","","ManualTask"
"~|Royal Trouble|~ 11","subquest","","","","","ManualTask"
"~|Royal Trouble|~ 12","subquest","","","","","ManualTask"
"Quest: Royal Trouble","quest","","","","","QuestTask"
"~|Rum Deal|~ 1","subquest","","","","","ManualTask"
"~|Rum Deal|~ 2","subquest","","","","","ManualTask"
"~|Rum Deal|~ 3","subquest","","","","","ManualTask"
"Quest: Rum Deal","quest","","","","","QuestTask"
"~|Secrets of the North|~ 1","subquest","","","","","ManualTask"
"~|Secrets of the North|~ 2","subquest","","","","","ManualTask"
"~|Secrets of the North|~ 3","subquest","","","","","ManualTask"
"~|Secrets of the North|~ 4","subquest","","","","","ManualTask"
"~|Secrets of the North|~ 5","subquest","","","","","ManualTask"
"~|Secrets of the North|~ 6","subquest","","","","","ManualTask"
"~|Secrets of the North|~ 7","subquest","","","","","ManualTask"
"~|Secrets of the North|~ 8","subquest","","","","","ManualTask"
"~|Secrets of the North|~ 9","subquest","","","","","ManualTask"
"~|Secrets of the North|~ 10","subquest","","","","","ManualTask"
"~|Secrets of the North|~ 11","subquest","","","","","ManualTask"
"~|Secrets of the North|~ 12","subquest","","","","","ManualTask"
"~|Secrets of the North|~ 13","subquest","","","","","ManualTask"
"Quest: Secrets of the North","quest","","","","","QuestTask"
"~|Scorpion Catcher|~ 1","subquest","","","","","ManualTask"
"~|Scorpion Catcher|~ 2","subquest","","","","","ManualTask"
"~|Scorpion Catcher|~ 3","subquest","","","","","ManualTask"
"~|Scorpion Catcher|~ 4","subquest","","","","","ManualTask"
"~|Scorpion Catcher|~ 5a","subquest","","","","","ManualTask"
"~|Scorpion Catcher|~ 5b","subquest","","","","","ManualTask"
"~|Scorpion Catcher|~ 6","subquest","","","","","ManualTask"
"Quest: Scorpion Catcher","quest","","","","","QuestTask"
"~|Scrambled!|~ 1","subquest","","","","","ManualTask"
"~|Scrambled!|~ 2","subquest","","","","","ManualTask"
"~|Scrambled!|~ 3a1","subquest","","","","","ManualTask"
"~|Scrambled!|~ 3a2","subquest","","","","","ManualTask"
"~|Scrambled!|~ 3b1","subquest","","","","","ManualTask"
"~|Scrambled!|~ 3b2","subquest","","","","","ManualTask"
"~|Scrambled!|~ 3c1","subquest","","","","","ManualTask"
"~|Scrambled!|~ 3c2","subquest","","","","","ManualTask"
"~|Scrambled!|~ 4","subquest","","","","","ManualTask"
"~|Scrambled!|~ 5a1","subquest","","","","","ManualTask"
"~|Scrambled!|~ 5a2","subquest","","","","","ManualTask"
"~|Scrambled!|~ 5b1","subquest","","","","","ManualTask"
"~|Scrambled!|~ 5b2","subquest","","","","","ManualTask"
"~|Scrambled!|~ 5c1","subquest","","","","","ManualTask"
"~|Scrambled!|~ 5c2","subquest","","","","","ManualTask"
"~|Scrambled!|~ 6","subquest","","","","","ManualTask"
"Quest: Scrambled!","quest","","","","","QuestTask"
"~|Sea Slug|~ 1","subquest","","","","","ManualTask"
"~|Sea Slug|~ 2","subquest","","","","","ManualTask"
"~|Sea Slug|~ 3","subquest","","","","","ManualTask"
"~|Sea Slug|~ 4","subquest","","","","","ManualTask"
"Quest: Sea Slug","quest","","","","","QuestTask"
"~|Shades of Mort'ton|~ 1","subquest","","","","","ManualTask"
"~|Shades of Mort'ton|~ 2","subquest","","","","","ManualTask"
"~|Shades of Mort'ton|~ 3","subquest","","","","","ManualTask"
"~|Shades of Mort'ton|~ 4","subquest","","","","","ManualTask"
"Quest: Shades of Mort'ton","quest","","","","","QuestTask"
"~|Shadow of the Storm|~ 1","subquest","","","","","ManualTask"
"~|Shadow of the Storm|~ 2","subquest","","","","","ManualTask"
"~|Shadow of the Storm|~ 3","subquest","","","","","ManualTask"
"~|Shadow of the Storm|~ 4","subquest","","","","","ManualTask"
"~|Shadow of the Storm|~ 5","subquest","","","","","ManualTask"
"~|Shadow of the Storm|~ 6","subquest","","","","","ManualTask"
"Quest: Shadow of the Storm","quest","","","","","QuestTask"
"~|Shadows of Custodia|~ 1","subquest","","","","","ManualTask"
"~|Shadows of Custodia|~ 2","subquest","","","","","ManualTask"
"~|Shadows of Custodia|~ 3","subquest","","","","","ManualTask"
"~|Shadows of Custodia|~ 4a1","subquest","","","","","ManualTask"
"~|Shadows of Custodia|~ 4a2","subquest","","","","","ManualTask"
"~|Shadows of Custodia|~ 4b","subquest","","","","","ManualTask"
"~|Shadows of Custodia|~ 5","subquest","","","","","ManualTask"
"~|Shadows of Custodia|~ 6","subquest","","","","","ManualTask"
"~|Shadows of Custodia|~ 7","subquest","","","","","ManualTask"
"Quest: Shadows of Custodia","quest","","","","","QuestTask"
"~|Sheep Herder|~ 1","subquest","","","","","ManualTask"
"~|Sheep Herder|~ 2","subquest","","","","","ManualTask"
"~|Sheep Herder|~ 3","subquest","","","","","ManualTask"
"Quest: Sheep Herder","quest","","","","","QuestTask"
"~|Shilo Village|~ 1","subquest","","","","","ManualTask"
"~|Shilo Village|~ 2","subquest","","","","","ManualTask"
"~|Shilo Village|~ 3","subquest","","","","","ManualTask"
"~|Shilo Village|~ 4","subquest","","","","","ManualTask"
"~|Shilo Village|~ 5","subquest","","","","","ManualTask"
"~|Shilo Village|~ 6","subquest","","","","","ManualTask"
"~|Shilo Village|~ 7","subquest","","","","","ManualTask"
"~|Shilo Village|~ 8","subquest","","","","","ManualTask"
"Quest: Shilo Village","quest","","","","","QuestTask"
"~|Sins of the Father|~ 1","subquest","","","","","ManualTask"
"~|Sins of the Father|~ 2","subquest","","","","","ManualTask"
"~|Sins of the Father|~ 3","subquest","","","","","ManualTask"
"~|Sins of the Father|~ 4","subquest","","","","","ManualTask"
"~|Sins of the Father|~ 5","subquest","","","","","ManualTask"
"~|Sins of the Father|~ 6","subquest","","","","","ManualTask"
"~|Sins of the Father|~ 7","subquest","","","","","ManualTask"
"~|Sins of the Father|~ 8","subquest","","","","","ManualTask"
"~|Sins of the Father|~ 9","subquest","","","","","ManualTask"
"~|Sins of the Father|~ 10","subquest","","","","","ManualTask"
"~|Sins of the Father|~ 11","subquest","","","","","ManualTask"
"~|Sins of the Father|~ 12","subquest","","","","","ManualTask"
"~|Sins of the Father|~ 13","subquest","","","","","ManualTask"
"~|Sins of the Father|~ 14","subquest","","","","","ManualTask"
"~|Sins of the Father|~ 15","subquest","","","","","ManualTask"
"~|Sins of the Father|~ 16","subquest","","","","","ManualTask"
"~|Sins of the Father|~ 17","subquest","","","","","ManualTask"
"~|Sins of the Father|~ 18","subquest","","","","","ManualTask"
"~|Sins of the Father|~ 19","subquest","","","","","ManualTask"
"~|Sins of the Father|~ 20","subquest","","","","","ManualTask"
"~|Sins of the Father|~ 21","subquest","","","","","ManualTask"
"~|Sins of the Father|~ 22","subquest","","","","","ManualTask"
"~|Sins of the Father|~ 23","subquest","","","","","ManualTask"
"~|Sins of the Father|~ 24","subquest","","","","","ManualTask"
"~|Sins of the Father|~ 25","subquest","","","","","ManualTask"
"~|Sins of the Father|~ 26","subquest","","","","","ManualTask"
"Quest: Sins of the Father","quest","","","","","QuestTask"
"~|Sleeping Giants|~ 1","subquest","","","","","ManualTask"
"~|Sleeping Giants|~ 2a","subquest","","","","","ManualTask"
"~|Sleeping Giants|~ 2b","subquest","","","","","ManualTask"
"~|Sleeping Giants|~ 2c","subquest","","","","","ManualTask"
"~|Sleeping Giants|~ 3","subquest","","","","","ManualTask"
"~|Sleeping Giants|~ 4","subquest","","","","","ManualTask"
"Quest: Sleeping Giants","quest","","","","","QuestTask"
"~|The Slug Menace|~ 1","subquest","","","","","ManualTask"
"~|The Slug Menace|~ 2","subquest","","","","","ManualTask"
"~|The Slug Menace|~ 3","subquest","","","","","ManualTask"
"~|The Slug Menace|~ 4","subquest","","","","","ManualTask"
"~|The Slug Menace|~ 5","subquest","","","","","ManualTask"
"~|The Slug Menace|~ 6","subquest","","","","","ManualTask"
"~|The Slug Menace|~ 7","subquest","","","","","ManualTask"
"~|The Slug Menace|~ 8a","subquest","","","","","ManualTask"
"~|The Slug Menace|~ 8b","subquest","","","","","ManualTask"
"~|The Slug Menace|~ 8c","subquest","","","","","ManualTask"
"~|The Slug Menace|~ 8d","subquest","","","","","ManualTask"
"~|The Slug Menace|~ 8e","subquest","","","","","ManualTask"
"~|The Slug Menace|~ 9","subquest","","","","","ManualTask"
"~|The Slug Menace|~ 10","subquest","","","","","ManualTask"
"Quest: The Slug Menace","quest","","","","","QuestTask"
"~|Song of the Elves|~ 1","subquest","","","","","ManualTask"
"~|Song of the Elves|~ 2","subquest","","","","","ManualTask"
"~|Song of the Elves|~ 3","subquest","","","","","ManualTask"
"~|Song of the Elves|~ 4","subquest","","","","","ManualTask"
"~|Song of the Elves|~ 5","subquest","","","","","ManualTask"
"~|Song of the Elves|~ 6","subquest","","","","","ManualTask"
"~|Song of the Elves|~ 7","subquest","","","","","ManualTask"
"~|Song of the Elves|~ 8","subquest","","","","","ManualTask"
"~|Song of the Elves|~ 9","subquest","","","","","ManualTask"
"~|Song of the Elves|~ 10a","subquest","","","","","ManualTask"
"~|Song of the Elves|~ 10b","subquest","","","","","ManualTask"
"~|Song of the Elves|~ 10c","subquest","","","","","ManualTask"
"~|Song of the Elves|~ 10d","subquest","","","","","ManualTask"
"~|Song of the Elves|~ 11","subquest","","","","","ManualTask"
"~|Song of the Elves|~ 12","subquest","","","","","ManualTask"
"~|Song of the Elves|~ 13","subquest","","","","","ManualTask"
"~|Song of the Elves|~ 14","subquest","","","","","ManualTask"
"~|Song of the Elves|~ 15","subquest","","","","","ManualTask"
"~|Song of the Elves|~ 16","subquest","","","","","ManualTask"
"~|Song of the Elves|~ 17","subquest","","","","","ManualTask"
"~|Song of the Elves|~ 18","subquest","","","","","ManualTask"
"~|Song of the Elves|~ 19","subquest","","","","","ManualTask"
"~|Song of the Elves|~ 20","subquest","","","","","ManualTask"
"~|Song of the Elves|~ 21","subquest","","","","","ManualTask"
"~|Song of the Elves|~ 22","subquest","","","","","ManualTask"
"~|Song of the Elves|~ 23","subquest","","","","","ManualTask"
"~|Song of the Elves|~ 24","subquest","","","","","ManualTask"
"~|Song of the Elves|~ 25","subquest","","","","","ManualTask"
"~|Song of the Elves|~ 26","subquest","","","","","ManualTask"
"~|Song of the Elves|~ 27","subquest","","","","","ManualTask"
"~|Song of the Elves|~ 28","subquest","","","","","ManualTask"
"~|Song of the Elves|~ 29","subquest","","","","","ManualTask"
"~|Song of the Elves|~ 30","subquest","","","","","ManualTask"
"~|Song of the Elves|~ 31","subquest","","","","","ManualTask"
"~|Song of the Elves|~ 32","subquest","","","","","ManualTask"
"~|Song of the Elves|~ 33","subquest","","","","","ManualTask"
"Quest: Song of the Elves","quest","","","","","QuestTask"
"~|A Soul's Bane|~ 1","subquest","","","","","ManualTask"
"~|A Soul's Bane|~ 2","subquest","","","","","ManualTask"
"~|A Soul's Bane|~ 3","subquest","","","","","ManualTask"
"Quest: A Soul's Bane","quest","","","","","QuestTask"
"~|Spirits of the Elid|~ 1","subquest","","","","","ManualTask"
"~|Spirits of the Elid|~ 2","subquest","","","","","ManualTask"
"~|Spirits of the Elid|~ 3","subquest","","","","","ManualTask"
"~|Spirits of the Elid|~ 4","subquest","","","","","ManualTask"
"~|Spirits of the Elid|~ 5","subquest","","","","","ManualTask"
"~|Spirits of the Elid|~ 6","subquest","","","","","ManualTask"
"Quest: Spirits of the Elid","quest","","","","","QuestTask"
"~|Swan Song|~ 1","subquest","","","","","ManualTask"
"~|Swan Song|~ 2","subquest","","","","","ManualTask"
"~|Swan Song|~ 3","subquest","","","","","ManualTask"
"~|Swan Song|~ 4a","subquest","","","","","ManualTask"
"~|Swan Song|~ 4b","subquest","","","","","ManualTask"
"~|Swan Song|~ 5","subquest","","","","","ManualTask"
"~|Swan Song|~ 6","subquest","","","","","ManualTask"
"~|Swan Song|~ 7","subquest","","","","","ManualTask"
"~|Swan Song|~ 8","subquest","","","","","ManualTask"
"~|Swan Song|~ 9","subquest","","","","","ManualTask"
"~|Swan Song|~ 10","subquest","","","","","ManualTask"
"Quest: Swan Song","quest","","","","","QuestTask"
"~|Tai Bwo Wannai Trio|~ 1","subquest","","","","","ManualTask"
"~|Tai Bwo Wannai Trio|~ 2","subquest","","","","","ManualTask"
"~|Tai Bwo Wannai Trio|~ 3","subquest","","","","","ManualTask"
"~|Tai Bwo Wannai Trio|~ 4","subquest","","","","","ManualTask"
"~|Tai Bwo Wannai Trio|~ 5","subquest","","","","","ManualTask"
"~|Tai Bwo Wannai Trio|~ 6","subquest","","","","","ManualTask"
"~|Tai Bwo Wannai Trio|~ 7","subquest","","","","","ManualTask"
"~|Tai Bwo Wannai Trio|~ 8","subquest","","","","","ManualTask"
"~|Tai Bwo Wannai Trio|~ 9","subquest","","","","","ManualTask"
"~|Tai Bwo Wannai Trio|~ 10","subquest","","","","","ManualTask"
"~|Tai Bwo Wannai Trio|~ 11","subquest","","","","","ManualTask"
"~|Tai Bwo Wannai Trio|~ 12","subquest","","","","","ManualTask"
"~|Tai Bwo Wannai Trio|~ 13","subquest","","","","","ManualTask"
"Quest: Tai Bwo Wannai Trio","quest","","","","","QuestTask"
"~|A Tail of Two Cats|~ 1","subquest","","","","","ManualTask"
"~|A Tail of Two Cats|~ 2","subquest","","","","","ManualTask"
"~|A Tail of Two Cats|~ 3","subquest","","","","","ManualTask"
"~|A Tail of Two Cats|~ 4","subquest","","","","","ManualTask"
"~|A Tail of Two Cats|~ 5","subquest","","","","","ManualTask"
"~|A Tail of Two Cats|~ 6","subquest","","","","","ManualTask"
"~|A Tail of Two Cats|~ 7a","subquest","","","","","ManualTask"
"~|A Tail of Two Cats|~ 7b","subquest","","","","","ManualTask"
"~|A Tail of Two Cats|~ 7c","subquest","","","","","ManualTask"
"~|A Tail of Two Cats|~ 7d","subquest","","","","","ManualTask"
"~|A Tail of Two Cats|~ 7e","subquest","","","","","ManualTask"
"~|A Tail of Two Cats|~ 8","subquest","","","","","ManualTask"
"~|A Tail of Two Cats|~ 9","subquest","","","","","ManualTask"
"~|A Tail of Two Cats|~ 10","subquest","","","","","ManualTask"
"~|A Tail of Two Cats|~ 11","subquest","","","","","ManualTask"
"Quest: A Tail of Two Cats","quest","","","","","QuestTask"
"~|Tale of the Righteous|~ 1","subquest","","","","","ManualTask"
"~|Tale of the Righteous|~ 2","subquest","","","","","ManualTask"
"~|Tale of the Righteous|~ 3","subquest","","","","","ManualTask"
"~|Tale of the Righteous|~ 4","subquest","","","","","ManualTask"
"~|Tale of the Righteous|~ 5","subquest","","","","","ManualTask"
"~|Tale of the Righteous|~ 6","subquest","","","","","ManualTask"
"~|Tale of the Righteous|~ 7","subquest","","","","","ManualTask"
"~|Tale of the Righteous|~ 8","subquest","","","","","ManualTask"
"~|Tale of the Righteous|~ 9","subquest","","","","","ManualTask"
"~|Tale of the Righteous|~ 10","subquest","","","","","ManualTask"
"Quest: Tale of the Righteous","quest","","","","","QuestTask"
"~|A Taste of Hope|~ 1","subquest","","","","","ManualTask"
"~|A Taste of Hope|~ 2","subquest","","","","","ManualTask"
"~|A Taste of Hope|~ 3","subquest","","","","","ManualTask"
"~|A Taste of Hope|~ 4","subquest","","","","","ManualTask"
"~|A Taste of Hope|~ 5","subquest","","","","","ManualTask"
"~|A Taste of Hope|~ 6","subquest","","","","","ManualTask"
"~|A Taste of Hope|~ 7","subquest","","","","","ManualTask"
"~|A Taste of Hope|~ 8","subquest","","","","","ManualTask"
"~|A Taste of Hope|~ 9","subquest","","","","","ManualTask"
"~|A Taste of Hope|~ 10","subquest","","","","","ManualTask"
"~|A Taste of Hope|~ 11","subquest","","","","","ManualTask"
"~|A Taste of Hope|~ 12","subquest","","","","","ManualTask"
"Quest: A Taste of Hope","quest","","","","","QuestTask"
"~|Tears of Guthix|~ 1","subquest","","","","","ManualTask"
"Quest: Tears of Guthix","quest","","","","","QuestTask"
"~|Temple of Ikov|~ 1","subquest","","","","","ManualTask"
"~|Temple of Ikov|~ 2","subquest","","","","","ManualTask"
"~|Temple of Ikov|~ 3","subquest","","","","","ManualTask"
"~|Temple of Ikov|~ 4","subquest","","","","","ManualTask"
"~|Temple of Ikov|~ 5","subquest","","","","","ManualTask"
"Quest: Temple of Ikov","quest","","","","","QuestTask"
"~|Temple of the Eye|~ 1","subquest","","","","","ManualTask"
"~|Temple of the Eye|~ 2","subquest","","","","","ManualTask"
"~|Temple of the Eye|~ 3","subquest","","","","","ManualTask"
"~|Temple of the Eye|~ 4","subquest","","","","","ManualTask"
"~|Temple of the Eye|~ 5","subquest","","","","","ManualTask"
"~|Temple of the Eye|~ 6","subquest","","","","","ManualTask"
"~|Temple of the Eye|~ 7","subquest","","","","","ManualTask"
"~|Temple of the Eye|~ 8","subquest","","","","","ManualTask"
"~|Temple of the Eye|~ 9","subquest","","","","","ManualTask"
"Quest: Temple of the Eye","quest","","","","","QuestTask"
"~|Throne of Miscellania|~ 1","subquest","","","","","ManualTask"
"~|Throne of Miscellania|~ 2","subquest","","","","","ManualTask"
"~|Throne of Miscellania|~ 3","subquest","","","","","ManualTask"
"~|Throne of Miscellania|~ 4","subquest","","","","","ManualTask"
"~|Throne of Miscellania|~ 5","subquest","","","","","ManualTask"
"~|Throne of Miscellania|~ 6","subquest","","","","","ManualTask"
"~|Throne of Miscellania|~ 7","subquest","","","","","ManualTask"
"~|Throne of Miscellania|~ 8","subquest","","","","","ManualTask"
"~|Throne of Miscellania|~ 9","subquest","","","","","ManualTask"
"~|Throne of Miscellania|~ 10","subquest","","","","","ManualTask"
"~|Throne of Miscellania|~ 11","subquest","","","","","ManualTask"
"~|Throne of Miscellania|~ 12","subquest","","","","","ManualTask"
"~|Throne of Miscellania|~ 13","subquest","","","","","ManualTask"
"Quest: Throne of Miscellania","quest","","","","","QuestTask"
"~|The Tourist Trap|~ 1","subquest","","","","","ManualTask"
"~|The Tourist Trap|~ 2","subquest","","","","","ManualTask"
"~|The Tourist Trap|~ 3","subquest","","","","","ManualTask"
"~|The Tourist Trap|~ 4","subquest","","","","","ManualTask"
"~|The Tourist Trap|~ 5","subquest","","","","","ManualTask"
"~|The Tourist Trap|~ 6","subquest","","","","","ManualTask"
"~|The Tourist Trap|~ 7","subquest","","","","","ManualTask"
"~|The Tourist Trap|~ 8","subquest","","","","","ManualTask"
"~|The Tourist Trap|~ 9","subquest","","","","","ManualTask"
"~|The Tourist Trap|~ 10","subquest","","","","","ManualTask"
"Quest: The Tourist Trap","quest","","","","","QuestTask"
"~|Tower of Life|~ 1","subquest","","","","","ManualTask"
"~|Tower of Life|~ 2a","subquest","","","","","ManualTask"
"~|Tower of Life|~ 2b","subquest","","","","","ManualTask"
"~|Tower of Life|~ 2c","subquest","","","","","ManualTask"
"~|Tower of Life|~ 2d","subquest","","","","","ManualTask"
"~|Tower of Life|~ 3","subquest","","","","","ManualTask"
"~|Tower of Life|~ 4","subquest","","","","","ManualTask"
"~|Tower of Life|~ 5","subquest","","","","","ManualTask"
"~|Tower of Life|~ 6","subquest","","","","","ManualTask"
"Quest: Tower of Life","quest","","","","","QuestTask"
"~|Tree Gnome Village|~ 1","subquest","","","","","ManualTask"
"~|Tree Gnome Village|~ 2","subquest","","","","","ManualTask"
"~|Tree Gnome Village|~ 3","subquest","","","","","ManualTask"
"~|Tree Gnome Village|~ 4","subquest","","","","","ManualTask"
"~|Tree Gnome Village|~ 5","subquest","","","","","ManualTask"
"~|Tree Gnome Village|~ 6","subquest","","","","","ManualTask"
"Quest: Tree Gnome Village","quest","","","","","QuestTask"
"~|Tribal Totem|~ 1","subquest","","","","","ManualTask"
"~|Tribal Totem|~ 2","subquest","","","","","ManualTask"
"~|Tribal Totem|~ 3","subquest","","","","","ManualTask"
"Quest: Tribal Totem","quest","","","","","QuestTask"
"~|Troll Romance|~ 1","subquest","","","","","ManualTask"
"~|Troll Romance|~ 2","subquest","","","","","ManualTask"
"~|Troll Romance|~ 3","subquest","","","","","ManualTask"
"~|Troll Romance|~ 4","subquest","","","","","ManualTask"
"~|Troll Romance|~ 5","subquest","","","","","ManualTask"
"~|Troll Romance|~ 6","subquest","","","","","ManualTask"
"~|Troll Romance|~ 7","subquest","","","","","ManualTask"
"~|Troll Romance|~ 8","subquest","","","","","ManualTask"
"Quest: Troll Romance","quest","","","","","QuestTask"
"~|Troll Stronghold|~ 1","subquest","","","","","ManualTask"
"~|Troll Stronghold|~ 2","subquest","","","","","ManualTask"
"~|Troll Stronghold|~ 3","subquest","","","","","ManualTask"
"~|Troll Stronghold|~ 4","subquest","","","","","ManualTask"
"Quest: Troll Stronghold","quest","","","","","QuestTask"
"~|Twilight's Promise|~ 1","subquest","","","","","ManualTask"
"~|Twilight's Promise|~ 2","subquest","","","","","ManualTask"
"~|Twilight's Promise|~ 3","subquest","","","","","ManualTask"
"~|Twilight's Promise|~ 4","subquest","","","","","ManualTask"
"~|Twilight's Promise|~ 5a","subquest","","","","","ManualTask"
"~|Twilight's Promise|~ 5b1","subquest","","","","","ManualTask"
"~|Twilight's Promise|~ 5b2","subquest","","","","","ManualTask"
"~|Twilight's Promise|~ 5c1","subquest","","","","","ManualTask"
"~|Twilight's Promise|~ 5c2","subquest","","","","","ManualTask"
"~|Twilight's Promise|~ 5d","subquest","","","","","ManualTask"
"~|Twilight's Promise|~ 6","subquest","","","","","ManualTask"
"~|Twilight's Promise|~ 7","subquest","","","","","ManualTask"
"~|Twilight's Promise|~ 8","subquest","","","","","ManualTask"
"~|Twilight's Promise|~ 9","subquest","","","","","ManualTask"
"Quest: Twilight's Promise","quest","","","","","QuestTask"
"~|Underground Pass|~ 1","subquest","","","","","ManualTask"
"~|Underground Pass|~ 2","subquest","","","","","ManualTask"
"~|Underground Pass|~ 3","subquest","","","","","ManualTask"
"~|Underground Pass|~ 4","subquest","","","","","ManualTask"
"~|Underground Pass|~ 5","subquest","","","","","ManualTask"
"~|Underground Pass|~ 6","subquest","","","","","ManualTask"
"~|Underground Pass|~ 7","subquest","","","","","ManualTask"
"~|Underground Pass|~ 8","subquest","","","","","ManualTask"
"Quest: Underground Pass","quest","","","","","QuestTask"
"~|Wanted!|~ 1","subquest","","","","","ManualTask"
"~|Wanted!|~ 2","subquest","","","","","ManualTask"
"~|Wanted!|~ 3","subquest","","","","","ManualTask"
"~|Wanted!|~ 4","subquest","","","","","ManualTask"
"~|Wanted!|~ 5","subquest","","","","","ManualTask"
"~|Wanted!|~ 6","subquest","","","","","ManualTask"
"~|Wanted!|~ 7","subquest","","","","","ManualTask"
"~|Wanted!|~ 8","subquest","","","","","ManualTask"
"~|Wanted!|~ 9","subquest","","","","","ManualTask"
"~|Wanted!|~ 10","subquest","","","","","ManualTask"
"~|Wanted!|~ 11","subquest","","","","","ManualTask"
"~|Wanted!|~ 12","subquest","","","","","ManualTask"
"~|Wanted!|~ 13","subquest","","","","","ManualTask"
"Quest: Wanted!","quest","","","","","QuestTask"
"~|Watchtower|~ 1","subquest","","","","","ManualTask"
"~|Watchtower|~ 2","subquest","","","","","ManualTask"
"~|Watchtower|~ 3","subquest","","","","","ManualTask"
"~|Watchtower|~ 4","subquest","","","","","ManualTask"
"~|Watchtower|~ 5","subquest","","","","","ManualTask"
"~|Watchtower|~ 6","subquest","","","","","ManualTask"
"~|Watchtower|~ 7","subquest","","","","","ManualTask"
"~|Watchtower|~ 8","subquest","","","","","ManualTask"
"~|Watchtower|~ 9","subquest","","","","","ManualTask"
"~|Watchtower|~ 10","subquest","","","","","ManualTask"
"~|Watchtower|~ 11","subquest","","","","","ManualTask"
"~|Watchtower|~ 12","subquest","","","","","ManualTask"
"~|Watchtower|~ 13","subquest","","","","","ManualTask"
"~|Watchtower|~ 14","subquest","","","","","ManualTask"
"~|Watchtower|~ 15","subquest","","","","","ManualTask"
"~|Watchtower|~ 16","subquest","","","","","ManualTask"
"~|Watchtower|~ 17","subquest","","","","","ManualTask"
"~|Watchtower|~ 18","subquest","","","","","ManualTask"
"~|Watchtower|~ 19","subquest","","","","","ManualTask"
"Quest: Watchtower","quest","","","","","QuestTask"
"~|Waterfall Quest|~ 1","subquest","","","","","ManualTask"
"~|Waterfall Quest|~ 2","subquest","","","","","ManualTask"
"~|Waterfall Quest|~ 3","subquest","","","","","ManualTask"
"~|Waterfall Quest|~ 4","subquest","","","","","ManualTask"
"~|Waterfall Quest|~ 5","subquest","","","","","ManualTask"
"~|Waterfall Quest|~ 6","subquest","","","","","ManualTask"
"Quest: Waterfall Quest","quest","","","","","QuestTask"
"~|What Lies Below|~ 1","subquest","","","","","ManualTask"
"~|What Lies Below|~ 2","subquest","","","","","ManualTask"
"~|What Lies Below|~ 3","subquest","","","","","ManualTask"
"~|What Lies Below|~ 4","subquest","","","","","ManualTask"
"~|What Lies Below|~ 5","subquest","","","","","ManualTask"
"~|What Lies Below|~ 6","subquest","","","","","ManualTask"
"~|What Lies Below|~ 7","subquest","","","","","ManualTask"
"~|What Lies Below|~ 8","subquest","","","","","ManualTask"
"~|What Lies Below|~ 9","subquest","","","","","ManualTask"
"~|What Lies Below|~ 10","subquest","","","","","ManualTask"
"Quest: What Lies Below","quest","","","","","QuestTask"
"~|While Guthix Sleeps|~ 1","subquest","","","","","ManualTask"
"~|While Guthix Sleeps|~ 2","subquest","","","","","ManualTask"
"~|While Guthix Sleeps|~ 3","subquest","","","","","ManualTask"
"~|While Guthix Sleeps|~ 4","subquest","","","","","ManualTask"
"~|While Guthix Sleeps|~ 5","subquest","","","","","ManualTask"
"~|While Guthix Sleeps|~ 6","subquest","","","","","ManualTask"
"~|While Guthix Sleeps|~ 7","subquest","","","","","ManualTask"
"~|While Guthix Sleeps|~ 8","subquest","","","","","ManualTask"
"~|While Guthix Sleeps|~ 9","subquest","","","","","ManualTask"
"~|While Guthix Sleeps|~ 10","subquest","","","","","ManualTask"
"~|While Guthix Sleeps|~ 11","subquest","","","","","ManualTask"
"~|While Guthix Sleeps|~ 12","subquest","","","","","ManualTask"
"~|While Guthix Sleeps|~ 13","subquest","","","","","ManualTask"
"~|While Guthix Sleeps|~ 14","subquest","","","","","ManualTask"
"~|While Guthix Sleeps|~ 15","subquest","","","","","ManualTask"
"~|While Guthix Sleeps|~ 16","subquest","","","","","ManualTask"
"~|While Guthix Sleeps|~ 17","subquest","","","","","ManualTask"
"~|While Guthix Sleeps|~ 18","subquest","","","","","ManualTask"
"~|While Guthix Sleeps|~ 19","subquest","","","","","ManualTask"
"~|While Guthix Sleeps|~ 20","subquest","","","","","ManualTask"
"~|While Guthix Sleeps|~ 21","subquest","","","","","ManualTask"
"~|While Guthix Sleeps|~ 22","subquest","","","","","ManualTask"
"~|While Guthix Sleeps|~ 23","subquest","","","","","ManualTask"
"~|While Guthix Sleeps|~ 24","subquest","","","","","ManualTask"
"~|While Guthix Sleeps|~ 25","subquest","","","","","ManualTask"
"Quest: While Guthix Sleeps","quest","","","","","QuestTask"
"~|Witch's House|~ 1","subquest","","","","","ManualTask"
"~|Witch's House|~ 2","subquest","","","","","ManualTask"
"~|Witch's House|~ 3","subquest","","","","","ManualTask"
"~|Witch's House|~ 4","subquest","","","","","ManualTask"
"~|Witch's House|~ 5","subquest","","","","","ManualTask"
"Quest: Witch's House","quest","","","","","QuestTask"
"~|Zogre Flesh Eaters|~ 1","subquest","","","","","ManualTask"
"~|Zogre Flesh Eaters|~ 2","subquest","","","","","ManualTask"
"~|Zogre Flesh Eaters|~ 3","subquest","","","","","ManualTask"
"~|Zogre Flesh Eaters|~ 4","subquest","","","","","ManualTask"
"~|Zogre Flesh Eaters|~ 5","subquest","","","","","ManualTask"
"~|Zogre Flesh Eaters|~ 6","subquest","","","","","ManualTask"
"~|Zogre Flesh Eaters|~ 7","subquest","","","","","ManualTask"
"~|Zogre Flesh Eaters|~ 8","subquest","","","","","ManualTask"
"~|Zogre Flesh Eaters|~ 9","subquest","","","","","ManualTask"
"~|Zogre Flesh Eaters|~ 10","subquest","","","","","ManualTask"
"Quest: Zogre Flesh Eaters","quest","","","","","QuestTask"
"~|Alfred Grimhand's Barcrawl|~ 1","subquest","","","","","ManualTask"
"~|Alfred Grimhand's Barcrawl|~ 2a","subquest","","","","","ManualTask"
"~|Alfred Grimhand's Barcrawl|~ 2b","subquest","","","","","ManualTask"
"~|Alfred Grimhand's Barcrawl|~ 2c","subquest","","","","","ManualTask"
"~|Alfred Grimhand's Barcrawl|~ 2d","subquest","","","","","ManualTask"
"~|Alfred Grimhand's Barcrawl|~ 2e","subquest","","","","","ManualTask"
"~|Alfred Grimhand's Barcrawl|~ 2f","subquest","","","","","ManualTask"
"~|Alfred Grimhand's Barcrawl|~ 2g","subquest","","","","","ManualTask"
"~|Alfred Grimhand's Barcrawl|~ 2h","subquest","","","","","ManualTask"
"~|Alfred Grimhand's Barcrawl|~ 2i","subquest","","","","","ManualTask"
"~|Alfred Grimhand's Barcrawl|~ 2j","subquest","","","","","ManualTask"
"~|Alfred Grimhand's Barcrawl|~ 3","subquest","","","","","ManualTask"
"Quest: Alfred Grimhand's Barcrawl","quest","","","","","QuestTask"
"~|Barbarian Training|~ 1","subquest","","","","","ManualTask"
"~|Barbarian Training|~ 2a1","subquest","","","","","ManualTask"
"~|Barbarian Training|~ 2a2","subquest","","","","","ManualTask"
"~|Barbarian Training|~ 2b1","subquest","","","","","ManualTask"
"~|Barbarian Training|~ 2b2","subquest","","","","","ManualTask"
"~|Barbarian Training|~ 2c1","subquest","","","","","ManualTask"
"~|Barbarian Training|~ 2c2","subquest","","","","","ManualTask"
"~|Barbarian Training|~ 2c3","subquest","","","","","ManualTask"
"~|Barbarian Training|~ 2c4","subquest","","","","","ManualTask"
"~|Barbarian Training|~ 2c5a1","subquest","","","","","ManualTask"
"~|Barbarian Training|~ 2c5a2","subquest","","","","","ManualTask"
"~|Barbarian Training|~ 2c5a3","subquest","","","","","ManualTask"
"~|Barbarian Training|~ 2c5a4","subquest","","","","","ManualTask"
"~|Barbarian Training|~ 2c5b1","subquest","","","","","ManualTask"
"~|Barbarian Training|~ 2c5b2","subquest","","","","","ManualTask"
"~|Barbarian Training|~ 2d1","subquest","","","","","ManualTask"
"~|Barbarian Training|~ 2d2","subquest","","","","","ManualTask"
"~|Barbarian Training|~ 2d3","subquest","","","","","ManualTask"
"~|Barbarian Training|~ 2d4","subquest","","","","","ManualTask"
"Quest: Barbarian Training","quest","","","","","QuestTask"
"~|Bear Your Soul|~ 1","subquest","","","","","ManualTask"
"~|Bear Your Soul|~ 2","subquest","","","","","ManualTask"
"~|Bear Your Soul|~ 3","subquest","","","","","ManualTask"
"~|Bear Your Soul|~ 4","subquest","","","","","ManualTask"
"Quest: Bear Your Soul","quest","","","","","QuestTask"
"~|Curse of the Empty Lord|~ 1","subquest","","","","","ManualTask"
"~|Curse of the Empty Lord|~ 2a1","subquest","","","","","ManualTask"
"~|Curse of the Empty Lord|~ 2a2","subquest","","","","","ManualTask"
"~|Curse of the Empty Lord|~ 2a3","subquest","","","","","ManualTask"
"~|Curse of the Empty Lord|~ 2a4","subquest","","","","","ManualTask"
"~|Curse of the Empty Lord|~ 2a5","subquest","","","","","ManualTask"
"~|Curse of the Empty Lord|~ 2b1","subquest","","","","","ManualTask"
"~|Curse of the Empty Lord|~ 2b2","subquest","","","","","ManualTask"
"~|Curse of the Empty Lord|~ 2b3","subquest","","","","","ManualTask"
"~|Curse of the Empty Lord|~ 2b4","subquest","","","","","ManualTask"
"~|Curse of the Empty Lord|~ 2b5","subquest","","","","","ManualTask"
"~|Curse of the Empty Lord|~ 2c1","subquest","","","","","ManualTask"
"~|Curse of the Empty Lord|~ 2c2","subquest","","","","","ManualTask"
"~|Curse of the Empty Lord|~ 2c3","subquest","","","","","ManualTask"
"~|Curse of the Empty Lord|~ 2c4","subquest","","","","","ManualTask"
"~|Curse of the Empty Lord|~ 2c5","subquest","","","","","ManualTask"
"Quest: Curse of the Empty Lord","quest","","","","","QuestTask"
"~|Daddy's Home|~ 1","subquest","","","","","ManualTask"
"~|Daddy's Home|~ 2","subquest","","","","","ManualTask"
"~|Daddy's Home|~ 3a","subquest","","","","","ManualTask"
"~|Daddy's Home|~ 3b","subquest","","","","","ManualTask"
"~|Daddy's Home|~ 3c1","subquest","","","","","ManualTask"
"~|Daddy's Home|~ 3c2","subquest","","","","","ManualTask"
"~|Daddy's Home|~ 3c3","subquest","","","","","ManualTask"
"~|Daddy's Home|~ 4","subquest","","","","","ManualTask"
"~|Daddy's Home|~ 5","subquest","","","","","ManualTask"
"Quest: Daddy's Home","quest","","","","","QuestTask"
"~|The Enchanted Key|~ 1","subquest","","","","","ManualTask"
"~|The Enchanted Key|~ 2","subquest","","","","","ManualTask"
"Quest: The Enchanted Key","quest","","","","","QuestTask"
"~|Enter the Abyss|~ 1","subquest","","","","","ManualTask"
"~|Enter the Abyss|~ 2","subquest","","","","","ManualTask"
"~|Enter the Abyss|~ 3","subquest","","","","","ManualTask"
"~|Enter the Abyss|~ 4","subquest","","","","","ManualTask"
"Quest: Enter the Abyss","quest","","","","","QuestTask"
"~|Family Pest|~ 1","subquest","","","","","ManualTask"
"~|Family Pest|~ 2a","subquest","","","","","ManualTask"
"~|Family Pest|~ 2b","subquest","","","","","ManualTask"
"~|Family Pest|~ 2c","subquest","","","","","ManualTask"
"~|Family Pest|~ 3","subquest","","","","","ManualTask"
"Quest: Family Pest","quest","","","","","QuestTask"
"~|The Frozen Door|~ 1","subquest","","","","","ManualTask"
"~|The Frozen Door|~ 2a","subquest","","","","","ManualTask"
"~|The Frozen Door|~ 2b","subquest","","","","","ManualTask"
"~|The Frozen Door|~ 2c","subquest","","","","","ManualTask"
"~|The Frozen Door|~ 2d","subquest","","","","","ManualTask"
"~|The Frozen Door|~ 3","subquest","","","","","ManualTask"
"~|The Frozen Door|~ 4","subquest","","","","","ManualTask"
"~|The Frozen Door|~ 5","subquest","","","","","ManualTask"
"Quest: The Frozen Door","quest","","","","","QuestTask"
"~|The General's Shadow|~ 1","subquest","","","","","ManualTask"
"~|The General's Shadow|~ 2","subquest","","","","","ManualTask"
"~|The General's Shadow|~ 3","subquest","","","","","ManualTask"
"~|The General's Shadow|~ 4a","subquest","","","","","ManualTask"
"~|The General's Shadow|~ 4b","subquest","","","","","ManualTask"
"~|The General's Shadow|~ 4c","subquest","","","","","ManualTask"
"~|The General's Shadow|~ 4d","subquest","","","","","ManualTask"
"~|The General's Shadow|~ 5","subquest","","","","","ManualTask"
"~|The General's Shadow|~ 6","subquest","","","","","ManualTask"
"Quest: The General's Shadow","quest","","","","","QuestTask"
"~|His Faithful Servants|~ 1","subquest","","","","","ManualTask"
"~|His Faithful Servants|~ 2","subquest","","","","","ManualTask"
"~|His Faithful Servants|~ 3","subquest","","","","","ManualTask"
"Quest: His Faithful Servants","quest","","","","","QuestTask"
"~|Hopespear's Will|~ 1","subquest","","","","","ManualTask"
"~|Hopespear's Will|~ 2","subquest","","","","","ManualTask"
"Quest: Hopespear's Will","quest","","","","","QuestTask"
"~|In Search of Knowledge|~ 1","subquest","","","","","ManualTask"
"~|In Search of Knowledge|~ 2","subquest","","","","","ManualTask"
"~|In Search of Knowledge|~ 3a","subquest","","","","","ManualTask"
"~|In Search of Knowledge|~ 3b","subquest","","","","","ManualTask"
"~|In Search of Knowledge|~ 3c","subquest","","","","","ManualTask"
"~|In Search of Knowledge|~ 4","subquest","","","","","ManualTask"
"Quest: In Search of Knowledge","quest","","","","","QuestTask"
"~|Into the Tombs|~ 1","subquest","","","","","ManualTask"
"~|Into the Tombs|~ 2","subquest","","","","","ManualTask"
"~|Into the Tombs|~ 3","subquest","","","","","ManualTask"
"Quest: Into the Tombs","quest","","","","","QuestTask"
"~|Lair of Tarn Razorlor|~ 1","subquest","","","","","ManualTask"
"Quest: Lair of Tarn Razorlor","quest","","","","","QuestTask"
"~|Mage Arena I|~ 1","subquest","","","","","ManualTask"
"~|Mage Arena I|~ 2","subquest","","","","","ManualTask"
"~|Mage Arena I|~ 3","subquest","","","","","ManualTask"
"Quest: Mage Arena I","quest","","","","","QuestTask"
"~|Mage Arena II|~ 1","subquest","","","","","ManualTask"
"~|Mage Arena II|~ 2","subquest","","","","","ManualTask"
"~|Mage Arena II|~ 3","subquest","","","","","ManualTask"
"Quest: Mage Arena II","quest","","","","","QuestTask"
"~|Skippy and the Mogres|~ 1","subquest","","","","","ManualTask"
"~|Skippy and the Mogres|~ 2","subquest","","","","","ManualTask"
"~|Skippy and the Mogres|~ 3","subquest","","","","","ManualTask"
"~|Skippy and the Mogres|~ 4","subquest","","","","","ManualTask"
"Quest: Skippy and the Mogres","quest","","","","","QuestTask"
"~|Vale Totems (miniquest)|~ 1","subquest","","","","","ManualTask"
"~|Vale Totems (miniquest)|~ 2","subquest","","","","","ManualTask"
"~|Vale Totems (miniquest)|~ 3","subquest","","","","","ManualTask"
"~|Vale Totems (miniquest)|~ 4","subquest","","","","","ManualTask"
"Quest: Vale Totems (miniquest)","quest","","","","","QuestTask"
